title,team,location,city,state,posted_date,job_id,source,first_seen_date,last_seen_date,semantic_similarity,worker_type,schedule_type,company_name,education,country,experience_level,application_deadline,url,description_short,description,vacancies,requirements
Administrativo de Existencias,Otra Área,"San Bernardo, Metropolitana de Santiago",San Bernardo,Metropolitana de Santiago,2026-09-04,6121470,carozzi,2026-09-06,2026-09-06,0.32,Administrativo,Jornada Completa,Empresas Carozzi S.A.,Técnico medio/ colegio técnico,Chile,1 años,2026-04-10,https://carozzi.trabajando.cl/trabajo-empleo/administrativo-de-existencias/trabajo/6121470,En Carozzi nos mueve hacer las cosas...,"En Carozzi nos mueve hacer las cosas bien, para que todos podamos compartir y disfrutar en un mejor entorno, y es por ello que desde hace más de 127 años estamos presentes en el mercado con más de 100 marcas como Costa, Ambrosoli, Vivo, Trattoria, Master Dog, Bresler y Pancho Villa, entre otras.
Somos una Compañía donde vivimos la innovación, la pasión por el trabajo bien hecho y el respeto por las personas, valorando la diversidad e inclusión, porque creemos que nuestras diferencias nos enriquecen como organización.
¡Un nuevo desafío te espera! 🚀😊 Buscamos personas con formación técnica en Administración, Contabilidad o carreras afines, con al menos 1 año de experiencia en cargos similares, para desempeñarse como Administrativo(a) de Existencias en nuestro Centro de Distribución.
¿Cuál será tu misión? 📘🖋
Realizar actividades de control sobre la recepción, almacenamiento y despacho de existencias en Centros de Distribución, Autoventas, Sucursales, Bodegas de Materiales y Productos Terminados, contribuyendo al orden, control y registro efectivo de insumos y productos, apoyando así la disminución de pérdidas operacionales.
¿Qué tendrás que hacer? 📦📊
Realizar inventarios y conteos físicos de insumos y productos terminados.
Elaborar reportes mensuales de existencias en Centros de Distribución, Autoventas, Sucursales y Bodegas.
Ejecutar controles asociados a la recepción y despacho de productos terminados.
Verificar y controlar los movimientos de existencias, asegurando la correcta trazabilidad de los productos.
Apoyar la gestión y control de decomisos en bodegas de materiales.
Mantener actualizados los registros de inventario y apoyar en la identificación de diferencias de stock.
Colaborar con las distintas áreas operativas para garantizar la exactitud de la información relacionada con existencias.
Cumplir con los procedimientos establecidos para el control y administración de inventarios.
Tenemos distintos beneficios para ti 🎁🎉
Casino.
Buses de acercamiento.
Seguro complementario de salud y seguro de vida.
Descuento en productos.
Gym y canchas deportivas.
Reajuste por IPC.
Estabilidad laboral y excelente ambiente de trabajo.
Entre muchos más que te invitamos a descubrir. 😎",1,"Técnico Nivel Medio en Administración y/o Contabilidad o Técnico nivel superior en Curso.
Al menos 1 año de experiencia en cargos relacionados.
Conocimientos en control de inventarios y gestión de stock.
Manejo de Microsoft Office.
Conocimientos de SAP. (Deseable, no excluyente).
Conocimientos de Power BI. (Deseable, no excluyente).
Capacidad de análisis, orden y atención al detalle."
Mecánico,Ventas,"San Bernardo, Metropolitana de Santiago",San Bernardo,Metropolitana de Santiago,2026-09-04,6107975,carozzi,2026-07-31,2026-09-06,0.3608,Técnico,Jornada Completa,Empresas Carozzi,Técnico profesional superior,Chile,,2026-09-29,https://carozzi.trabajando.cl/trabajo-empleo/mecanico/trabajo/6107975,En Carozzi tenemos como propósito dar...,"En Carozzi tenemos como propósito dar lo mejor de nosotros para que las personas puedan disfrutar más la vida, y es por ello que desde hace más de 126 años estamos presente en el mercado con más de 100 marcas como Costa🍫, Ambrosoli🍬, Vivo🥃, Trattoria🍝, Master Dog🐶, Bresler🍧 y Pancho Villa🌯, entre otras.
Somos una Compañía donde nos mueve la innovación, el respeto por las personas y la pasión por el trabajo bien hecho y queremos invitarte a postular al cargo de Mecánico.
Buscamos a personas con formación en las carreras Técnico nivel superior del área de mecánica, mantenimiento industrial o afín. Deseable con 2 años de experiencia en el área.
Misión🌟
Realizar diagnóstico, reparación y acondicionamiento sobre equipos y maquinarias de componentes mecánicos y electromecánicos, con el propósito de contribuir a la operatividad, eficiencia y continuidad productiva de los equipos y maquinarias de la planta.
¿Qué tienes que hacer?📘🖋
Realizar diagnóstico y reparación de fallas mecánicas en equipos, maquinarias y componentes, participando en los análisis de falla respectivos.
Ejecutar mantenciones preventivas y correctivas a equipos, maquinarias e instalaciones, aplicando técnicas de mantenimiento que permitan dar continuidad a los procesos productivos, considerando confiabilidad, calidad, seguridad y costo global.
Realizar la modificación y/o construcción de componentes mecánicos según se requiera.
Realizar propuestas de medidas para la mejora de los procesos de mantenimiento mecánico.
Tenemos distintos beneficios para ti🎁🎉
Casino.
Buses de acercamiento.
Seguro complementario, de vida entre otros
Descuento en productos.
Gym y canchas deportivas.
Reajuste por IPC.
Estabilidad laboral y buen ambiente laboral.
Entre muchos más que te invitamos a descubrir.",1,"Técnico nivel superior del área de mecánica, mantenimiento industrial o similar.
Deseable con 2 años de experiencia.
Deseable manejo de SAP."
Supervisor de Producción - San Bernardo,Otra Área,"San Bernardo, Metropolitana de Santiago",San Bernardo,Metropolitana de Santiago,2026-09-04,6121451,carozzi,2026-09-06,2026-09-06,0.3545,Ingeniero,Por Turnos,Empresas Carozzi S.A.,Universitaria,Chile,2 años,2026-03-11,https://carozzi.trabajando.cl/trabajo-empleo/supervisor-de-produccion-san-bernardo/trabajo/6121451,En Carozzi nos mueve hacer las cosas...,"En Carozzi nos mueve hacer las cosas bien, para que todos podamos compartir y disfrutar en un mejor entorno, y es por ello que desde hace más de 127 años estamos presentes en el mercado con más de 100 marcas como Costa, Ambrosoli, Vivo, Trattoria, Master Dog, Bresler y Pancho Villa, entre otras.
Somos una Compañía donde vivimos la innovación, la pasión por el trabajo bien hecho y el respeto por las personas, valorando la diversidad e inclusión, porque creemos que nuestras diferencias nos enriquecen como organización.
Un nuevo desafío te espera! 🚀😊 Nuestra planta de San Bernardo está en busca de su próximo Supervisor de Producción.
Buscamos a personas con Formación Técnica Profesional de las carreras de Mecánica, Química, Eléctrica y/o Ingeniería Industrial, Ingeniería en Alimentos, Ingeniería Mecánica o carrera afín. Idealmente con 2 años de experiencia en roles similares.
Misión: Supervisar y coordinar en terreno, al grupo de turno asignado, en cuanto a los procesos involucrados en la producción con el fin de mantener operativas las líneas productivas y lograr el cumplimiento del programa de acuerdo a los estándares de calidad y productividad establecidos.
¿Qué tienes que hacer?
Inspeccionar y monitorear el avance del programa de producción de las líneas a su cargo, asignando personal de operación en los equipos, revisando las condiciones de entrega y recibo de turno y realizando cambios en la secuencia de trabajo, previniendo sobrecargas en los procesos posteriores.
Analizar el programa de producción, revisando su secuencia, congestiones, solucionando problemas de procesos e investigando reclamos internos y externos que pudieran afectar la calidad de los productos.
Revisar el funcionamiento de instalaciones y equipos en la planta, así como monitorear los tiempos de trabajo del personal y equipos a cargos e implementar procesos de mejora continua.
Tenemos distintos beneficios para ti:
Casino.
Buses de acercamiento.
Seguro complementario.
Descuentos en productos.
Gym.
Reajuste por IPC.
Estabilidad y buen ambiente laboral.
Entre muchos más que te invitamos a descubrir...
Si te atraen los desafíos, te invitamos a postular y vivir la experiencia Carozzi.",1,"Formación Universitaria de las carreras de Ingeniería Industrial, Ingeniería en Alimentos, Ingeniería Mecánica o carrera afín.
Idealmente tener 2 años de experiencia en cargos similares.
Manejo de Microsoft Office nivel intermedio.
Conocimiento en sistema SAP (deseable).
Conocimiento en Metodología TPM (deseable)."
Coordinador/a de Experiencia y Satisfacción,Otra Área,"San Bernardo, Metropolitana de Santiago",San Bernardo,Metropolitana de Santiago,2026-09-03,6121177,carozzi,2026-09-06,2026-09-06,0.3129,Coordinador,Jornada Completa,Empresas Carozzi S.A.,Universitaria,Chile,3 años,2026-02-11,https://carozzi.trabajando.cl/trabajo-empleo/coordinador-a-de-experiencia-y-satisfaccion/trabajo/6121177,En Carozzi nos mueve hacer las cosas...,"En Carozzi nos mueve hacer las cosas bien, para que todos podamos compartir y disfrutar en un mejor entorno, y es por ello que desde hace más de 127 años estamos presentes en el mercado con más de 100 marcas como Costa, Ambrosoli, Vivo, Trattoria, Master Dog, Bresler y Pancho Villa, entre otras.
Somos una Compañía donde vivimos la innovación, la pasión por el trabajo bien hecho y el respeto por las personas, valorando la diversidad e inclusión, porque creemos que nuestras diferencias nos enriquecen como organización.
¡Un nuevo desafío te espera! 🚀😊 Para una trabajar en nuestro Centro Industrial ubicado en San Bernardo, buscamos Coordinador/a de Experiencia y Satisfacción. Se requiere profesional formación universitaria en Ingeniería Comercial, Ingeniero Agroindustrial o similar. Con al menos 5 años de experiencia en cargo similar.
Misión🌟
Coordinar el servicio de atención a los grupos de interés, de acuerdo con los procedimientos establecidos, indicando los KPI de desempeño y satisfacción del cliente, con el fin de contribuir a la entrega de soluciones acordes a las necesidades de los mismos.
¿Qué tienes que hacer? 🖋
Supervisar, implementar y realizar el seguimiento los indicadores de lealtad, índice de satisfacción neta entre otros para los distintos grupos de interés.
Controlar y auditar los procedimientos y procesos de servicio al cliente en los distintos países de acuerdo a la data recopilada del area.
Supervisar y controlar el proceso de donaciones y de reposición en la entrega de muestras y reclamos entregando la data recopilada a las plantas productivas.
Establecer estrategias de fidelización a los consumidores mediante los acuerdos efectuados en cada contacto y evaluar las oportunidades de mejora de los productos de la Compañía.
Supervisar los reclamos repetitivos en la compañía, generando alertas.
Dirigir las iniciativas de sensibilización en la organización de manera que las distintas áreas de la Compañía tengan una visión más cercana a la de los consumidores.
Verificar que las donaciones recibidas por el call center cumplan con la política de donaciones, las cláusulas de prevención de delitos ley de etiquetado y cohecho.
Tenemos distintos beneficios para ti🎁🎉
Casino.
Buses de acercamiento.
Seguro complementario, de vida, entre otros.
Descuento en productos.
Gym y canchas deportivas.
Reajuste por IPC.
Estabilidad laboral y buen ambiente laboral.
Entre muchos más que te invitamos a descubrir.",1,"Contar con formación profesional de Ingeniería Comercial, Ingeniero Agroindustrial o similar.
Contar con al menos 3 años de experiencia en cargos similares.
Microsoft Office nivel usuario.
Inglés (deseable).
Manejo de power BI (deseable)."
Supervisor de Mantenimiento - Nos,Otra Área,"San Bernardo, Metropolitana de Santiago",San Bernardo,Metropolitana de Santiago,2026-09-03,6120870,carozzi,2026-09-06,2026-09-06,0.3768,Supervisor,Jornada Completa,Empresas Carozzi S.A.,Técnico profesional superior,Chile,3 años,2026-02-11,https://carozzi.trabajando.cl/trabajo-empleo/supervisor-de-mantenimiento-nos/trabajo/6120870,En Carozzi nos mueve hacer las cosas...,"En Carozzi nos mueve hacer las cosas bien, para que todos podamos compartir y disfrutar en un mejor entorno, y es por ello que desde hace más de 128 años estamos presente en el mercado con más de 100 marcas como Costa, Ambrosoli🍬, Vivo🥃, Trattoria🍝, Master Dog🐶, Bresler🍧 y Pancho Villa🌯, entre otras.
Somos una Compañía donde vivimos la innovación, la pasión por el trabajo bien hecho y el respeto por las personas, valorando la diversidad e inclusión, porque creemos que nuestras diferencias nos enriquecen como organización.
¡Un nuevo desafío te espera! 🚀😊 El equipo de Mantenimiento está en busca de su próximo Supervisor de Mantenimiento.
Buscamos a personas con formación universitaria en el área Eléctrica, Electrónica, Mecánica, Industrial o similar, y con almenos 3 años de experiencia liderando equipos de mantenimiento.
Misión: Gestionar y ejecutar las actividades de mantenimiento mediante el uso eficiente de los recursos disponibles, garantizando el correcto funcionamiento de las instalaciones y apoyando la continuidad y productividad de las operaciones.
¿Qué tienes que hacer?
Gestión de la planificación y recursos de mantenimiento Administrar las actividades de mantenimiento de las áreas asignadas, asegurando una adecuada utilización de recursos humanos, materiales y servicios externos, con foco en la continuidad operativa y el control presupuestario.
Seguimiento del desempeño y confiabilidad de equipos Evaluar el comportamiento operacional de los activos productivos, identificando desviaciones, tendencias y oportunidades de intervención que permitan reducir fallas y mejorar su disponibilidad.
Aseguramiento de estándares operacionales Velar por el cumplimiento de las prácticas y procedimientos establecidos en materia de seguridad, calidad y mantenimiento, garantizando condiciones adecuadas para la operación de los equipos e instalaciones.
Optimización de procesos y gestión de mejoras Liderar iniciativas orientadas a incrementar la eficiencia de los procesos de mantenimiento, promoviendo la implementación de mejoras, estandarización de prácticas y adopción de nuevas metodologías de trabajo.
Ejecutar otras funciones inherentes al cargo o requeridas por situaciones excepcionales, contribuyendo a la continuidad operativa y al cumplimiento de los objetivos del área.
Tenemos distintos beneficios para ti:
Casino🍳.
Buses de acercamiento🚍.
Descuento en productos.🛒
Gimnasio y canchas deportivas.🤸
Estabilidad laboral y buen ambiente laboral.😄
Entre muchos más que te invitamos a descubrir.😎
¡Súmate a nuestro equipo y vive la Experiencia Carozzi!😊",1,"¿Qué necesitas para desempeñar este cargo?
Formación Académica: Técnico de Nivel Superior o Universitario en área Eléctrica, Electrónica, Mecánica, Mantenimiento, Industrial o similar.
Experiencia: Desde 3 años de experiencia liderando equipos de mantenimiento (deseable en industria alimentaria)
Excel intermedio.
Deseables conocimientos con metodología TPM.
Se valorará la experiencia y conocimientos en equipos de envasado y hornos industriales.
Conocimientos en:
Deseables conocimientos con metodología TPM.
Se valorará la experiencia y conocimientos en equipos de envasado y hornos industriales."
Bodeguero Grúa Horquilla - Bresler (La Capilla),Otra Área,"San Bernardo, Metropolitana de Santiago",San Bernardo,Metropolitana de Santiago,2026-09-03,6120955,carozzi,2026-09-06,2026-09-06,0.2994,Operario,Jornada Completa,Empresas Carozzi S.A.,Media,Chile,2 años,2026-03-10,https://carozzi.trabajando.cl/trabajo-empleo/bodeguero-grua-horquilla-bresler-la-capilla/trabajo/6120955,En Carozzi nos mueve hacer las cosas...,"En Carozzi nos mueve hacer las cosas bien, para que todos podamos compartir y disfrutar en un mejor entorno, y es por ello que desde hace más de 127 años estamos presente en el mercado con más de 100 marcas como Costa, Ambrosoli, Vivo, Trattoria, Master Dog, Bresler y Pancho Villa, entre otras.
Somos una Compañía donde vivimos la innovación, el respeto por las personas y la pasión por el trabajo bien hecho y queremos invitarte a postular al cargo de Bodeguero
Misión: Realizar recepción, almacenamiento y despacho de materiales en la bodega de materiales respectiva, con el fin de lograr el abastecimiento de los pedidos de clientes internos en los tiempos acordados y de acuerdo a los procedimientos establecidos.
¿Qué tienes que hacer?
-Mantener control y orden en la recepción y almacenamiento de materiales y productos terminados.
-Mantener orden en bodega de acuerdo a las normas y procedimientos establecidos
-Realizar despacho de materiales y productos terminados según requerimientos.
-Cumplir con despachos siguiendo metodologías FIFO
-Apoyar proceso de control de inventario
-Ingreso de información al sistema
-Manejo de grúa horquilla.
Tenemos distintos beneficios que podrás disfrutar, acá te señalamos algunos de ellos:
-Seguro complementario, de vida entre otros
-Descuento en productos.
-Reajuste por IPC.
-Estabilidad laboral.
-Entre muchos más que te invitamos a descubrir.
Sí te atraen los desafíos te invitamos a postular y vivir la experiencia Carozzi.",1,"Contar con Enseñanza Media Completa.
Contar con Licencia Clase D Vigente (Excluyente)
Deseable experiencia de 2 años en cargo de bodeguero o cargos similares.
Conocimiento en Microsoft Office
Tener disponibilidad para trabajar en San Bernardo."
Crew Local Heladería - Estación Central,Otra Área,"Estación Central, Metropolitana de Santiago",Estación Central,Metropolitana de Santiago,2026-09-02,6120458,carozzi,2026-09-06,2026-09-06,0.3406,Operario,Part Time,Bresler,Técnico profesional superior,Chile,1 años,2026-02-10,https://carozzi.trabajando.cl/trabajo-empleo/crew-local-heladeria-estacion-central/trabajo/6120458,🌟 ¡Súmate a nuestro equipo y crece...,"🌟 ¡Súmate a nuestro equipo y crece con nosotros! 🌟
En nuestra reconocida heladería con presencia a nivel nacional buscamos personas responsables, comprometidas y con muchas ganas de aprender.
Si disfrutas trabajar con personas, entregar un servicio de calidad y formar parte de un ambiente dinámico y acogedor ¡esta es tu oportunidad! 🙌🍦
🍨¿Qué harás?
Mantener operativas todas las áreas del local (barra, cocina, bodegas, copería).
Preparar, montar y servir productos siguiendo recetas y normas de higiene.
Atender de manera cordial y resolutiva a los clientes, impulsando productos y cumpliendo metas.
Apoyar en la recepción y almacenamiento de productos.
Realizar tareas de caja (cobros, arqueos y cierres).
Si tienes energía, actitud y ganas de aprender, este es tu lugar. ¡Postula ahora y únete a nuestra familia gastronómica!",10,"Enseñanza media completa (excluyente).
Experiencia en atención al cliente, montar platos, mantener limpieza de espacios y manejo de caja.
Buena disposición, adaptabilidad y trabajo en equipo."
Crew Local Heladería - Maipú,Otra Área,"Estación Central, Metropolitana de Santiago",Estación Central,Metropolitana de Santiago,2026-09-02,6112199,carozzi,2026-09-06,2026-09-06,0.3385,Operario,Part Time,Bresler,Técnico profesional superior,Chile,1 años,2026-10-09,https://carozzi.trabajando.cl/trabajo-empleo/crew-local-heladeria-maipu/trabajo/6112199,🌟 ¡Súmate a nuestro equipo y crece...,"🌟 ¡Súmate a nuestro equipo y crece con nosotros! 🌟
En nuestra reconocida heladería con presencia a nivel nacional buscamos personas responsables, comprometidas y con muchas ganas de aprender.
Si disfrutas trabajar con personas, entregar un servicio de calidad y formar parte de un ambiente dinámico y acogedor ¡esta es tu oportunidad! 🙌🍦
🍨¿Qué harás?
Mantener operativas todas las áreas del local (barra, cocina, bodegas, copería).
Preparar, montar y servir productos siguiendo recetas y normas de higiene.
Atender de manera cordial y resolutiva a los clientes, impulsando productos y cumpliendo metas.
Apoyar en la recepción y almacenamiento de productos.
Realizar tareas de caja (cobros, arqueos y cierres).
Si tienes energía, actitud y ganas de aprender, este es tu lugar. ¡Postula ahora y únete a nuestra familia gastronómica!",10,"Enseñanza media completa (excluyente).
Experiencia en atención al cliente, montar platos, mantener limpieza de espacios y manejo de caja.
Buena disposición, adaptabilidad y trabajo en equipo."
Crew Local Heladería - El Bosque,Otra Área,"Estación Central, Metropolitana de Santiago",Estación Central,Metropolitana de Santiago,2026-09-02,6113549,carozzi,2026-09-06,2026-09-06,0.3436,Operario,Part Time,Bresler,Técnico profesional superior,Chile,1 años,2026-09-13,https://carozzi.trabajando.cl/trabajo-empleo/crew-local-heladeria-el-bosque/trabajo/6113549,🌟 ¡Súmate a nuestro equipo y crece...,"🌟 ¡Súmate a nuestro equipo y crece con nosotros! 🌟
En nuestra reconocida heladería con presencia a nivel nacional buscamos personas responsables, comprometidas y con muchas ganas de aprender.
Si disfrutas trabajar con personas, entregar un servicio de calidad y formar parte de un ambiente dinámico y acogedor ¡esta es tu oportunidad! 🙌🍦
🍨¿Qué harás?
Mantener operativas todas las áreas del local (barra, cocina, bodegas, copería).
Preparar, montar y servir productos siguiendo recetas y normas de higiene.
Atender de manera cordial y resolutiva a los clientes, impulsando productos y cumpliendo metas.
Apoyar en la recepción y almacenamiento de productos.
Realizar tareas de caja (cobros, arqueos y cierres).
Si tienes energía, actitud y ganas de aprender, este es tu lugar. ¡Postula ahora y únete a nuestra familia gastronómica!",10,"Enseñanza media completa (excluyente).
Experiencia en atención al cliente, montar platos, mantener limpieza de espacios y manejo de caja.
Buena disposición, adaptabilidad y trabajo en equipo."
Crew Local Heladería - San Antonio,Otra Área,"Estación Central, Metropolitana de Santiago",Estación Central,Metropolitana de Santiago,2026-09-02,6113548,carozzi,2026-09-06,2026-09-06,0.34,Operario,Part Time,Bresler,Técnico profesional superior,Chile,1 años,2026-10-13,https://carozzi.trabajando.cl/trabajo-empleo/crew-local-heladeria-san-antonio/trabajo/6113548,🌟 ¡Súmate a nuestro equipo y crece...,"🌟 ¡Súmate a nuestro equipo y crece con nosotros! 🌟
En nuestra reconocida heladería con presencia a nivel nacional buscamos personas responsables, comprometidas y con muchas ganas de aprender.
Si disfrutas trabajar con personas, entregar un servicio de calidad y formar parte de un ambiente dinámico y acogedor ¡esta es tu oportunidad! 🙌🍦
🍨¿Qué harás?
Mantener operativas todas las áreas del local (barra, cocina, bodegas, copería).
Preparar, montar y servir productos siguiendo recetas y normas de higiene.
Atender de manera cordial y resolutiva a los clientes, impulsando productos y cumpliendo metas.
Apoyar en la recepción y almacenamiento de productos.
Realizar tareas de caja (cobros, arqueos y cierres).
Si tienes energía, actitud y ganas de aprender, este es tu lugar. ¡Postula ahora y únete a nuestra familia gastronómica!",10,"Enseñanza media completa (excluyente).
Experiencia en atención al cliente, montar platos, mantener limpieza de espacios y manejo de caja.
Buena disposición, adaptabilidad y trabajo en equipo."
Crew Local Heladería - Coronel,Otra Área,"Coronel, Biobío",Coronel,Biobío,2026-09-02,6115068,carozzi,2026-09-06,2026-09-06,0.3125,Operario,Part Time,Bresler,Técnico profesional superior,Chile,1 años,2026-09-18,https://carozzi.trabajando.cl/trabajo-empleo/crew-local-heladeria-coronel/trabajo/6115068,🌟 ¡Súmate a nuestro equipo y crece...,"🌟 ¡Súmate a nuestro equipo y crece con nosotros! 🌟
En nuestra reconocida heladería con presencia a nivel nacional buscamos personas responsables, comprometidas y con muchas ganas de aprender.
Si disfrutas trabajar con personas, entregar un servicio de calidad y formar parte de un ambiente dinámico y acogedor ¡esta es tu oportunidad! 🙌🍦
🍨¿Qué harás?
Mantener operativas todas las áreas del local (barra, cocina, bodegas, copería).
Preparar, montar y servir productos siguiendo recetas y normas de higiene.
Atender de manera cordial y resolutiva a los clientes, impulsando productos y cumpliendo metas.
Apoyar en la recepción y almacenamiento de productos.
Realizar tareas de caja (cobros, arqueos y cierres).
Si tienes energía, actitud y ganas de aprender, este es tu lugar. ¡Postula ahora y únete a nuestra familia gastronómica!",10,"Enseñanza media completa (excluyente).
Experiencia en atención al cliente, montar platos, mantener limpieza de espacios y manejo de caja.
Buena disposición, adaptabilidad y trabajo en equipo."
Supervisor de Producción,Otra Área,"San Bernardo, Metropolitana de Santiago",San Bernardo,Metropolitana de Santiago,2026-09-02,6120624,carozzi,2026-09-06,2026-09-06,0.3744,Otro Profesional,Por Turnos,Empresas Carozzi S.A.,Técnico profesional superior,Chile,3 años,2026-01-11,https://carozzi.trabajando.cl/trabajo-empleo/supervisor-de-produccion/trabajo/6120624,En Carozzi tenemos como propósito dar...,"En Carozzi tenemos como propósito dar lo mejor de nosotros para que las personas puedan disfrutar más la vida, y es por ello que desde hace más de 126 años estamos presente en el mercado con más de 100 marcas como Costa🍫, Ambrosoli🍬, Vivo🥃, Trattoria🍝, Master Dog🐶, Bresler🍧 y Pancho Villa🌯, entre otras.
Somos una Compañía donde nos mueve la innovación, el respeto por las personas y la pasión por el trabajo bien hecho y queremos invitarte a postular al cargo Supervisor de Producción para nuestra Planta ubicada en San Bernardo.
Buscamos a personas con formación Técnico Superior del área Mecánica, Eléctrica, Química, Alimentos o similar, con 3 años de experiencia en el área.
Misión: Serás responsable de supervisar y coordinar en terreno, al grupo de turno asignado, en cuanto a los procesos involucrados en la producción con el fin de mantener operativas las líneas productivas y lograr el cumplimiento del programa de acuerdo a los estándares de calidad productividad establecidos.
¿Qué tienes que hacer?
Inspeccionar y monitorear el avance del programa de producción de las líneas a su cargo, asignando personal de operación en los equipos, revisando las condiciones de entrega y recibo de turno y realizando cambios en la secuencia de trabajo previniendo sobrecargas en los procesos posteriores.
Analizar el programa de producción, revisando su secuencia, congestiones, solucionando problemas de procesos e investigando reclamos internos y externos que pudieran afectar la calidad de los productos.
Revisar el funcionamiento de instalaciones y equipos en la planta, así como monitorear los tiempos de trabajo del personal y equipos a cargos e implementar procesos de mejora continua.
Tenemos distintos beneficios para ti:
Casino.👩🍳
Buses de acercamiento🚍.
Descuento en productos.🛒
Gimnasio y canchas deportivas.🤸
Estabilidad laboral y buen ambiente laboral.😄
Entre muchos más que te invitamos a descubrir.😎
¡Súmate a nuestro equipo y vive la Experiencia Carozzi!😊",3,"¿Qué necesitas para desempeñar este cargo?
Contar con formación Técnico Superior del área Mecánica, Eléctrica, Química, Alimentos o similar.
3 años de experiencia en un cargo similar en la industria de Alimentos.
Conocimientos en TPM."
Trade Marketing Jr,Otra Área,"San Bernardo, Metropolitana de Santiago",San Bernardo,Metropolitana de Santiago,2026-09-02,6120627,carozzi,2026-09-06,2026-09-06,0.3937,Comercial,Mixta (Teletrabajo + Presencial),Empresas Carozzi S.A.,Universitaria,Chile,,2026-01-11,https://carozzi.trabajando.cl/trabajo-empleo/trade-marketing-jr/trabajo/6120627,En Carozzi tenemos como propósito dar...,"En Carozzi tenemos como propósito dar lo mejor de nosotros para que las personas puedan disfrutar más la vida, y es por ello que desde hace más de 126 años estamos presente en el mercado con más de 100 marcas como Costa🍫, Ambrosoli🍬, Vivo🥃, Trattoria🍝, Master Dog🐶, Bresler🍧 y Pancho Villa🌯, entre otras.
Somos una Compañía donde nos mueve la innovación, el respeto por las personas y la pasión por el trabajo bien hecho y queremos invitarte a postular al cargo Trade Marketing para San Bernardo, Nos.
Buscamos a personas recién titulados en Ingeniería Comercial, Civil Industrial o similar.
Misión: Planificar, coordinar e implementar acciones de trade marketing y de visibilidad en el punto de venta, desarrollando materiales promocionales y elementos gráficos conforme a los lineamientos establecidos de marca, analizar la rentabilidad de las actividades, controlar inventarios de materiales promocionales, y colaborar con equipos internos y externos en la implementación de campañas, entre otros, con el fin, de contribuir al cumplimiento de los objetivos comerciales y a la presencia de marca en todos los canales.
¿Qué tienes que hacer?
Planificar y ejecutar campañas promocionales en coordinación con las áreas de Marketing y Ventas.
Desarrollar e implementar estrategias de visibilidad de marca en puntos de venta, considerando lanzamientos y fechas comerciales.
Coordinar acciones de Trade Marketing en terreno, incluyendo promociones, activaciones y material publicitario.
Gestionar proveedores, materiales POP, exhibidores y presupuestos asociados a campañas promocionales.
Analizar resultados de ventas y rentabilidad de las acciones comerciales para apoyar la toma de decisiones.
Tenemos distintos beneficios para ti:
Casino.👩🍳
Buses de acercamiento🚍.
Descuento en productos.🛒
Gimnasio y canchas deportivas.🤸
Estabilidad laboral y buen ambiente laboral.😄
Entre muchos más que te invitamos a descubrir.😎
¡Súmate a nuestro equipo y vive la Experiencia Carozzi!😊",1,"¿Qué necesitas para desempeñar este cargo?
Recien titulado en Ingeniería Comercial, Civil Industrial o similar
Se necesita experiencia en practicas.
Conocimientos en Excel / power point / Canva."
Administrativo de Distribución,Otra Área,"San Bernardo, Metropolitana de Santiago",San Bernardo,Metropolitana de Santiago,2026-09-02,6120748,carozzi,2026-09-06,2026-09-06,0.3179,Administrativo,Por Turnos,Empresas Carozzi S.A.,Técnico medio/ colegio técnico,Chile,1 años,2026-02-10,https://carozzi.trabajando.cl/trabajo-empleo/administrativo-de-distribucion/trabajo/6120748,En Carozzi nos mueve hacer las cosas...,"En Carozzi nos mueve hacer las cosas bien, para que todos podamos compartir y disfrutar en un mejor entorno, y es por ello que desde hace más de 127 años estamos presentes en el mercado con más de 100 marcas como Costa, Ambrosoli, Vivo, Trattoria, Master Dog, Bresler y Pancho Villa, entre otras.
Somos una Compañía donde vivimos la innovación, la pasión por el trabajo bien hecho y el respeto por las personas, valorando la diversidad e inclusión, porque creemos que nuestras diferencias nos enriquecen como organización.
¡Un nuevo desafío te espera! 🚀😊 Buscamos personas con enseñanza media completa y formación técnica en Administración, Logística, Contabilidad o carreras afines, para desempeñarse como Administrativo(a) de Distribución en nuestro Centro de Distribución.
¿Cuál será tu misión? 📘🖋Gestionar y controlar la rendición documental de los transportistas, revisando, validando y registrando la información asociada en SAP, asegurando la correcta trazabilidad, actualización y cumplimiento de los procesos administrativos de distribución.
¿Qué tendrás que hacer? 📦🚚Revisar y validar las planillas de rendición entregadas por transportistas.
Verificar la documentación asociada a los procesos de distribución y despacho.
Ingresar y registrar información en SAP de manera oportuna y precisa.
Mantener actualizado el control documental y los registros del área.
Detectar y reportar inconsistencias en la documentación recibida.
Coordinar con las distintas áreas involucradas para asegurar la correcta gestión de la información.
Apoyar el seguimiento y cierre de rendiciones pendientes.
Resguardar el cumplimiento de los procedimientos administrativos y de control interno.
Ejecutar tareas administrativas inherentes al cargo y apoyar los distintos procesos del área de Distribución.
Tenemos distintos beneficios para ti 🎁🎉Casino.
Buses de acercamiento.
Seguro complementario de salud y seguro de vida.
Descuento en productos.
Gym y canchas deportivas.
Reajuste por IPC.
Estabilidad laboral y excelente ambiente de trabajo.
Entre muchos más que te invitamos a descubrir. 😎",1,"Enseñanza Media Completa.
Deseable formación Técnico Nivel Medio en Administración, Contabilidad o carreras afines.
Al menos 1 año de experiencia en cargos administrativos similares.
Conocimientos en procesos de expedición, facturación y documentación logística.
Manejo de SAP. (Deseable)
Manejo de herramientas Office nivel usuario.
Conocimientos de conceptos contables y administrativos."
Movilizador - Sucursal Coquimbo,Otra Área,"Coquimbo, Coquimbo",Coquimbo,Coquimbo,2026-09-02,6120781,carozzi,2026-09-06,2026-09-06,0.2912,Operario,Jornada Completa,Empresas Carozzi S.A.,Media,Chile,,2026-02-10,https://carozzi.trabajando.cl/trabajo-empleo/movilizador-sucursal-coquimbo/trabajo/6120781,En Carozzi nos mueve hacer las cosas...,"En Carozzi nos mueve hacer las cosas bien, para que todos podamos compartir y disfrutar en un mejor entorno, y es por ello que desde hace más de 127 años estamos presentes en el mercado con más de 100 marcas como Costa, Ambrosoli, Vivo, Trattoria, Master Dog, Bresler y Pancho Villa, entre otras.
Somos una Compañía donde vivimos la innovación, la pasión por el trabajo bien hecho y el respeto por las personas, valorando la diversidad e inclusión, porque creemos que nuestras diferencias nos enriquecen como organización.
¡Un nuevo desafío te espera! 🚀😊 Buscamos Movilizador en Coquimbo. con formación de Enseñanza Media Completa.
¿Qué tienes que hacer?
Realizar la recepción, almacenaje y depacho de materiales y/o productos que se mantienen en el centro de distribución o bodega, con el fin de mantener el orden y fluidez de los procesos operacionales al interior del CD o bodegas
¡Súmate a nuestro equipo y vive la Experiencia Carozzi!😊",1,"¿Qué necesitas para desempeñar este cargo?
Egresado (a) enseñanza media completa
Al menos un año de experiencia en funciones similares."
Despachador - Coquimbo ,Otra Área,"Coquimbo, Coquimbo",Coquimbo,Coquimbo,2026-09-02,6120783,carozzi,2026-09-06,2026-09-06,0.3039,Operario,Jornada Completa,Empresas Carozzi S.A.,Media,Chile,1 años,2026-02-10,https://carozzi.trabajando.cl/trabajo-empleo/despachador-coquimbo/trabajo/6120783,En Carozzi nos mueve hacer las cosas...,"En Carozzi nos mueve hacer las cosas bien, para que todos podamos compartir y disfrutar en un mejor entorno, y es por ello que desde hace más de 127 años estamos presentes en el mercado con más de 100 marcas como Costa, Ambrosoli, Vivo, Trattoria, Master Dog, Bresler y Pancho Villa, entre otras.
Somos una Compañía donde vivimos la innovación, la pasión por el trabajo bien hecho y el respeto por las personas, valorando la diversidad e inclusión, porque creemos que nuestras diferencias nos enriquecen como organización.
¡Un nuevo desafío te espera! 🚀😊 Buscamos Despachador en Coquimbo. con formación de Enseñanza Media Completa.
Misión🌟
Realizar seguimiento a los despachos de pedidos de clientes y/o abastecimiento de Sucursales, con el fin de mantener el control del despacho de
mercaderías de acuerdo a la planificación establecida.
¿Qué tienes que hacer?
Inspeccionar, la carga de camiones y la asignación de andenes de despacho de acuerdo a lo indicado por sistema y registrar el mismo todos los movimientos asociados a despachos
¡Súmate a nuestro equipo y vive la Experiencia Carozzi!😊",1,"¿Qué necesitas para desempeñar este cargo?
Egresado (a) enseñanza media completa
Al menos un año de experiencia en funciones similares."
Jefe de Logística,Otra Área,"San Bernardo, Metropolitana de Santiago",San Bernardo,Metropolitana de Santiago,2026-09-01,6120153,carozzi,2026-09-06,2026-09-06,0.351,Jefe Área/Sección/Depto./Local,Jornada Completa,Empresas Carozzi S.A.,Universitaria,Chile,3 años,2026-10-31,https://carozzi.trabajando.cl/trabajo-empleo/jefe-de-logistica/trabajo/6120153,En Carozzi nos mueve hacer las cosas...,"En Carozzi nos mueve hacer las cosas bien, para que todos podamos compartir y disfrutar en un mejor entorno, y es por ello que desde hace más de 128 años estamos presente en el mercado con más de 100 marcas como Costa, Ambrosoli🍬, Vivo🥃, Trattoria🍝, Master Dog🐶, Bresler🍧 y Pancho Villa🌯, entre otras.
Somos una Compañía donde vivimos la innovación, la pasión por el trabajo bien hecho y el respeto por las personas, valorando la diversidad e inclusión, porque creemos que nuestras diferencias nos enriquecen como organización.
¡Un nuevo desafío te espera! 🚀😊 El equipo de Logística está en busca de su próximo Jefe de Logística.
Buscamos a personas con formación universitaria en Ingeniería Civil, Ingeniería Industrial o carreras afines, con 3 o más años de experiencia en áreas logísticas dentro de empresas de consumo masivo.
Misión: Dirigir y controlar las bodegas de Materiales, Romanas y Punto Verde, asegurando la correcta recepción física y documental, almacenamiento, resguardo y disponibilidad oportuna de los materiales requeridos para producción, mantención y servicios generales. Su gestión es clave para garantizar la continuidad operacional, mediante una administración eficiente de inventarios, una adecuada coordinación con los procesos de compra y consumo, y el abastecimiento oportuno de materiales según las necesidades de la operación.
¿Qué tienes que hacer?
Controlar y administrar las bodegas de Materiales, romanas y Punto Verde mediante indicadores de gestión, asegurando el cumplimiento de los estándares definidos para el área.
Supervisar la correcta operación de las romanas, verificando el registro oportuno y confiable de pesajes, la coordinación con las áreas usuarias y el cumplimiento de los controles definidos.
Gestionar la operación de Punto Verde, resguardando el orden, la segregación, el control y la disposición adecuada de materiales según los lineamientos operacionales establecidos.
Optimizar procesos asociados a la recepción, almacenamiento, control y entrega de materiales, promoviendo mejoras en eficiencia, orden y trazabilidad.
Tenemos distintos beneficios para ti:
Casino.👩?🍳
Buses de acercamiento🚍.
Descuento en productos.🛒
Gimnasio y canchas deportivas.🤸
Estabilidad laboral y buen ambiente laboral.😄
Entre muchos más que te invitamos a descubrir.😎
¡Súmate a nuestro equipo y vive la Experiencia Carozzi!😊",1,"¿Qué necesitas para desempeñar este cargo?
Contar con formación universitaria en Ingeniería Civil, Ingeniería Industrial o carreras afines.
3 o más años de experiencia en áreas logísticas dentro de empresas de consumo masivo.
Conocimientos en:
Procesos de logística de materiales.
Control de inventarios.
Seguridad Industria."
Ingeniero de Procesos - NOS,Ventas,"San Bernardo, Metropolitana de Santiago",San Bernardo,Metropolitana de Santiago,2026-09-01,6119929,carozzi,2026-09-06,2026-09-06,0.3751,Ingeniero,Jornada Completa,Empresas Carozzi,Universitaria,Chile,1 años,2026-10-31,https://carozzi.trabajando.cl/trabajo-empleo/ingeniero-de-procesos-nos/trabajo/6119929,En Carozzi tenemos como propósito dar...,"En Carozzi tenemos como propósito dar lo mejor de nosotros para que las personas puedan disfrutar más la vida, y es por ello que desde hace más de 128 años estamos presente en el mercado con más de 100 marcas como Costa🍫, Ambrosoli🍬, Vivo🥃, Trattoria🍝, Master Dog🐶, Bresler🍧 y Pancho Villa🌯, entre otras.
Somos una Compañía donde nos mueve la innovación, el respeto por las personas y la pasión por el trabajo bien hecho y queremos invitarte a postular al cargo de Ingeniero de Procesos.
Misión🌟
Analizar y evaluar la elaboración e implementación de proyectos de nuevos procesos, productos o modificaciones de los actuales, con el fin de contribuir en el desarrollo de mejoras en los procesos productivos, según costos, calidad y seguridad definidos.
¿Qué tienes que hacer?📘🖋
Evaluar y supervisar la ejecución de los procesos de producción, monitoreando continuamente los parámetros productivos.
Realizar procedimientos estableciendo la secuencia de tareas para la ejecución de trabajos, identificando riesgos asociados a las tareas, definiendo acciones que minimicen dichos riesgos e incorporando cambios tecnológicos, acciones de mejoramiento continuo y normativa de riesgo, ambiente y calidad.
Diseñar, evaluar e implementar alternativas de optimización y cambios en procesos productivos, analizando condiciones de proceso, calidad y costo.
Coordinar puesta en marcha de equipos nuevos y/o modificados, productos nuevos, reingenierías de productos, evaluación de mejoras continuas, entre otros, llevando el control y el seguimiento.
Coordinar con las diferentes áreas la planificación e implementación de la metodología TPM en la planta.
Tenemos distintos beneficios para ti🎁🎉
Casino.
Buses de acercamiento.
Seguro complementario, de vida entre otros
Descuento en productos.
Gym y canchas deportivas.
Reajuste por IPC.
Estabilidad laboral y buen ambiente laboral.
Entre muchos más que te invitamos a descubrir.",1,"Contar con formación Ingeniería civil Industrial, química, en Alimentos o afín.
Deseable con 1 a 2 años de experiencia.
Manejo de Microsoft Excel, nivel Intermedio.
Manejo de Power BI nivel Intermedio.
Inglés Intermedio.
Deseable manejo de metodología TPM.
Deseable manejo de SAP."
Administrativo de Expedición,Otra Área,"San Bernardo, Metropolitana de Santiago",San Bernardo,Metropolitana de Santiago,2026-08-31,6119129,carozzi,2026-09-06,2026-09-06,0.3259,Administrativo,Por Turnos,Empresas Carozzi S.A.,Técnico medio/ colegio técnico,Chile,1 años,2026-09-30,https://carozzi.trabajando.cl/trabajo-empleo/administrativo-de-expedicion/trabajo/6119129,En Carozzi nos mueve hacer las cosas...,"En Carozzi nos mueve hacer las cosas bien, para que todos podamos compartir y disfrutar en un mejor entorno, y es por ello que desde hace más de 127 años estamos presentes en el mercado con más de 100 marcas como Costa, Ambrosoli, Vivo, Trattoria, Master Dog, Bresler y Pancho Villa, entre otras.
Somos una Compañía donde vivimos la innovación, la pasión por el trabajo bien hecho y el respeto por las personas, valorando la diversidad e inclusión, porque creemos que nuestras diferencias nos enriquecen como organización.
¡Un nuevo desafío te espera! 🚀😊 Buscamos personas con enseñanza media completa y formación técnica en Administración, Contabilidad o carreras afines, con al menos 1 año de experiencia en cargos similares, para desempeñarse como Administrativo(a) de Expedición en nuestro Centro de Distribución.
¿Cuál será tu misión? 📘🖋
Realizar la administración de los pool de pedidos de venta y traslado del Centro de Distribución, contribuyendo a la optimización de los recursos de transporte, la disponibilidad de productos en las sucursales y la correcta facturación a clientes.
¿Qué tendrás que hacer? 📦🚚
Gestionar pedidos de abastecimiento para sucursales a través de SAP.
Administrar y tratar los pool de pedidos, ejecutando cargas manuales o mediante Rodnet.
Crear grupos de carga y grupos de referencia WMS para dar inicio a los procesos operativos del sistema.
Emitir y gestionar documentación asociada al proceso de expedición y facturación.
Apoyar el control administrativo de aproximadamente 130 cargas diarias distribuidas en distintos turnos.
Realizar la impresión y entrega de documentación necesaria para el despacho de cargas.
Gestionar y cargar documentación en portales de clientes cuando sea requerido.
Apoyar en la resolución de situaciones excepcionales que puedan afectar la continuidad operacional del área.
Ejecutar tareas administrativas inherentes al cargo y apoyar los distintos procesos del área de expedición.
Tenemos distintos beneficios para ti 🎁🎉
Casino.
Buses de acercamiento.
Seguro complementario de salud y seguro de vida.
Descuento en productos.
Gym y canchas deportivas.
Reajuste por IPC.
Estabilidad laboral y excelente ambiente de trabajo.
Entre muchos más que te invitamos a descubrir. 😎",1,"Enseñanza Media Completa.
Deseable formación Técnico Nivel Medio o Superior en Administración, Contabilidad o carreras afines.
Al menos 1 año de experiencia en cargos administrativos similares. (Excluyente)
Conocimientos en procesos de expedición, facturación y documentación logística.
Manejo de SAP. (Deseable)
Manejo de herramientas Office nivel usuario.
Conocimientos de conceptos contables y administrativos."
 Técnico Mecánico - Reñaca,Otra Área,"Viña del Mar, Valparaíso",Viña del Mar,Valparaíso,2026-08-30,6119103,carozzi,2026-09-06,2026-09-06,0.3237,Técnico,Por Turnos,Empresas Carozzi S.A.,Técnico profesional superior,Chile,1 años,2026-09-29,https://carozzi.trabajando.cl/trabajo-empleo/tecnico-mecanico-renaca/trabajo/6119103,En Carozzi nos mueve hacer las cosas...,"En Carozzi nos mueve hacer las cosas bien, para que todos podamos compartir y disfrutar en un mejor entorno, y es por ello que desde hace más de 127 años estamos presentes en el mercado con más de 100 marcas como Costa, Ambrosoli, Vivo, Trattoria, Master Dog, Bresler y Pancho Villa, entre otras.
Somos una Compañía donde vivimos la innovación, la pasión por el trabajo bien hecho y el respeto por las personas, valorando la diversidad e inclusión, porque creemos que nuestras diferencias nos enriquecen como organización.
Un nuevo desafío te espera! 🚀😊 El equipo de Mantenimiento en Centro Industrial Reñaca está en busca de su próximo Mecánico.
Buscamos a personas con formación Técnica Nivel Superior en área de Mecánica, Mantenimiento industrial o carrera afín. Idealmente con 1 año de experiencia en cargo similares en el rubro alimenticio o industrial.
Misión: Realizar diagnóstico, reparación y acondicionamiento sobre equipos y maquinarias de componentes mecánicos y electromecánicos, con el propósito de contribuir a la operatividad, eficiencia y continuidad productiva de los equipos y maquinarias de la planta.
¿Qué tienes que hacer?
Realizar diagnóstico y reparación de fallas mecánicas en equipos y maquinarias.
Ejecutar la mantención preventiva y correctiva de equipos e instalaciones.
Realizar asesoría en temas de seguridad y confiabilidad de equipos.
Realizar propuestas de medidas para la mejora de los procesos de mantenimiento.
Tenemos distintos tipos de beneficios para ti:
Seguro complementario de salud.
Descuento en productos.
Buses de acercamiento.
Servicio de alimentación.
Estabilidad laboral y buen ambiente laboral.
Entre muchos más que te invitamos a descubrir.
Si te atraen los desafíos te invitamos a postular y vivir la experiencia Carozzi.",1,"Formación Técnica nivel superior en área de Mecánica, Mantenimiento industrial o carrera afín.
Contar con 1 año de experiencia en cargo similares en el rubro alimenticio o industrial.
Disponibilidad para trabajar en turnos rotativos de mañana (07:00 a 15:00), tarde (15:00 a 23:00) y noche (23:00 a 07:00).
Manejo de Excel nivel usuario.
Conocimiento en TPM y/o 5S."
Romanero,Otra Área,"San Bernardo, Metropolitana de Santiago",San Bernardo,Metropolitana de Santiago,2026-08-28,6118688,carozzi,2026-09-06,2026-09-06,0.3377,Operario,Por Turnos,Empresas Carozzi S.A.,Media,Chile,1 años,2026-09-27,https://carozzi.trabajando.cl/trabajo-empleo/romanero/trabajo/6118688,En Carozzi nos mueve hacer las cosas...,"En Carozzi nos mueve hacer las cosas bien, para que todos podamos compartir y disfrutar en un mejor entorno, y es por ello que desde hace más de 127 años estamos presentes en el mercado con más de 100 marcas como Costa, Ambrosoli, Vivo, Trattoria, Master Dog, Bresler y Pancho Villa, entre otras.
Somos una Compañía donde vivimos la innovación, la pasión por el trabajo bien hecho y el respeto por las personas, valorando la diversidad e inclusión, porque creemos que nuestras diferencias nos enriquecen como organización.
¡Un nuevo desafío te espera! 🚀😊 Buscamos personas con Enseñanza Media Completa y experiencia en procesos operativos y control de transporte, para desempeñarse como Romanero.
¿Cuál será tu misión? 📘
Realizar las labores de pesaje de los camiones que ingresan y salen de los recintos de almacenamiento de la compañía, contribuyendo al control de carga, al cumplimiento de la normativa legal vigente y a las exigencias internas de la empresa.
¿Qué tendrás que hacer? 🚚📊
Realizar el pesaje de camiones vacíos y cargados mediante el uso de balanzas del Centro de Distribución.
Controlar y registrar los ingresos y salidas de vehículos, asegurando la correcta continuidad del flujo operacional.
Ingresar y validar la información de pesaje en los sistemas definidos por la compañía.
Verificar que los datos registrados sean correctos y consistentes con la información de despacho y recepción.
Asegurar que los vehículos cumplan con los límites legales de carga establecidos.
Identificar y alertar oportunamente desviaciones o inconsistencias en los procesos de pesaje.
Mantener registros actualizados y confiables para contribuir al control operacional y la trazabilidad de las cargas.
Cumplir con los procedimientos y normas de seguridad establecidos para la operación.
Tenemos distintos beneficios para ti 🎁🎉
Casino.
Buses de acercamiento.
Seguro complementario de salud y seguro de vida.
Descuento en productos.
Gym y canchas deportivas.
Reajuste por IPC.
Estabilidad laboral y excelente ambiente de trabajo.
Entre muchos más que te invitamos a descubrir. 😎",1,"Enseñanza Media Completa.
Al menos 1 año de experiencia en cargos similares.
Manejo de Excel nivel usuario.
Experiencia trabajando con turnos rotativos.
Deseable experiencia en control de pesaje, recepción, despacho o transporte.
Orientación al detalle, responsabilidad y capacidad de trabajo bajo procedimientos."
KAS Ventas - Nos,Otra Área,"San Bernardo, Metropolitana de Santiago",San Bernardo,Metropolitana de Santiago,2026-08-28,6118800,carozzi,2026-09-06,2026-09-06,0.3647,Comercial,Jornada Completa,Empresas Carozzi S.A.,Universitaria,Chile,1 años,2026-10-27,https://carozzi.trabajando.cl/trabajo-empleo/kas-ventas-nos/trabajo/6118800,En Carozzi nos mueve hacer las cosas...,"En Carozzi nos mueve hacer las cosas bien, para que todos podamos compartir y disfrutar en un mejor entorno, y es por ello que desde hace más de 128 años estamos presente en el mercado con más de 100 marcas como Costa, Ambrosoli🍬, Vivo🥃, Trattoria🍝, Master Dog🐶, Bresler🍧 y Pancho Villa🌯, entre otras.
Somos una Compañía donde vivimos la innovación, la pasión por el trabajo bien hecho y el respeto por las personas, valorando la diversidad e inclusión, porque creemos que nuestras diferencias nos enriquecen como organización.
¡Un nuevo desafío te espera! 🚀😊 El equipo de Ventas está en busca de su próximo KAS Ventas
Buscamos a personas con formación universitaria en el área de comercial o administración, con o sin experiencia en merchandising, ventas o interes comercial.
Misión: Brindar apoyo en la gestión de cuentas clave y en la administración de acciones en punto de venta, desarrollando conocimiento sobre la cadena de abastecimiento y comercialización de productos, con el fin de contribuir al cumplimiento de los objetivos comerciales y al crecimiento de las categorías definidas por la compañía.
¿Qué tienes que hacer?
Apoyar la gestión de cuentas clave y las operaciones en punto de venta, desarrollando conocimiento sobre la cadena de abastecimiento y comercialización de productos para contribuir al logro de los objetivos comerciales del negocio.
Analizar indicadores de ventas, desempeño de categorías, rotación de productos, niveles de stock y cumplimiento de abastecimiento, generando información que apoye la toma de decisiones comerciales.
Elaborar y presentar reportes de gestión comercial y ventas, proporcionando información relevante a gerencias y subgerencias para el seguimiento de resultados y la definición de acciones.
Ejecutar otras funciones inherentes al cargo o requeridas por situaciones excepcionales, contribuyendo a la continuidad operativa y al cumplimiento de los objetivos del área.
Tenemos distintos beneficios para ti:
Casino🍳.
Buses de acercamiento🚍.
Descuento en productos.🛒
Gimnasio y canchas deportivas.🤸
Estabilidad laboral y buen ambiente laboral.😄
Entre muchos más que te invitamos a descubrir.😎
¡Súmate a nuestro equipo y vive la Experiencia Carozzi!😊",1,"¿Qué necesitas para desempeñar este cargo?
Contar con formación universitaria en el área de Comercial o similar
Experiencia: 1 año de experiencia en un cargo similar (deseable).
Excel intermedio.
Conocimientos en:
Ventas y Merchandising
Técncas de Ventas y Negociación"
Crew Local Heladería - Concepción,Otra Área,"Concepción, Biobío",Concepción,Biobío,2026-08-28,6115541,carozzi,2026-09-06,2026-09-06,0.278,Operario,Part Time,Bresler,Técnico profesional superior,Chile,1 años,2026-09-19,https://carozzi.trabajando.cl/trabajo-empleo/crew-local-heladeria-concepcion/trabajo/6115541,🌟 ¡Súmate a nuestro equipo y crece...,"🌟 ¡Súmate a nuestro equipo y crece con nosotros! 🌟
En nuestra reconocida heladería con presencia a nivel nacional buscamos personas responsables, comprometidas y con muchas ganas de aprender.
Si disfrutas trabajar con personas, entregar un servicio de calidad y formar parte de un ambiente dinámico y acogedor ¡esta es tu oportunidad! 🙌🍦
🍨¿Qué harás?
Mantener operativas todas las áreas del local (barra, cocina, bodegas, copería).
Preparar, montar y servir productos siguiendo recetas y normas de higiene.
Atender de manera cordial y resolutiva a los clientes, impulsando productos y cumpliendo metas.
Apoyar en la recepción y almacenamiento de productos.
Realizar tareas de caja (cobros, arqueos y cierres).
Si tienes energía, actitud y ganas de aprender, este es tu lugar. ¡Postula ahora y únete a nuestra familia gastronómica!",1,"Enseñanza media completa (excluyente).
Experiencia en atención al cliente, montar platos, mantener limpieza de espacios y manejo de caja.
Buena disposición, adaptabilidad y trabajo en equipo."
Operario/a Planta de Producción de Alimentos - San Bernardo,Otra Área,"San Bernardo, Metropolitana de Santiago",San Bernardo,Metropolitana de Santiago,2026-08-28,6111324,carozzi,2026-09-06,2026-09-06,0.4233,Operario,Por Turnos,Empresas Carozzi S.A.,Media,Chile,1 años,2026-09-09,https://carozzi.trabajando.cl/trabajo-empleo/operario-a-planta-de-produccion-de-alimentos-san-bernardo/trabajo/6111324,🚀Principales funciones: Elaboración...,"🚀Principales funciones:
Elaboración manual de bollería, pasteles y comidas saladas.
Manejo de transpaleta manual o disposición para su uso (deseable).
Moldeado, encajado y almacenamiento del producto.
Mantener estándares de calidad e inocuidad alimentaria.
Apoyo multifuncional en tareas del área.",1,"Enseñanza media completa (excluyente).
Experiencia de al menos 1 año en manipulación de alimentos, plantas de alimentos, pastelería, bollería (excluyente).
Conocimiento y cumplimiento de protocolos de higiene e inocuidad
Capacidad para manipular y movilizar cargas de hasta 25 kg, de acuerdo con los procedimientos de seguridad establecidos.
Disponibilidad para realizar labores de abastecimiento y traslado de materias primas, insumos, productos semielaborados y producto terminado."
Crew Local Heladería - Quilicura,Otra Área,"Quilicura, Metropolitana de Santiago",Quilicura,Metropolitana de Santiago,2026-08-28,6118878,carozzi,2026-09-06,2026-09-06,0.3359,Operario,Part Time,Bresler,Técnico profesional superior,Chile,1 años,2026-01-11,https://carozzi.trabajando.cl/trabajo-empleo/crew-local-heladeria-quilicura/trabajo/6118878,🌟 ¡Súmate a nuestro equipo y crece...,"🌟 ¡Súmate a nuestro equipo y crece con nosotros! 🌟
En nuestra reconocida heladería con presencia a nivel nacional buscamos personas responsables, comprometidas y con muchas ganas de aprender.
Si disfrutas trabajar con personas, entregar un servicio de calidad y formar parte de un ambiente dinámico y acogedor ¡esta es tu oportunidad! 🙌🍦
🍨¿Qué harás?
Mantener operativas todas las áreas del local (barra, cocina, bodegas, copería).
Preparar, montar y servir productos siguiendo recetas y normas de higiene.
Atender de manera cordial y resolutiva a los clientes, impulsando productos y cumpliendo metas.
Apoyar en la recepción y almacenamiento de productos.
Realizar tareas de caja (cobros, arqueos y cierres).
Si tienes energía, actitud y ganas de aprender, este es tu lugar. ¡Postula ahora y únete a nuestra familia gastronómica!",10,"Enseñanza media completa (excluyente).
Experiencia en atención al cliente, montar platos, mantener limpieza de espacios y manejo de caja.
Buena disposición, adaptabilidad y trabajo en equipo."
Operario/a Planta de Producción de Alimentos - San Bernardo,Otra Área,"San Bernardo, Metropolitana de Santiago",San Bernardo,Metropolitana de Santiago,2026-08-28,6108981,carozzi,2026-08-04,2026-09-06,0.3966,Operario,Por Turnos,Empresas Carozzi S.A.,Media,Chile,1 años,2026-03-10,https://carozzi.trabajando.cl/trabajo-empleo/operario-a-planta-de-produccion-de-alimentos-san-bernardo/trabajo/6108981,🚀Principales funciones: Elaboración...,"🚀Principales funciones:
Elaboración manual de bollería, pasteles y comidas saladas.
Moldeado, encajado y almacenamiento del producto.
Mantener estándares de calidad e inocuidad alimentaria.
Apoyo multifuncional en tareas del área.",1,"Enseñanza media completa (excluyente).
Experiencia de al menos 1 año en manipulación de alimentos, plantas de alimentos, pastelería, bollería (excluyente)."
Maquinista Industrial - Envasadora,Operaciones,"San Bernardo, Metropolitana de Santiago",San Bernardo,Metropolitana de Santiago,2026-08-27,6118658,carozzi,2026-09-06,2026-09-06,0.3184,Operario,Jornada Completa,Empresas Carozzi,Técnico medio/ colegio técnico,Chile,2 años,2026-09-26,https://carozzi.trabajando.cl/trabajo-empleo/maquinista-industrial-envasadora/trabajo/6118658,En Carozzi tenemos como propósito dar...,"En Carozzi tenemos como propósito dar lo mejor de nosotros para que las personas puedan disfrutar más la vida, y es por ello que desde hace más de 127 años estamos presente en el mercado con más de 100 marcas como Costa, Ambrosoli, Vivo, Trattoria, Master Dog, Bresler y Pancho Villa, entre otras
Somos una Compañía donde nos mueve la innovación, el respeto por las personas y la pasión por el trabajo bien hecho.
Buscamos a personas con formación de Operador de Maquina
Misión: Ejecutar la operación de equipos de mediana complejidad de una línea productiva, con el fin de apoyar en el proceso productivo.
¿Qué tienes que hacer?
Ejecutar la operación de maquinarias, equipos y/o instrumentos semicomplejos, revisando y ajustando sus parámetros de funcionamiento, así como monitoreando la producción del equipo para cada orden de trabajo.
Inspeccionar la calidad y cantidad de los insumos, materiales y materias primas de los procesos productivos y realizar acciones correctivas en caso de anomalías.
Realizar pruebas funcionales a los equipos, inspeccionando su lubricaje, limpieza y coordinando su mantención preventiva
Apoyo en la limpieza del área de trabajo.
Tenemos distintos beneficios que podrás disfrutar, acá te señalamos algunos de ellos:
-Casino.
-Buses de acercamiento.
-Seguro complementario, de vida entre otros
-Descuento en productos.
-Gym.
-Reajuste por IPC.
-Estabilidad laboral.
-Entre muchos más que te invitamos a descubrir.
Sí te atraen los desafíos te invitamos a postular y vivir la experiencia Carozzi.",1,"¿Qué necesitas para desempeñar este cargo?
Contar con formación técnica (Liceo Industrial) en electromecánica / maquinaria, mecánica industrial o similar.
Estar dispuesto a trabajar en turnos rotativos (mañana, tarde y noche, de lunes a sábado).
Tener disponibilidad para trabajar en San Bernardo."
Administrador/a de Local - Mall Plaza Tobalaba,Otra Área,"Puente Alto, Metropolitana de Santiago",Puente Alto,Metropolitana de Santiago,2026-08-27,6118310,carozzi,2026-09-06,2026-09-06,0.3581,Administrativo,Jornada Completa,Cory,Técnico profesional superior,Chile,2 años,2026-10-26,https://carozzi.trabajando.cl/trabajo-empleo/administrador-a-de-local-mall-plaza-tobalaba/trabajo/6118310,En Cantabria trabajamos junto a marcas...,"En Cantabria trabajamos junto a marcas que seguro conoces y disfrutas día a día: L'angolo 🍞, Palettas 🍡, Emporio La Rosa 🍨, Cory 🍰, Le Fournil 🥖, Bresler , Bonafide , entre otras.
Con más de 140 locales a lo largo de Chile y un crecimiento constante, nos hemos consolidado como una empresa líder en el rubro gastronómico. Nuestro propósito es llevar experiencias memorables a cada cliente, combinando sabor, calidad y dedicación.
Hoy queremos invitarte a ser parte de este camino.
Únete a Cantabria y construyamos juntos el futuro de la gastronomía. 💫
🎯 Misión del cargo:
Liderar la operación del local, asegurando una experiencia de servicio de excelencia, el cumplimiento de los estándares operativos y el logro de los objetivos del negocio.
🚀 Funciones principales:
Supervisar la operación diaria del local y apoyar al equipo cuando sea necesario.
Coordinar y liderar al equipo de trabajo durante cada turno.
Gestionar ventas, gastos, cajas y procesos administrativos.
Controlar inventarios, pedidos e insumos.
Velar por el cumplimiento de estándares operativos, sanitarios y de servicio.
Resolver contingencias y asegurar una excelente atención al cliente.",1,"Técnico Profesional en Administración o carrera afín (enseñanza media completa con experiencia también será considerada).
Experiencia mínima de 2 años liderando equipos.
Experiencia mínima de 1 año en cargos de atención y servicio al cliente.
Experiencia mínima de 1 año en trabajo administrativo como el mencionado.
Manejo intermedio de Microsoft Office y Outlook."
Instrumentista Automatización ,Otra Área,"Victoria, La Araucanía",Victoria,La Araucanía,2026-08-27,6118657,carozzi,2026-09-06,2026-09-06,0.3931,Ingeniero,Jornada Completa,Empresas Carozzi S.A.,Universitaria,Chile,3 años,2026-09-26,https://carozzi.trabajando.cl/trabajo-empleo/instrumentista-automatizacion/trabajo/6118657,En Carozzi tenemos como propósito dar...,"En Carozzi tenemos como propósito dar lo mejor de nosotros para que las personas puedan disfrutar más la vida, y es por ello que desde hace más de 128 años estamos presente en el mercado con más de 100 marcas como Costa🍫, Ambrosoli🍬, Vivo🥃, Trattoria🍝, Master Dog🐶, Bresler🍧 y Pancho Villa🌯, entre otras.
Somos una Compañía donde nos mueve la innovación, el respeto por las personas y la pasión por el trabajo bien hecho y queremos invitarte a postular al cargo Ingeniero Automatización para nuestra Planta ubicada en Victoria.
Misión: Realizar diagnóstico, reparación y acondicionamiento de equipos y maquinarias con componentes eléctricos y electrónicos de alta complejidad y/o programables, con el propósito de contribuir a la operatividad, eficiencia y continuidad productiva de la planta
¿Qué tienes que hacer?
Realizar diagnóstico y reparación de fallas eléctricas de alta complejidad en equipos y maquinarias.
Realizar diagnóstico, resolución de fallas y programación de equipos o sistemas comandados por PLC, comunicación de datos y envío de variables electrónicas.
Realizar propuestas y ejecutar proyectos de mejora en los procesos y líneas de producción de la planta.
Realizar la instalación de instrumentos de control en automatización de equipos, así como la calibración de instrumentos e inspeccionar parámetros en puntos críticos de control.
Inspeccionar los parámetros de funcionamiento y respaldo de los programas de la planta, previniendo y detectando posibles fallas.
Tenemos distintos beneficios para ti:
Casino.👩🍳
Bus de Acercamiento
Descuento en productos.🛒
Gimnasio y canchas deportivas.🤸
Seguros Complementarios
Estabilidad laboral y buen ambiente laboral.😄
Entre muchos más que te invitamos a descubrir.😎
¡Súmate a nuestro equipo y vive la Experiencia Carozzi!😊",1,"¿Qué necesitas para desempeñar este cargo?
Con formación Profesional del área eléctrica / automatización industrial o similar.
Experiencia: mínimo 3 años de experiencia en un cargo similar.
Conocimientos en:
Automatización y control.
Diagnóstico y programación de PLC (nivel avanzado)."
Operador de Caldera,Otra Área,"San Bernardo, Metropolitana de Santiago",San Bernardo,Metropolitana de Santiago,2026-08-27,6118286,carozzi,2026-09-06,2026-09-06,0.3239,Mantenedor,Jornada Completa,Empresas Carozzi S.A.,Media,Chile,4 años,2026-09-26,https://carozzi.trabajando.cl/trabajo-empleo/operador-de-caldera/trabajo/6118286,En Carozzi nos mueve hacer las cosas...,"En Carozzi nos mueve hacer las cosas bien, para que todos podamos compartir y disfrutar en un mejor entorno, y es por ello que desde hace más de 127 años estamos presentes en el mercado con más de 100 marcas como Costa, Ambrosoli, Vivo, Trattoria, Master Dog, Bresler y Pancho Villa, entre otras.
Somos una Compañía donde vivimos la innovación, la pasión por el trabajo bien hecho y el respeto por las personas, valorando la diversidad e inclusión, porque creemos que nuestras diferencias nos enriquecen como organización.
¡Un nuevo desafío te espera! 🚀😊 Buscamos Operador de Caldera.
Misión🌟
Ejecutar y supervisar el manejo de la operación de las calderas de mayor tamaño y/o complejidad de acuerdo con el decreto 10 (DS10) con el fin de mantener su funcionamiento de acuerdo con los parámetros establecidos en la organización.
¿Qué tienes que hacer?
Realizar el cumplimiento del decreto DS 10 mediante la actualización del libro de operación diaria de las calderas, incluyendo la toma de parámetros y la reportabilidad, de acuerdo con los lineamientos de la compañía y la normativa vigente.
Realizar el abastecimiento de combustible y agua a las calderas, suministrar vapor a las líneas de la sala de proceso.
Realizar la puesta en servicio y detención de las calderas, cumpliendo con los requerimientos de las diferentes Plantas.
Controlar dispositivos de seguridad, válvulas, alarmas, de acuerdo con lo establecido en el procedimiento, para evitar algún contingente de seguridad
Verificar y ejecutar el funcionamiento de las calderas mediante pruebas funcionales, desmontaje y ensamblaje de componentes, y coordinar su mantenimiento preventivo y la operación de servicios industriales según los procedimientos establecidos.
Tenemos distintos beneficios para ti:
Casino👩🍳
Buses de acercamiento🚍.
Descuento en productos.🛒
Gimnasio y canchas deportivas.🤸
Estabilidad laboral y buen ambiente laboral.😄
Entre muchos más que te invitamos a descubrir.😎
¡Súmate a nuestro equipo y vive la Experiencia Carozzi!😊",1,"¿Qué necesitas para desempeñar este cargo?
Enseñanza Media Completa
Certificado de competencia de operadores de calderas (DS10)
Al menos 4 años de experiencia en funciones similares.
Manejo de Excel."
Analista Contable de Personas SAP S/4HANA - Huechuraba,Otra Área,"Huechuraba, Metropolitana de Santiago",Huechuraba,Metropolitana de Santiago,2026-08-27,6118241,carozzi,2026-09-06,2026-09-06,0.4259,Analista,Mixta (Teletrabajo + Presencial),Emporio La Rosa,Universitaria,Chile,3 años,2026-10-26,https://carozzi.trabajando.cl/trabajo-empleo/analista-contable-de-personas-sap-s-4hana-huechuraba/trabajo/6118241,Centralizar y consolidar información...,"Centralizar y consolidar información contable del área de Personas.
Realizar ajustes contables y análisis de cuentas asociados a remuneraciones y gastos de personal.
Gestionar procesos de pago de remuneraciones y proveedores.
Generar reportes y apoyar el control de información financiera relacionada con Personas.
Velar por la correcta imputación y conciliación de cuentas contables.",1,"Título profesional de Contador Auditor.
Desde 3 años de experiencia en funciones contables similares vinculadas al área de Personas.
Manejo de SAP S/4HANA módulo Contable (excluyente).
Deseable experiencia utilizando BUK.
Disponibilidad para trabajar en Huechuraba bajo modalidad híbrida (3x2)."
Técnico Soldador Industrial - Parral,Otra Área,"Parral, Maule",Parral,Maule,2026-08-27,6118434,carozzi,2026-09-06,2026-09-06,0.3477,Mantenedor,Jornada Completa,Empresas Carozzi S.A.,Técnico medio/ colegio técnico,Chile,1 años,2026-09-26,https://carozzi.trabajando.cl/trabajo-empleo/tecnico-soldador-industrial-parral/trabajo/6118434,En Carozzi nos mueve hacer las cosas...,"En Carozzi nos mueve hacer las cosas bien, para que todos podamos compartir y disfrutar en un mejor entorno, y es por ello que desde hace más de 127 años estamos presentes en el mercado con más de 100 marcas como Costa🍫, Ambrosoli🍬, Vivo🥃, Trattoria🍝, Master Dog🐶, Bresler🍧 y Pancho Villa🌯, entre otras.
Somos una Compañía donde vivimos la innovación, la pasión por el trabajo bien hecho y el respeto por las personas, valorando la diversidad e inclusión, porque creemos que nuestras diferencias nos enriquecen como organización. Por eso queremos invitarte a postular al cargo Técnico Soldador Industrial para nuestra Planta ubicada en Parral.
Misión: Serás responsable de realizar la mantención preventiva y correctiva de estructuras menores y equipos de baja complejidad, así como también trabajos de mantenimiento de albañilería, carpintería, gasfitería y pintura según corresponda, con el fin de mantener las instalaciones e infraestructura de acuerdo a los estándares establecidos.
¿Qué tienes que hacer?
Realizar la mantención preventiva de estructuras menores (techos, baños, oficinas, entre otros), y equipos de menor complejidad según se requiera, así como también la reparación directa, en los casos que sea necesario.
Realizar trabajos de reparación de muros, pisos y escaleras, revestimiento y pintura de paredes y cielos, gasfitería menor, fabricación de estructuras de madera menores según se requiera, estimando herramientas y materiales necesarios, de acuerdo a la información técnica recibida.
Realizar la supervisión de los servicios y trabajos realizados por empresas contratistas, tanto en tiempo, forma y resultado, según corresponda.
Tenemos distintos beneficios para ti:
Casino.👩🍳
Buses de acercamiento🚍.
Descuento en productos.🛒
Gimnasio y canchas deportivas.🤸
Estabilidad laboral y buen ambiente laboral.😄Entre muchos más que te invitamos a descubrir.😎
¡Súmate a nuestro equipo y vive la Experiencia Carozzi!😊",1,"¿Qué necesitas para desempeñar este cargo?
Con formación Técnica nivel medio del área de construcción, industrial o similar..
Experiencia: mínimo 1año de experiencia en un cargo similar.
Conocimientos en:
Albañilería básica, procesos de pintura en muros y cielos.
Revestimientos.
Gasfitería menor.
Conocimientos en Normas de Seguridad Industrial en áreas productivas."
Ingeniero de Procesos BRC - Reñaca,Otra Área,"Viña del Mar, Valparaíso",Viña del Mar,Valparaíso,2026-08-27,6118480,carozzi,2026-09-06,2026-09-06,0.3372,Ingeniero,Jornada Completa,Empresas Carozzi S.A.,Universitaria,Chile,2 años,2026-09-26,https://carozzi.trabajando.cl/trabajo-empleo/ingeniero-de-procesos-brc-renaca/trabajo/6118480,En Carozzi nos mueve hacer las cosas...,"En Carozzi nos mueve hacer las cosas bien, para que todos podamos compartir y disfrutar en un mejor entorno, y es por ello que desde hace más de 128 años estamos presentes en el mercado con más de 100 marcas como Costa, Ambrosoli, Vivo, Trattoria, Master Dog, Bresler y Pancho Villa, entre otras.
Somos una Compañía donde vivimos la innovación, la pasión por el trabajo bien hecho y el respeto por las personas, valorando la diversidad e inclusión, porque creemos que nuestras diferencias nos enriquecen como organización.
¡Un nuevo desafío te espera! 🚀😊 Nuestro centro industrial de Reñaca está en busca de su próximo Ingeniero de Procesos BRC. Buscamos a personas con formación en las carreras de Ingeniería en Alimentos, Ingeniería Civil Industrial, Química, Bioquímica, Ingeniería en Bioprocesos, Biotecnología o carrera afín. Idealmente con tres años de experiencia liderando equipos.
Misión: Coordinar y controlar la implementación, mantención y actualización del programa de aseguramiento de inocuidad respectivo, así como el cumplimiento de la normativa vigente en las plantas productivas y otros recintos relacionados, con el fin de lograr el cumplimiento de las certificaciones requeridas por la empresa.
¿Qué tienes que hacer?
Coordinar y controlar la implementación, mantención y actualización del Sistema de Aseguramiento de Inocuidad según corresponda.
Coordinar la elaboración y actualización de la documentación requerida por los sistemas de trabajo utilizados.
Realizar la identificación de necesidades de capacitación a los colaboradores que así lo requieran, coordinando y realizando en ocasiones capacitaciones en BMP y en el cumplimiento de las normativas de higiene.
Auditar el uso de los sistemas de trabajo vigentes en la planta, a través de procedimientos formales.
Coordinar reuniones periódicas informativas con Producción y Calidad, controlando y haciendo seguimiento de los acuerdos y acciones que se tomen en aquellas instancias.
Liderar la implementación y cumplimiento del pilar 5S en planta, mediante la planificación, coordinación y supervisión de las actividades asociadas, gestionando y asegurando la disponibilidad de los recursos necesarios para dar cumplimiento a los estándares, metas y lineamientos definidos por el programa 5S.
Tenemos distintos beneficios para ti🎁🎉
Casino.
Buses de acercamiento.
Seguro complementario, de vida, entre otros.
Descuento en productos.
Gym.
Reajuste por IPC.
Estabilidad laboral y buen ambiente laboral.
Entre muchos más que te invitamos a descubrir.",1,"Ingeniería en Alimentos, Ingeniería Civil Industrial, Química, Bioquímica, Ingeniería en Bioprocesos, Biotecnología o carrera afín.
Contar con 3 años de experiencia supervisando equipos de trabajo.
Experiencia en el rubro alimenticio. (excluyente)
Poseer conocimiento de normas de certificación y sistemas de aseguramiento de Inocuidad (HACCP, BRCGS, FSMA, Food Defense y Food Fraud).(excluyente)
Manejo de Microsoft Office intermedio.
Disponibilidad para trabajar en la V región."
Mecánico Industrial (Mantención),Otra Área,"San Bernardo, Metropolitana de Santiago",San Bernardo,Metropolitana de Santiago,2026-08-27,6118554,carozzi,2026-09-06,2026-09-06,0.3746,Técnico,Jornada Completa,Empresas Carozzi,Técnico profesional superior,Chile,1 años,2026-10-26,https://carozzi.trabajando.cl/trabajo-empleo/mecanico-industrial-mantencion/trabajo/6118554,En Carozzi tenemos como propósito dar...,"En Carozzi tenemos como propósito dar lo mejor de nosotros para que las personas puedan disfrutar más la vida, y es por ello que desde hace más de 128 años estamos presente en el mercado con más de 100 marcas como Costa🍫, Ambrosoli🍬, Vivo🥃, Trattoria🍝, Master Dog🐶, Bresler🍧 y Pancho Villa🌯, entre otras.
Somos una Compañía donde nos mueve la innovación, el respeto por las personas y la pasión por el trabajo bien hecho y queremos invitarte a postular al cargo Mecánico para nuestra Planta ubicada en San Bernardo.
Misión: Realizar diagnóstico, reparación y acondicionamiento sobre equipos y maquinarias de componentes mecánicos y electromecánicos, con el propósito de contribuir a la operatividad, eficiencia y continuidad productiva de los equipos y maquinarias de la planta.
¿Qué tienes que hacer?
Realizar diagnóstico y reparación de fallas mecánicas en equipos, maquinarias y componentes, participando en los análisis de falla respectivos.
Ejecutar mantenciones preventivas y correctivas a equipos, maquinarias e instalaciones, aplicando técnicas de mantenimiento que permitan dar continuidad a los procesos productivos, considerando confiabilidad, calidad, seguridad y costo global.
Realizar la modificación y/o construcción de componentes mecánicos según se requiera.
Realizar propuestas de medidas para la mejora de los procesos de mantenimiento mecánico.
Tenemos distintos beneficios para ti:
Casino.👩?🍳
Buses de acercamiento🚍.
Descuento en productos.🛒
Gimnasio y canchas deportivas.🤸
Estabilidad laboral y buen ambiente laboral.😄
Entre muchos más que te invitamos a descubrir.😎",1,"Con formación Técnica/Profesional del área Mecánica / mantenimiento industrial o similar.
Experiencia: 1 a 2 años de experiencia en un cargo similar.
Conocimientos en:
- Mecánica (nivel avanzado: Hidráulica, Neumática, elementos de control de vapor, etc.).
- Desarmado y armado de componentes mecánicos complejos.
- Diagnóstico y reparación de fallas mecánicas complejas.
- Desarmado y armado de componentes mecánicos.
- Limpieza de piezas mecánicas."
Analista Contable RRHH - Huechuraba,Otra Área,"Huechuraba, Metropolitana de Santiago",Huechuraba,Metropolitana de Santiago,2026-08-27,6118242,carozzi,2026-09-06,2026-09-06,0.4193,Analista,Mixta (Teletrabajo + Presencial),Emporio La Rosa,Universitaria,Chile,3 años,2026-10-26,https://carozzi.trabajando.cl/trabajo-empleo/analista-contable-rrhh-huechuraba/trabajo/6118242,Centralizar y consolidar información...,"Centralizar y consolidar información contable del área de Personas.
Realizar ajustes contables y análisis de cuentas asociados a remuneraciones y gastos de personal.
Gestionar procesos de pago de remuneraciones y proveedores.
Generar reportes y apoyar el control de información financiera relacionada con Personas.
Velar por la correcta imputación y conciliación de cuentas contables.",1,"Título profesional de Contador Auditor.
Desde 3 años de experiencia en funciones contables similares vinculadas al área de Personas.
Manejo de SAP S/4HANA módulo Contable (excluyente).
Deseable experiencia utilizando BUK.
Disponibilidad para trabajar en Huechuraba bajo modalidad híbrida (3x2)."
Eléctrico Industrial,Electricidad,"San Bernardo, Metropolitana de Santiago",San Bernardo,Metropolitana de Santiago,2026-08-26,6117582,carozzi,2026-09-06,2026-09-06,0.3572,Operario,Jornada Completa,Empresas Carozzi,Técnico profesional superior,Chile,2 años,2026-10-25,https://carozzi.trabajando.cl/trabajo-empleo/electrico-industrial/trabajo/6117582,En Carozzi nos mueve hacer las cosas...,"En Carozzi nos mueve hacer las cosas bien, para que todos podamos compartir y disfrutar en un mejor entorno, y es por ello que desde hace más de 127 años estamos presentes en el mercado con más de 100 marcas como Costa, Ambrosoli, Vivo, Trattoria, Master Dog, Bresler y Pancho Villa, entre otras.
Somos una Compañía donde vivimos la innovación, la pasión por el trabajo bien hecho y el respeto por las personas, valorando la diversidad e inclusión, porque creemos que nuestras diferencias nos enriquecen como organización.
Un nuevo desafío te espera! 🚀😊 El equipo de Mantención de una de nuestras plantas está en busca de su próximo Eléctrico Industrial
Buscamos a personas con estudios técnicos Nivel Superior en Electricidad Industrial, Electrónica, Automatización y Control Industrial o Instrumentación con al menos 2 años de experiencia como Mantenedor Eléctrico y/o Instrumentista en plantas industriales.
¿Qué tienes que hacer?
Realizar diagnóstico y reparación de fallas eléctricas de alta complejidad en equipos y maquinarias.
Mantener el funcionamiento de los equipos de planta.
Contribuir a la operatividad, eficiencia y continuidad productiva de los equipos y maquinarias de la planta.
Tenemos distintos beneficios que podrás disfrutar, acá te señalamos algunos de ellos:
Casino.
Buses de acercamiento.
Seguro complementario, de vida entre otros
Descuento en productos.
Gym.
Reajuste por IPC.
Estabilidad laboral.
Entre muchos más que te invitamos a descubrir.
Sí te atraen los desafíos te invitamos a postular y vivir la experiencia Carozzi.",1,"¿Qué necesitas para desempeñar este cargo?
Contar con estudios Técnicos Nivel Superior en Electricidad Industrial, Electrónica, Automatización y Control Industrial o Instrumentación
Al menos 2 años de experiencia como Mantenedor Eléctrico y/o Instrumentista en plantas industriales.
Estar dispuesto a trabajar en turnos rotativos (mañana, tarde y noche, de lunes a sábado).
Tener disponibilidad para trabajar en San Bernardo."
Eléctrico - San Bernardo,Otra Área,"San Bernardo, Metropolitana de Santiago",San Bernardo,Metropolitana de Santiago,2026-08-25,6117090,carozzi,2026-09-06,2026-09-06,0.3635,Mantenedor,Por Turnos,Empresas Carozzi S.A.,Técnico profesional superior,Chile,2 años,2026-09-24,https://carozzi.trabajando.cl/trabajo-empleo/electrico-san-bernardo/trabajo/6117090,En Carozzi tenemos como propósito dar...,"En Carozzi tenemos como propósito dar lo mejor de nosotros para que las personas puedan disfrutar más la vida, y es por ello que desde hace más de 125 años estamos presente en el mercado con más de 100 marcas como Costa🍫, Ambrosoli🍬, Vivo🥃, Trattoria🍝, Master Dog🐶, Bresler🍧 y Pancho Villa🌯, entre otras.
Somos una Compañía donde nos mueve la innovación, el respeto por las personas y la pasión por el trabajo bien hecho y queremos invitarte a postular al cargo Eléctrico para nuestra Planta ubicada en la Planta de Teno.
Misión: Serás responsable de realizar diagnóstico, reparación y acondicionamiento sobre equipos, maquinarias de componentes eléctricos y electrónicos, con el propósito de contribuir a la operatividad, eficiencia y continuidad productiva de la planta.
¿Qué tienes que hacer?
Realizar diagnóstico y reparación de fallas eléctricas en equipos, maquinarias y componentes, participando en los análisis de fallas respectivos, según corresponda.
Realizar propuestas de medidas para la mejora de los procesos de mantenimiento eléctrico y electrónicos.
Realizar la gestión de órdenes y avisos de mantenimiento en SAP.
Ejecutar la mantención eléctrica preventiva y correctiva de equipos, instalaciones y procesos automatizados, aplicando técnicas de mantenimiento que permitan dar continuidad al proceso productivo, considerando confiabilidad, calidad, seguridad y costo global.
Tenemos distintos beneficios para ti:
Casino.👩🍳
Buses de acercamiento🚍.
Descuento en productos.🛒
Gimnasio y canchas deportivas.🤸
Estabilidad laboral y buen ambiente laboral.😄Entre muchos más que te invitamos a descubrir.😎
¡Súmate a nuestro equipo y vive la Experiencia Carozzi!😊",1,"Contar con formación técnico nivel superior área eléctrica / electrónica o Ingeniería eléctrica/ en automatización.
Deseable experiencia de 2 años como electricista industrial o cargo similares
Estar dispuesto a trabajar en turnos rotativos (mañana, tarde y noche, de lunes a sábado).
Tener disponibilidad para trabajar en San Bernardo."
Técnico Eléctrico - San Bernardo,Otra Área,"San Bernardo, Metropolitana de Santiago",San Bernardo,Metropolitana de Santiago,2026-08-24,6116791,carozzi,2026-09-06,2026-09-06,0.3375,Mantenedor,Por Turnos,Empresas Carozzi S.A.,Técnico profesional superior,Chile,2 años,2026-09-23,https://carozzi.trabajando.cl/trabajo-empleo/tecnico-electrico-san-bernardo/trabajo/6116791,En Carozzi tenemos como propósito dar...,"En Carozzi tenemos como propósito dar lo mejor de nosotros para que las personas puedan disfrutar más la vida, y es por ello que desde hace más de 125 años estamos presente en el mercado con más de 100 marcas como Costa🍫, Ambrosoli🍬, Vivo🥃, Trattoria🍝, Master Dog🐶, Bresler🍧 y Pancho Villa🌯, entre otras.
Somos una Compañía donde nos mueve la innovación, el respeto por las personas y la pasión por el trabajo bien hecho y queremos invitarte a postular al cargo Eléctrico para nuestra Planta ubicada en la Planta de Teno.
Misión: Serás responsable de realizar diagnóstico, reparación y acondicionamiento sobre equipos, maquinarias de componentes eléctricos y electrónicos, con el propósito de contribuir a la operatividad, eficiencia y continuidad productiva de la planta.
¿Qué tienes que hacer?
Realizar diagnóstico y reparación de fallas eléctricas en equipos, maquinarias y componentes, participando en los análisis de fallas respectivos, según corresponda.
Realizar propuestas de medidas para la mejora de los procesos de mantenimiento eléctrico y electrónicos.
Realizar la gestión de órdenes y avisos de mantenimiento en SAP.
Ejecutar la mantención eléctrica preventiva y correctiva de equipos, instalaciones y procesos automatizados, aplicando técnicas de mantenimiento que permitan dar continuidad al proceso productivo, considerando confiabilidad, calidad, seguridad y costo global.
Tenemos distintos beneficios para ti:
Casino.👩🍳
Buses de acercamiento🚍.
Descuento en productos.🛒
Gimnasio y canchas deportivas.🤸
Estabilidad laboral y buen ambiente laboral.😄Entre muchos más que te invitamos a descubrir.😎
¡Súmate a nuestro equipo y vive la Experiencia Carozzi!😊",1,"Contar con formación técnico nivel superior área eléctrica / electrónica o Ingeniería eléctrica/ en automatización.
Deseable experiencia de 2 años como electricista industrial o cargo similares
Estar dispuesto a trabajar en turnos rotativos (mañana, tarde y noche, de lunes a sábado).
Tener disponibilidad para trabajar en San Bernardo."
Monitor Prevención de Riesgo,Prevención de Riesgos,"San Bernardo, Metropolitana de Santiago",San Bernardo,Metropolitana de Santiago,2026-08-24,6116533,carozzi,2026-09-06,2026-09-06,0.3314,Especialista,Jornada Completa,Empresas Carozzi,Técnico profesional superior,Chile,1 años,2026-10-25,https://carozzi.trabajando.cl/trabajo-empleo/monitor-prevencion-de-riesgo/trabajo/6116533,En Carozzi nos mueve hacer las cosas...,"En Carozzi nos mueve hacer las cosas bien, para que todos podamos compartir y disfrutar en un mejor entorno, y es por ello que desde hace más de 127 años estamos presentes en el mercado con más de 100 marcas como Costa, Ambrosoli, Vivo, Trattoria, Master Dog, Bresler y Pancho Villa, entre otras.
Somos una Compañía donde vivimos la innovación, la pasión por el trabajo bien hecho y el respeto por las personas, valorando la diversidad e inclusión, porque creemos que nuestras diferencias nos enriquecen como organización.
¡Un nuevo desafío te espera! 🚀😊 Buscamos a personas con formación profesional de las carreras Técnico en Prevención de Riesgo, con al menos 1 año de experiencia en el área de prevención e idealmente en la industria de producción de alimentos para trabajar en nuestro Centro Industrial de San Bernando.
¿Qué tienes que hacer?📘🖋
Realizar actividades establecidas en el programa de prevención, así como capacitaciones, revisión de equipos de protección personal, inspecciones, observaciones de seguridad en terreno, entre otros.
Realizar la revisión en terreno de actividades preventivas, desarrolladas por empresas Contratistas.
Realizar actividades de apoyo en la investigación de accidentes y desarrollo de inspecciones, como levantamiento de información, en conjunto con la jefatura directa de turno.
Realizar Inspecciones a los sistemas de emergencias (salidas y vías de evacuación, extintores, redes húmedas).
Tenemos distintos beneficios para ti🎁🎉
Casino.
Buses de acercamiento.
Seguro complementario, de vida entre otros
Descuento en productos.
Gym y canchas deportivas.
Reajuste por IPC.
Estabilidad laboral y buen ambiente laboral.
Entre muchos más que te invitamos a descubrir.😎",1,"¿Qué necesitas para desempeñar este cargo?
Estudios Técnico nivel superior en prevención de riesgo.
Al menos 1 año de experiencia en el área de prevención. (excluyente)
Experiencia en la industria de producción de alimentos. (deseable)"
Crew Local Heladería - Los Ángeles,Otra Área,"Los Ángeles, Biobío",Los Ángeles,Biobío,2026-08-24,6111403,carozzi,2026-09-06,2026-09-06,0.307,Operario,Part Time,Bresler,Técnico profesional superior,Chile,1 años,2026-09-09,https://carozzi.trabajando.cl/trabajo-empleo/crew-local-heladeria-los-angeles/trabajo/6111403,🌟 ¡Súmate a nuestro equipo y crece...,"🌟 ¡Súmate a nuestro equipo y crece con nosotros! 🌟
En nuestra reconocida heladería con presencia a nivel nacional buscamos personas responsables, comprometidas y con muchas ganas de aprender.
Si disfrutas trabajar con personas, entregar un servicio de calidad y formar parte de un ambiente dinámico y acogedor ¡esta es tu oportunidad! 🙌🍦
🍨¿Qué harás?
Mantener operativas todas las áreas del local (barra, cocina, bodegas, copería).
Preparar, montar y servir productos siguiendo recetas y normas de higiene.
Atender de manera cordial y resolutiva a los clientes, impulsando productos y cumpliendo metas.
Apoyar en la recepción y almacenamiento de productos.
Realizar tareas de caja (cobros, arqueos y cierres).
Si tienes energía, actitud y ganas de aprender, este es tu lugar. ¡Postula ahora y únete a nuestra familia gastronómica!",10,"Enseñanza media completa (excluyente).
Experiencia en atención al cliente, montar platos, mantener limpieza de espacios y manejo de caja.
Buena disposición, adaptabilidad y trabajo en equipo."
Crew Local Heladería - Los Ángeles,Otra Área,"Los Ángeles, Biobío",Los Ángeles,Biobío,2026-08-24,6113872,carozzi,2026-09-06,2026-09-06,0.3081,Operario,Part Time,Bresler,Técnico profesional superior,Chile,1 años,2026-09-16,https://carozzi.trabajando.cl/trabajo-empleo/crew-local-heladeria-los-angeles/trabajo/6113872,🌟 ¡Súmate a nuestro equipo y crece...,"🌟 ¡Súmate a nuestro equipo y crece con nosotros! 🌟
En nuestra reconocida heladería con presencia a nivel nacional buscamos personas responsables, comprometidas y con muchas ganas de aprender.
Si disfrutas trabajar con personas, entregar un servicio de calidad y formar parte de un ambiente dinámico y acogedor ¡esta es tu oportunidad! 🙌🍦
🍨¿Qué harás?
Mantener operativas todas las áreas del local (barra, cocina, bodegas, copería).
Preparar, montar y servir productos siguiendo recetas y normas de higiene.
Atender de manera cordial y resolutiva a los clientes, impulsando productos y cumpliendo metas.
Apoyar en la recepción y almacenamiento de productos.
Realizar tareas de caja (cobros, arqueos y cierres).
Si tienes energía, actitud y ganas de aprender, este es tu lugar. ¡Postula ahora y únete a nuestra familia gastronómica!",10,"Enseñanza media completa (excluyente).
Experiencia en atención al cliente, montar platos, mantener limpieza de espacios y manejo de caja.
Buena disposición, adaptabilidad y trabajo en equipo."
Analista de Gestión - Teno,Otra Área,"Teno, Maule",Teno,Maule,2026-08-21,6115935,carozzi,2026-09-06,2026-09-06,0.3626,Analista,Jornada Completa,Empresas Carozzi S.A.,Universitaria,Chile,1 años,2026-10-20,https://carozzi.trabajando.cl/trabajo-empleo/analista-de-gestion-teno/trabajo/6115935,En Carozzi nos mueve hacer las cosas...,"En Carozzi nos mueve hacer las cosas bien, para que todos podamos compartir y disfrutar en un mejor entorno, y es por ello que desde hace más de 128 años estamos presente en el mercado con más de 100 marcas como Costa, Ambrosoli🍬, Vivo🥃, Trattoria🍝, Master Dog🐶, Bresler🍧 y Pancho Villa🌯, entre otras.
Somos una Compañía donde vivimos la innovación, la pasión por el trabajo bien hecho y el respeto por las personas, valorando la diversidad e inclusión, porque creemos que nuestras diferencias nos enriquecen como organización.
¡Un nuevo desafío te espera! 🚀😊 El equipo de Logística está en busca de su próximo Analista de Gestión.
Buscamos a personas con formación universitaria en el área de administración, logística, producción o similar, con 1 o más años de experiencia en el área logística.
Misión: Realizar el seguimiento y análisis de los indicadores de gestión asociados al área de abastecimiento y control de existencias, junto con la coordinación de planes de acción y reportería, contribuyendo a la disponibilidad de información clave para la gestión y la toma de decisiones.
¿Qué tienes que hacer?
Realizar el seguimiento y análisis de los indicadores de gestión del área de Abastecimiento, identificando desviaciones y oportunidades de mejora.
Controlar el cumplimiento de los procedimientos, acuerdos y estándares definidos para la gestión de existencias y materiales.
Generar reportes e informes de gestión que faciliten el monitoreo de resultados y la toma de decisiones del área.
Gestionar el seguimiento y evaluación de proveedores mediante indicadores de desempeño y cumplimiento de objetivos establecidos.
Participar en iniciativas, proyectos y requerimientos extraordinarios del área, contribuyendo a la continuidad operacional y a la mejora continua de los procesos.
Tenemos distintos beneficios para ti:
Casino🍳.
Buses de acercamiento🚍.
Descuento en productos.🛒
Gimnasio y canchas deportivas.🤸
Estabilidad laboral y buen ambiente laboral.😄
Entre muchos más que te invitamos a descubrir.😎
¡Súmate a nuestro equipo y vive la Experiencia Carozzi!😊",1,"¿Qué necesitas para desempeñar este cargo?
Contar con formación universitaria en el área de administración, logística, producción o similar
Experiencia: 1 año de experiencia en un cargo similar.
Excel intermedio.
Conocimientos en:
Control y gestión de indicadores.
Levantamiento de procesos."
Administrativo de Personal (Finiquitos),Otra Área,"San Bernardo, Metropolitana de Santiago",San Bernardo,Metropolitana de Santiago,2026-08-20,6115720,carozzi,2026-09-06,2026-09-06,0.3571,Otro Profesional,Jornada Completa,Empresas Carozzi S.A.,Técnico profesional superior,Chile,1 años,2026-10-19,https://carozzi.trabajando.cl/trabajo-empleo/administrativo-de-personal-finiquitos/trabajo/6115720,En Carozzi tenemos como propósito dar...,"En Carozzi tenemos como propósito dar lo mejor de nosotros para que las personas puedan disfrutar más la vida, y es por ello que desde hace más de 126 años estamos presente en el mercado con más de 100 marcas como Costa🍫, Ambrosoli🍬, Vivo🥃, Trattoria🍝, Master Dog🐶, Bresler🍧 y Pancho Villa🌯, entre otras.
Somos una Compañía donde nos mueve la innovación, el respeto por las personas y la pasión por el trabajo bien hecho y queremos invitarte a postular al cargo de Administrativo de Personal para nuestra área de Gerencia de Personas en nuestra Planta ubicada en San Bernardo.
Buscamos a personas con formación Técnico o Ingeniero en Recursos Humanos, Administración de Recursos Humanos o similar,  entre 1 a 3 años de experiencia en el área.
Misión: Asegurar la correcta gestión de finiquitos, desde el cálculo hasta la documentación, cumpliendo plazos legales y normativas vigentes. Debe mantener relación directa con abogados y la Dirección del Trabajo, elaborando documentación, asistiendo a comparendos y realizando bajas oficiales. Su rol es ordenar y optimizar la administración de personal, aportando proactividad, organización y capacidad de adaptación a la cultura de la compañía.
¿Qué tienes que hacer?
Gestionar desvinculaciones y pagos asociados a demandas.
Elaborar y enviar documentación a abogados para responder demandas.
Asistir a comparendos en la Dirección del Trabajo.
Realizar bajas en la Dirección del Trabajo.
Asegurar cumplimiento de plazos legales en todos los procesos.
Apoyar en administración de personal y gestión de tiempos.
Proponer mejoras para aumentar la eficiencia en procesos internos.
Calcular y documentar entre 200 y 300 finiquitos mensuales.
Tenemos distintos beneficios para ti:
Casino.👩🍳
Buses de acercamiento🚍.
Descuento en productos.🛒
Gimnasio y canchas deportivas.🤸
Estabilidad laboral y buen ambiente laboral.😄
Entre muchos más que te invitamos a descubrir.😎
¡Súmate a nuestro equipo y vive la Experiencia Carozzi!😊",1,"¿Qué necesitas para desempeñar este cargo?
Contar con Formación Técnico de Recursos Humanos, Administración de Recursos Humanos o similar.
Contar con conocimientos en Legislación laboral, Gestión de finiquitos, Asistencia a comparendos en la Dirección del Trabajo.
Tener entre 1 a 3 años de experiencia en el área.
Conocimientos de SAP."
Operador de Máquina - San Bernardo NOS,Otra Área,"San Bernardo, Metropolitana de Santiago",San Bernardo,Metropolitana de Santiago,2026-08-20,6115847,carozzi,2026-09-06,2026-09-06,0.3175,Operario,Jornada Completa,Empresas Carozzi,Técnico medio/ colegio técnico,Chile,1 años,2026-10-19,https://carozzi.trabajando.cl/trabajo-empleo/operador-de-maquina-san-bernardo-nos/trabajo/6115847,En Carozzi tenemos como propósito dar...,"En Carozzi tenemos como propósito dar lo mejor de nosotros para que las personas puedan disfrutar más la vida, y es por ello que desde hace más de 128 años estamos presente en el mercado con más de 100 marcas como Costa🍫, Ambrosoli🍬, Vivo🥃, Trattoria🍝, Master Dog🐶, Bresler🍧 y Pancho Villa🌯, entre otras.
Somos una Compañía donde nos mueve la innovación, el respeto por las personas y la pasión por el trabajo bien hecho y queremos invitarte a postular al cargo Operador de Máquina para nuestra Planta ubicada en San Bernardo.
Misión: Ejecutar la operación de equipos y actividades básicas y rutinarias de la producción de planta con el fin de apoyar en el proceso productivo.
¿Qué tienes que hacer?
Ejecutar la operación de maquinarias, equipos y/o instrumentos, revisando y ajustando sus parámetros de funcionamiento, así como monitoreando la producción del equipo para cada orden de trabajo.
Inspeccionar visualmente la calidad de los insumos, materiales y materias primas de los procesos productivos.
Ejecutar el desarme, lubricaje y limpieza de componentes de los equipos, así como pruebas funcionales y cambios de formato de acuerdo a las pautas establecidas.
Realizar propuestas de acciones de mejora a su supervisor directo y detección de oportunidades de mejora en procesos con fallas o anomalías.
Realizar la operación de equipos de manipulación de cargas en los casos que sea necesario, o solicitar la asistencia de un Mantenedor en el caso que se requiera.
Ejecutar las funciones del cargo de manera presencial, siendo indispensable la presencia física para colaborar con el personal de planta, atender consultas inmediatas, coordinar actividades operativas y supervisar procesos en terreno, lo que asegura la continuidad productiva y la correcta ejecución de las labores del área.
Tenemos distintos beneficios para ti:
Casino.👩?🍳
Buses de acercamiento🚍.
Descuento en productos.🛒
Gimnasio y canchas deportivas.🤸
Estabilidad laboral y buen ambiente laboral.😄
Entre muchos más que te invitamos a descubrir.😎",1,"Enseñanza media completa, deseable técnico nivel medio (Liceo Industrial) electro -mecánica / máquinas - herramientas / mecánica industrial / similar.
Experiencia: 1 a 2 años de experiencia en un cargo similar.
Conocimientos en:
- Conocimientos básicos de electricidad, mecánica y electrónica.
- Manipulación de alimentos.
- Proceso productivo (Elaboración y/o Moldeo).
- Proceso de envasado.
- Gestión y calidad de procesos.
- Operación y mantención de equipos auxiliares o secundarios.
- Mantención general de equipos que opera."
Auxiliar de Aseo - Bresler La Capilla,Otra Área,"San Bernardo, Metropolitana de Santiago",San Bernardo,Metropolitana de Santiago,2026-08-20,6115722,carozzi,2026-09-06,2026-09-06,0.3086,Operario,Jornada Completa,Empresas Carozzi S.A.,Media,Chile,1 años,2026-09-19,https://carozzi.trabajando.cl/trabajo-empleo/auxiliar-de-aseo-bresler-la-capilla/trabajo/6115722,En Carozzi tenemos como propósito dar...,"En Carozzi tenemos como propósito dar lo mejor de nosotros para que las personas puedan disfrutar más la vida, y es por ello que desde hace más de 127 años estamos presente en el mercado con más de 100 marcas como Costa, Ambrosoli, Vivo, Trattoria, Master Dog, Bresler y Pancho Villa, entre otras
Somos una Compañía donde nos mueve la innovación, el respeto por las personas y la pasión por el trabajo bien hecho.
Buscamos a personas con formación de Auxiliar de Aseo con 1 año de experiencia en el area.
¿Qué tienes que hacer?
Realizar el aseo de oficinas, baños, desinfección, así como proporcionar los productos de limpieza y desinfección en las dosis correctas para el resto de las líneas de la planta, con el propósito de contribuir a la inocuidad de los procesos y a la continuidad operativa.
Tenemos distintos beneficios que podrás disfrutar, acá te señalamos algunos de ellos:
-Seguro complementario, de vida entre otros
-Descuento en productos.
-Gym.
-Reajuste por IPC.
-Estabilidad laboral.
-Entre muchos más que te invitamos a descubrir.
Sí te atraen los desafíos te invitamos a postular y vivir la experiencia Carozzi.",1,"Contar con enseñanza media completa
Deseable experiencia de 1 año en aseo
Contar con conocimientos en excel básico
Tener disponibilidad para trabajar en San Bernardo."
Administrador de Servicios ,Mantención,"San Bernardo, Metropolitana de Santiago",San Bernardo,Metropolitana de Santiago,2026-08-19,6115416,carozzi,2026-09-06,2026-09-06,0.3588,Administrativo,Jornada Completa,Empresas Carozzi,Media,Chile,1 años,2026-09-18,https://carozzi.trabajando.cl/trabajo-empleo/administrador-de-servicios/trabajo/6115416,En Carozzi nos mueve hacer las cosas...,"En Carozzi nos mueve hacer las cosas bien, para que todos podamos compartir y disfrutar en un mejor entorno, y es por ello que desde hace más de 127 años estamos presentes en el mercado con más de 100 marcas como Costa, Ambrosoli, Vivo, Trattoria, Master Dog, Bresler y Pancho Villa, entre otras.
Somos una Compañía donde vivimos la innovación, la pasión por el trabajo bien hecho y el respeto por las personas, valorando la diversidad e inclusión, porque creemos que nuestras diferencias nos enriquecen como organización.
Un nuevo desafío te espera! 🚀😊 Una de nuestras plantas esta en busca de su próximo Mayordomo de planta.
Misión: Realizar control de asistencia, ingreso y servicios generales, entre otros, en la planta asignada, con el fin de mantener el cumplimiento de normas, procedimientos y estándares definidos por Carozzi.
Tenemos distintos beneficios para ti:
Casino.
Buses de acercamiento.
Seguro complementario, de vida, entre otros...
Descuentos en productos.
Gym.
Reajuste por IPC.
Estabilidad y buen ambiente laboral.",6,"¿Qué tienes que hacer?
Realizar control de ingreso de personal interno y externo a la planta productiva, así como entrega de implementos a las personas que los requieran.
Realizar registro y control de asistencia de los colaboradores de la planta, así como recepción y registro de licencias médicas.
Realizar revisión de los servicios generales prestados, así como también de los servicios de aseo y casino en planta, distribuyendo materiales de aseo según corresponda.
Realizar coordinación de traslado de colaboradores desde y hacia la empresa, según actividades programadas por las áreas de producción y calidad.
Que necesitas:
Enseñanza media completa.
Computación nivel usuario avanzado
Experiencia en cargos de conserjería, guardia de seguridad o similar."
Monitor Sistema Inocuidad,Ventas,"San Bernardo, Metropolitana de Santiago",San Bernardo,Metropolitana de Santiago,2026-08-18,6114711,carozzi,2026-09-06,2026-09-06,0.3407,Técnico,Jornada Completa,Empresas Carozzi,Técnico medio/ colegio técnico,Chile,,2026-09-17,https://carozzi.trabajando.cl/trabajo-empleo/monitor-sistema-inocuidad/trabajo/6114711,En Carozzi tenemos como propósito dar...,"En Carozzi tenemos como propósito dar lo mejor de nosotros para que las personas puedan disfrutar más la vida, y es por ello que desde hace más de 128 años estamos presente en el mercado con más de 100 marcas como Costa🍫, Ambrosoli🍬, Vivo🥃, Trattoria🍝, Master Dog🐶, Bresler🍧 y Pancho Villa🌯, entre otras.
Somos una Compañía donde nos mueve la innovación, el respeto por las personas y la pasión por el trabajo bien hecho y queremos invitarte a postular al cargo de Monitor Sistema Inocuidad.
Buscamos a personas con formación en las carreras Técnico Medio en Industrias de Alimentos o afín. Desde 0 a 2 años de experiencia en el área.
Misión🌟
Realizar control del Sistema Aseguramiento de Inocuidad, en equipos, instalaciones y personal que participa en el proceso productivo, con el objetivo de mantener el cumplimiento de los requerimientos establecidos.
¿Qué tienes que hacer?📘🖋
Realizar recolección y revisión de planillas de control de normas de inocuidad dentro de la planta.
Realizar inspección de instalaciones y equipos de plantas productivas, tanto a nivel interno como externo a ellas.
Realizar revisión de la higiene de los colaboradores que trabajan en el proceso productivo, así como control a la disponibilidad de útiles de aseo.
Realizar el registro de la información recopilada dentro de la planta al sistema, según requerimientos del Sistema Aseguramiento de Inocuidad respectivo.
Realizar capacitaciones, a colaboradores de las áreas de producción, referentes a normas de inocuidad.
Tenemos distintos beneficios para ti🎁🎉
Casino.
Buses de acercamiento.
Seguro complementario, de vida entre otros
Descuento en productos.
Gym y canchas deportivas.
Reajuste por IPC.
Estabilidad laboral y buen ambiente laboral.
Entre muchos más que te invitamos a descubrir.",1,"Contar con formación Técnico Medio de Industria de Alimentos o similar.
Deseable con 0 a 2 años de experiencia.
Manejo de Microsoft Excel, nivel básico.
Deseable manejo de SAP."
Mecánico Soldador - Reñaca,Otra Área,"Viña del Mar, Valparaíso",Viña del Mar,Valparaíso,2026-08-14,6113595,carozzi,2026-09-06,2026-09-06,0.3297,Técnico,Por Turnos,Empresas Carozzi,Técnico profesional superior,Chile,1 años,2026-10-16,https://carozzi.trabajando.cl/trabajo-empleo/mecanico-soldador-renaca/trabajo/6113595,En Carozzi nos mueve hacer las cosas...,"En Carozzi nos mueve hacer las cosas bien, para que todos podamos compartir y disfrutar en un mejor entorno, y es por ello que desde hace más de 128 años estamos presentes en el mercado con más de 100 marcas como Costa, Ambrosoli, Vivo, Trattoria, Master Dog, Bresler y Pancho Villa, entre otras.
Somos una Compañía donde vivimos la innovación, la pasión por el trabajo bien hecho y el respeto por las personas, valorando la diversidad e inclusión, porque creemos que nuestras diferencias nos enriquecen como organización.
¡Un nuevo desafío te espera! 🚀😊 El equipo de Mantenimiento está en búsqueda de su próximo Mecánico Soldador.
Buscamos a personas con Técnico nivel Medio o Superior en Estructuras Metálicas, Mecánica Industrial, Mantenimiento Industrial y/o carrera afín, y que cuenten con disponibilidad para trabajar en turnos rotativos.
Misión: Realizar labores de fabricación y reparación de estructuras metálicas de distintos materiales mediante procesos de soldadura TIG y arco manual, así mismo, ejecutar el diagnóstico, reparación y acondicionamiento de equipos y maquinarias con componentes mecánicos y electromecánicos de baja complejidad, con el fin de asegurar su operatividad, eficiencia y continuidad productiva.
¿Qué tienes que hacer?
Realizar la fabricación de estructuras metálicas en acero carbono y acero inoxidable, de acuerdo con los requerimientos de la Planta de producción.
Realizar la reparación de estructuras metálicas de maquinarias y equipos.
Ejecutar trabajos de soldadura y corte de piezas metálicas, utilizando diferentes técnicas y máquinas, según los requerimientos del proceso.
Realizar diagnóstico y reparación de fallas mecánicas de baja complejidad en equipos y maquinarias.
Ejecutar la mantención preventiva y correctiva de equipos e instalaciones de menor complejidad.
Realizar asesoría en temas de seguridad y confiabilidad de equipos.
Tenemos distintos tipos de beneficios para ti:
Bus de Acercamiento
Servicio de Alimentación
Gimnasio
Descuento en sala de ventas
Estabilidad laboral y buen ambiente laboral
Uniforme
Entre muchos más que te invitamos a descubrir.
Si te atraen los desafíos te invitamos a postular y vivir la experiencia Carozzi.",1,"Técnico Nivel Medio o Superior en Estructuras Metálicas, Mecánica Industrial, Mantenimiento Industrial y/o carrera a fin.
Disponibilidad para trabajar de lunes a sábado en turnos rotativos de mañana (07:00-15:00), tarde (15:00-23:00) y noche (23:00-07:00).
Contar con experiencia de al menos 1 año en cargos similares.
Conocimiento en Soldadura al arco, TIG, Pulido y Soldadura con cámara inerte.
Manejo Microsoft Office: Nivel Usuario.
Manejo SAP (No excluyente)."
Técnico en Electricidad - Reñaca,Otra Área,"Viña del Mar, Valparaíso",Viña del Mar,Valparaíso,2026-08-14,6113563,carozzi,2026-09-06,2026-09-06,0.3227,Técnico,Por Turnos,Empresas Carozzi S.A.,Técnico profesional superior,Chile,1 años,2026-10-16,https://carozzi.trabajando.cl/trabajo-empleo/tecnico-en-electricidad-renaca/trabajo/6113563,En Carozzi nos mueve hacer las cosas...,"En Carozzi nos mueve hacer las cosas bien, para que todos podamos compartir y disfrutar en un mejor entorno, y es por ello que desde hace más de 128 años estamos presentes en el mercado con más de 100 marcas como Costa, Ambrosoli, Vivo, Trattoria, Master Dog, Bresler y Pancho Villa, entre otras.
Somos una Compañía donde vivimos la innovación, la pasión por el trabajo bien hecho y el respeto por las personas, valorando la diversidad e inclusión, porque creemos que nuestras diferencias nos enriquecen como organización.
¡Un nuevo desafío te espera! 🚀😊 El equipo de Mantenimiento en Centro Industrial Reñaca está en busca de un Eléctrico para ser parte del equipo.
Buscamos a personas con formación Técnica Nivel Superior en Electricidad, Automatización y Control Industrial o carrera afín. Idealmente con 1 año de experiencia en cargo similares en el rubro alimenticio o industrial.
Misión: Realizar diagnóstico, reparación y acondicionamiento sobre equipos y maquinarias de componentes eléctricos, con el propósito de contribuir a la operatividad, eficiencia y continuidad productiva de los equipos y maquinarias de la planta.
¿Qué tienes que hacer?
Realizar diagnóstico y reparación de fallas eléctricas en equipos y maquinarias.
Ejecutar la mantención eléctrica preventiva y correctiva de equipos e instalaciones.
Realizar asesoría en temas de seguridad y confiabilidad de equipos.
Realizar propuestas de medidas para la mejora de los procesos de mantenimiento.
Tenemos distintos tipos de beneficios para ti:
Seguro complementario de salud.
Descuento en productos.
Buses de acercamiento.
Servicio de alimentación.
Estabilidad laboral y buen ambiente laboral.
Entre muchos más que te invitamos a descubrir.
Si te atraen los desafíos te invitamos a postular y vivir la experiencia Carozzi.",1,"Formación Técnica nivel superior en Mantenimiento Industrial, Electromecánica, Electricidad, Automatización y Control Industrial o carrera afín.
Contar con 1 año de experiencia en cargo similares en el rubro alimenticio o industrial.
Disponibilidad para trabajar en turnos rotativos de mañana (07:00 a 15:00), tarde (15:00 a 23:00) y noche (23:00 a 07:00).
Conocimiento en MT y BT.
Conocimiento en PLC y VDF.
Ideal conocimiento en TPM y/o 5S."
Eléctrico Industrial - Instrumentista ,Electricidad,"San Bernardo, Metropolitana de Santiago",San Bernardo,Metropolitana de Santiago,2026-08-14,6113553,carozzi,2026-09-06,2026-09-06,0.3671,Operario,Jornada Completa,Empresas Carozzi,Técnico profesional superior,Chile,1 años,2026-10-16,https://carozzi.trabajando.cl/trabajo-empleo/electrico-industrial-instrumentista/trabajo/6113553,En Carozzi nos mueve hacer las cosas...,"En Carozzi nos mueve hacer las cosas bien, para que todos podamos compartir y disfrutar en un mejor entorno, y es por ello que desde hace más de 127 años estamos presentes en el mercado con más de 100 marcas como Costa, Ambrosoli, Vivo, Trattoria, Master Dog, Bresler y Pancho Villa, entre otras.
Somos una Compañía donde vivimos la innovación, la pasión por el trabajo bien hecho y el respeto por las personas, valorando la diversidad e inclusión, porque creemos que nuestras diferencias nos enriquecen como organización.
Un nuevo desafío te espera! 🚀😊 El equipo de Mantención de una de nuestras plantas está en busca de su próximo Eléctrico Industrial
Buscamos a personas con estudios técnicos Nivel Superior en Electricidad Industrial, Electrónica, Automatización y Control Industrial o Instrumentación con al menos 1 año de experiencia como Mantenedor Eléctrico y/o Instrumentista en plantas industriales.
¿Qué tienes que hacer?
Realizar diagnóstico y reparación de fallas eléctricas de alta complejidad en equipos y maquinarias.
Mantener el funcionamiento de los equipos de planta.
Contribuir a la operatividad, eficiencia y continuidad productiva de los equipos y maquinarias de la planta.
Tenemos distintos beneficios que podrás disfrutar, acá te señalamos algunos de ellos:
Casino.
Buses de acercamiento.
Seguro complementario, de vida entre otros
Descuento en productos.
Gym.
Reajuste por IPC.
Estabilidad laboral.
Entre muchos más que te invitamos a descubrir.
Sí te atraen los desafíos te invitamos a postular y vivir la experiencia Carozzi.",1,"¿Qué necesitas para desempeñar este cargo?
Contar con estudios Técnicos Nivel Superior en Electricidad Industrial, Electrónica, Automatización y Control Industrial o Instrumentación
Al menos 1 año de experiencia como Mantenedor Eléctrico y/o Instrumentista en plantas industriales.
Estar dispuesto a trabajar en turnos rotativos (mañana, tarde y noche, de lunes a sábado).
Tener disponibilidad para trabajar en San Bernardo."
Encargado de Patio,Otra Área,"San Bernardo, Metropolitana de Santiago",San Bernardo,Metropolitana de Santiago,2026-08-13,6113319,carozzi,2026-09-06,2026-09-06,0.2984,Coordinador,Jornada Completa,Empresas Carozzi S.A.,Técnico medio/ colegio técnico,Chile,2 años,2026-12-09,https://carozzi.trabajando.cl/trabajo-empleo/encargado-de-patio/trabajo/6113319,En Carozzi tenemos como propósito dar...,"En Carozzi tenemos como propósito dar lo mejor de nosotros para que las personas puedan disfrutar más la vida, y es por ello que desde hace más de 126 años estamos presente en el mercado con más de 100 marcas como Costa, Ambrosoli, Vivo, Trattoria, Master Dog, Bresler y Pancho Villa, entre otras
Somos una Compañía donde nos mueve la innovación, el respeto por las personas y la pasión por el trabajo bien hecho y queremos invitarte a postular al cargo de Encargo de Patio.
Mision: Realizar la supervisión y control de las labores de aseo general, orden, manejo de desechos y reciclaje en las áreas externas asignadas, con el propósito de contribuir con el cumplimiento de las normas de aseo internas y normativas legales de manejo de desechos y reciclaje.
¿Qué tienes que hacer?
Supervisar en terreno los procesos de distribución, asegurando el cumplimiento de normas y procedimientos con las distintas empresas externas.
Mantener contacto directo con camiones y peonetas, verificando que las condiciones de operación sean óptimas.
Realizar auditorías periódicas, incluyendo la aplicación y control de checklists de auditoría.
Ejecutar rondas de supervisión en el Centro de Distribución (CD), asegurando el correcto funcionamiento de las operaciones.
Coordinar y supervisar las labores de aseo general, orden y manejo de desechos dentro del CD.
Gestionar la selección, segregación, almacenamiento y retiro de desechos reciclables, no reciclables y subproductos, velando por el cumplimiento de las normativas ambientales y de seguridad.
Tenemos distintos beneficios para ti:
- Casino.
- Buses de acercamiento.
- Seguro complementario, de vida, entre otros...
- Descuentos en productos.
- Gym.
- Reajuste por IPC.
- Estabilidad y buen ambiente laboral.
Entre muchos más que te invitamos a descubrir.",1,"Requisitos:
Formación académica: Enseñanza Media Completa
Experiencia: Mínimo 2 años en Logística, trabajando en terreno y en turnos Rotativos
Disponibilidad para trabajar en Turnos Rotativos (mañana, tarde y noche, de lunes a sábado).
Tener disponibilidad para trabajar en San Bernardo."
Auxiliar de Aseo ,Otra Área,"San Bernardo, Metropolitana de Santiago",San Bernardo,Metropolitana de Santiago,2026-08-13,6113318,carozzi,2026-09-06,2026-09-06,0.3287,Auxiliar,Jornada Completa,Empresas Carozzi S.A.,Media,Chile,1 años,2026-12-09,https://carozzi.trabajando.cl/trabajo-empleo/auxiliar-de-aseo/trabajo/6113318,En Carozzi tenemos como propósito dar...,"En Carozzi tenemos como propósito dar lo mejor de nosotros para que las personas puedan disfrutar más la vida, y es por ello que desde hace más de 127 años estamos presente en el mercado con más de 100 marcas como Costa, Ambrosoli, Vivo, Trattoria, Master Dog, Bresler y Pancho Villa, entre otras.
Somos una Compañía donde nos mueve la innovación, el respeto por las personas y la pasión por el trabajo bien hecho.
Buscamos a personas con formación de Auxiliar de Aseo con 1 año de experiencia en aseo.
¿Qué tienes que hacer?
Ejecutar labores de limpieza y aseo al interior y exterior de la planta productiva.
Tenemos distintos beneficios que podrás disfrutar, acá te señalamos algunos de ellos:
-Casino.
-Buses de acercamiento.
-Seguro complementario, de vida entre otros
-Descuento en productos.
-Gym.
-Reajuste por IPC.
-Estabilidad laboral.
-Entre muchos más que te invitamos a descubrir.
Sí te atraen los desafíos te invitamos a postular y vivir la experiencia Carozzi.",1,"¿Qué necesitas para desempeñar este cargo?
Contar con enseñanza media completa
Deseable experiencia de 1 año en aseo
Estar dispuesto a trabajar de lunes a sábado en turnos rotativo (mañana - tarde - noche)
Tener disponibilidad para trabajar en San Bernardo."
Técnico Prevención de Riesgos - Reñaca,Otra Área,"Viña del Mar, Valparaíso",Viña del Mar,Valparaíso,2026-08-12,6112656,carozzi,2026-09-06,2026-09-06,0.3049,Técnico,Jornada Completa,Empresas Carozzi S.A.,Técnico profesional superior,Chile,2 años,2026-11-09,https://carozzi.trabajando.cl/trabajo-empleo/tecnico-prevencion-de-riesgos-renaca/trabajo/6112656,En Carozzi nos mueve hacer las cosas...,"En Carozzi nos mueve hacer las cosas bien, para que todos podamos compartir y disfrutar en un mejor entorno, y es por ello que desde hace más de 128 años estamos presentes en el mercado con más de 100 marcas como Costa, Ambrosoli, Vivo, Trattoria, Master Dog, Bresler y Pancho Villa, entre otras.
Somos una Compañía donde vivimos la innovación, la pasión por el trabajo bien hecho y el respeto por las personas, valorando la diversidad e inclusión, porque creemos que nuestras diferencias nos enriquecen como organización.
Un nuevo desafío te espera! 🚀😊 El equipo de Prevención está en busca de su próximo Técnico en Prevención de Riesgos.
Buscamos a personas con formación de Técnico en Prevención de Riesgos, idealmente con 2 años de experiencia en roles similares.
Misión: Realizar en terreno actividades de apoyo al área de Prevención de Riesgos, con el propósito de contribuir a la seguridad y salud laboral de los colaboradores de la planta.
¿Qué tienes que hacer?
Realizar actividades establecidas en el programa de prevención, así como capacitaciones, revisión de equipos de protección personal, inspecciones, observaciones de seguridad en terreno, entre otros.
Realizar la revisión en terreno de actividades preventivas, desarrolladas por empresas Contratistas.
Realizar actividades de apoyo en la investigación de accidentes y desarrollo de inspecciones, como levantamiento de información, en conjunto con la jefatura directa de turno.
Realizar Inspecciones a los sistemas de emergencias (salidas y vías de evacuación, extintores, redes húmedas).
Tenemos distintos beneficios para ti:
Casino.
Buses de acercamiento.
Seguro complementario.
Descuentos en productos.
Gym.
Reajuste por IPC.
Estabilidad y buen ambiente laboral.
Entre muchos más que te invitamos a descubrir...
Si te atraen los desafíos, te invitamos a postular y vivir la experiencia Carozzi.",1,"- Contar con formación Técnico en Prevención de Riesgos.
- Idealmente tener 2 años de experiencia en roles similares.
- Deseable conocimiento en trabajo en altura y riesgos críticos.
- Manejo de Microsoft Office nivel intermedio."
Operador de Maquina - Maquinista Industrial en Área de Elaboración,Operaciones,"San Bernardo, Metropolitana de Santiago",San Bernardo,Metropolitana de Santiago,2026-08-12,6112422,carozzi,2026-09-06,2026-09-06,0.2859,Operario,Jornada Completa,Empresas Carozzi,Técnico medio/ colegio técnico,Chile,1 años,2026-11-10,https://carozzi.trabajando.cl/trabajo-empleo/operador-de-maquina-maquinista-industrial-en-area-de-elaboracion/trabajo/6112422,En Carozzi nos mueve hacer las cosas...,"En Carozzi nos mueve hacer las cosas bien, para que todos podamos compartir y disfrutar en un mejor entorno, y es por ello que desde hace más de 127 años estamos presentes en el mercado con más de 100 marcas como Costa, Ambrosoli, Vivo, Trattoria, Master Dog, Bresler y Pancho Villa, entre otras.
Somos una Compañía donde vivimos la innovación, la pasión por el trabajo bien hecho y el respeto por las personas, valorando la diversidad e inclusión, porque creemos que nuestras diferencias nos enriquecen como organización.
Un nuevo desafío te espera! 🚀😊 El equipo de Atracción de Talentos está en busca de su próximo Maquinista Industrial
Buscamos a personas con formación técnica (Liceo Industrial) en electromecánica / maquinaria, mecánica industrial o similar, con 3 o más años de experiencia operando máquinas en empresas de alimentos.
¿Qué tienes que hacer?
Ejecutar la operación de maquinarias, equipos y/o instrumentos semicomplejos, revisando y ajustando sus parámetros de funcionamiento, así como monitoreando la producción del equipo para cada orden de trabajo.
Inspeccionar la calidad y cantidad de los insumos, materiales y materias primas de los procesos productivos y realizar acciones correctivas en caso de anomalías.
Realizar pruebas funcionales a los equipos, inspeccionando su lubricaje, limpieza y coordinando su mantención preventiva
Apoyo en la limpieza del área de trabajo.
Tenemos distintos beneficios que podrás disfrutar, acá te señalamos algunos de ellos:
-Casino.
-Buses de acercamiento.
-Seguro complementario, de vida entre otros
-Descuento en productos.
-Gym.
-Reajuste por IPC.
-Estabilidad laboral.
-Entre muchos más que te invitamos a descubrir.
Sí te atraen los desafíos te invitamos a postular y vivir la experiencia Carozzi.",3,"¿Qué necesitas para desempeñar este cargo?
Contar con formación técnica (Liceo Industrial) en electromecánica / maquinaria, mecánica industrial o similar.
Deseable experiencia de 2 años operando máquinas en empresas de alimentos.
Estar dispuesto a trabajar en turnos rotativos (mañana, tarde y noche, de lunes a sábado).
Tener disponibilidad para trabajar en San Bernardo."
Tetrapak - Máquina Envasadora - Maquinista ,Alimentos y Bebidas,"San Bernardo, Metropolitana de Santiago",San Bernardo,Metropolitana de Santiago,2026-08-11,6106441,carozzi,2026-07-27,2026-09-06,0.2917,Operario,Jornada Completa,Empresas Carozzi,Media,Chile,1 años,2026-09-30,https://carozzi.trabajando.cl/trabajo-empleo/tetrapak-maquina-envasadora-maquinista/trabajo/6106441,En Carozzi tenemos como propósito dar...,"En Carozzi tenemos como propósito dar lo mejor de nosotros para que las personas puedan disfrutar más la vida, y es por ello que desde hace más de 125 años estamos presente en el mercado con más de 100 marcas como Costa🍫, Ambrosoli🍬, Vivo🥃, Trattoria🍝, Master Dog🐶, Bresler🍧 y Pancho Villa🌯, entre otras.
Somos una Compañía donde vivimos la innovación, la pasión por el trabajo bien hecho y el respeto por las personas, valorando la diversidad e inclusión, porque creemos que nuestras diferencias nos enriquecen como organización.
¡Un nuevo desafío te espera! 🚀😊 Buscamos a personas con al menos 1 años de experiencia en operación de equipos de envasado para trabajar en nuestro Centro Industrial de Santiago, San Bernando como Operador de Maquina.
Funciones:
Ejecutar la operación de maquinarias, equipos y/o instrumentos semicomplejos, revisando y ajustando sus parámetros de funcionamiento, así como monitoreando la producción del equipo para cada orden de trabajo.
Inspeccionar la calidad y cantidad de los insumos, materiales y materias primas de los procesos productivos y realizar acciones correctivas en caso de anomalías.
Realizar pruebas funcionales a los equipos, inspeccionando su lubricaje, limpieza y coordinando su mantención preventiva.
Proponer acciones de mejora a su supervisor directo y detectar oportunidades de mejora en procesos con fallas o anomalías.
Tenemos distintos beneficios para ti:
Casino.
Buses de acercamiento🚍.
Descuento en productos.🛒
Gimnasio y canchas deportivas.🤸
Estabilidad laboral y buen ambiente laboral.😄
Entre muchos más que te invitamos a descubrir. 😎
¡Súmate a nuestro equipo y vive la Experiencia Carozzi! 😊",1,"¿Qué necesitas para desempeñar este cargo?
Contar con enseñanza media completa, deseable técnico nivel medio en electro -mecánica / máquinas - herramientas / mecánica industrial / o similar, con al menos 1 año de experiencia en el área.
Conocimientos en:
Operación de maquinarias de envasado Tetrapak
Conocimientos básicos de electricidad, mecánica y electrónica.
Deseable conocimientos en lubricación y/o instrumentación y control.
Proceso productivo (Elaboración y/o Moldeo).
Operación de equipos críticos."
Bodeguero Grúa Horquilla - Carozzi NOS,Otra Área,"San Bernardo, Metropolitana de Santiago",San Bernardo,Metropolitana de Santiago,2026-08-10,6111406,carozzi,2026-09-06,2026-09-06,0.2913,Operario,Por Turnos,Empresas Carozzi S.A.,Media,Chile,1 años,2026-09-09,https://carozzi.trabajando.cl/trabajo-empleo/bodeguero-grua-horquilla-carozzi-nos/trabajo/6111406,En Carozzi nos mueve hacer las cosas...,"En Carozzi nos mueve hacer las cosas bien, para que todos podamos compartir y disfrutar en un mejor entorno, y es por ello que desde hace más de 127 años estamos presente en el mercado con más de 100 marcas como Costa, Ambrosoli, Vivo, Trattoria, Master Dog, Bresler y Pancho Villa, entre otras.
Somos una Compañía donde vivimos la innovación, el respeto por las personas y la pasión por el trabajo bien hecho y queremos invitarte a postular al cargo de Bodeguero
Misión: Realizar recepción, almacenamiento y despacho de materiales en la bodega de materiales respectiva, con el fin de lograr el abastecimiento de los pedidos de clientes internos en los tiempos acordados y de acuerdo a los procedimientos establecidos.
¿Qué tienes que hacer?
-Mantener control y orden en la recepción y almacenamiento de materiales y productos terminados.
-Mantener orden en bodega de acuerdo a las normas y procedimientos establecidos
-Realizar despacho de materiales y productos terminados según requerimientos.
-Cumplir con despachos siguiendo metodologías FIFO
-Apoyar proceso de control de inventario
-Ingreso de información al sistema
-Manejo de grúa horquilla.
Tenemos distintos beneficios que podrás disfrutar, acá te señalamos algunos de ellos:
-Casino.
-Buses de acercamiento.
-Seguro complementario, de vida entre otros
-Descuento en productos.
-Gym.
-Reajuste por IPC.
-Estabilidad laboral.
-Entre muchos más que te invitamos a descubrir.
Sí te atraen los desafíos te invitamos a postular y vivir la experiencia Carozzi.",1,"Contar con Enseñanza Media Completa.
Contar con Licencia Clase D Vigente (Excluyente)
Deseable experiencia de 1 año en cargo de bodeguero o cargos similares.
Estar dispuesto a trabajar en turnos rotativos (mañana, tarde y noche de lunes a sábado).
Tener disponibilidad para trabajar en San Bernardo."
Auxiliar de Aseo - Carozzi Nos,Otra Área,"San Bernardo, Metropolitana de Santiago",San Bernardo,Metropolitana de Santiago,2026-08-10,6111408,carozzi,2026-09-06,2026-09-06,0.2996,Operario,Jornada Completa,Empresas Carozzi S.A.,Media,Chile,1 años,2026-09-09,https://carozzi.trabajando.cl/trabajo-empleo/auxiliar-de-aseo-carozzi-nos/trabajo/6111408,En Carozzi tenemos como propósito dar...,"En Carozzi tenemos como propósito dar lo mejor de nosotros para que las personas puedan disfrutar más la vida, y es por ello que desde hace más de 127 años estamos presente en el mercado con más de 100 marcas como Costa, Ambrosoli, Vivo, Trattoria, Master Dog, Bresler y Pancho Villa, entre otras
Somos una Compañía donde nos mueve la innovación, el respeto por las personas y la pasión por el trabajo bien hecho.
Buscamos a personas con formación de Auxiliar de Aseo con 1 año de experiencia en el area.
¿Qué tienes que hacer?
Realizar el aseo de oficinas, baños, desinfección, así como proporcionar los productos de limpieza y desinfección en las dosis correctas para el resto de las líneas de la planta, con el propósito de contribuir a la inocuidad de los procesos y a la continuidad operativa.
Tenemos distintos beneficios que podrás disfrutar, acá te señalamos algunos de ellos:
-Seguro complementario, de vida entre otros
-Descuento en productos.
-Gym.
-Reajuste por IPC.
-Estabilidad laboral.
-Entre muchos más que te invitamos a descubrir.
Sí te atraen los desafíos te invitamos a postular y vivir la experiencia Carozzi.",1,"Contar con enseñanza media completa
Deseable experiencia de 1 año en aseo
Contar con conocimientos en excel básico
Tener disponibilidad para trabajar en San Bernardo."
Analista de Calidad - NOS,Ventas,"San Bernardo, Metropolitana de Santiago",San Bernardo,Metropolitana de Santiago,2026-08-07,6110823,carozzi,2026-08-07,2026-09-06,0.3649,Técnico,Jornada Completa,Empresas Carozzi,Universitaria,Chile,,2026-06-10,https://carozzi.trabajando.cl/trabajo-empleo/analista-de-calidad-nos/trabajo/6110823,En Carozzi tenemos como propósito dar...,"En Carozzi tenemos como propósito dar lo mejor de nosotros para que las personas puedan disfrutar más la vida, y es por ello que desde hace más de 128 años estamos presente en el mercado con más de 100 marcas como Costa🍫, Ambrosoli🍬, Vivo🥃, Trattoria🍝, Master Dog🐶, Bresler🍧 y Pancho Villa🌯, entre otras.
Somos una Compañía donde nos mueve la innovación, el respeto por las personas y la pasión por el trabajo bien hecho y queremos invitarte a postular al cargo de Analista de Calidad.
Misión🌟
Realizar análisis cuantitativos y cualitativos de materias primas, envases y embalajes, productos en proceso y terminados, con el fin de contribuir al funcionamiento del Sistema de Gestión de Calidad de acuerdo a la normativa vigente y los requerimientos específicos de cada planta.
¿Qué tienes que hacer?📘🖋
Ejecutar la extracción y análisis de muestras de materias primas, materiales, envases, embalajes, productos en proceso y/o terminados, según los procedimientos establecidos.
Realizar seguimiento, registro e informe de materias primas, envases, embalajes, productos en proceso y/o terminados, rechazados y/o bloqueados para su uso en producción o distribución.
Realizar el ingreso de los resultados de las características de inspección en el sistema (SAP).
Realizar seguimiento y cuidado de la inocuidad del producto en proceso.
Tenemos distintos beneficios para ti🎁🎉
Casino.
Buses de acercamiento.
Seguro complementario, de vida entre otros
Descuento en productos.
Gym y canchas deportivas.
Reajuste por IPC.
Estabilidad laboral y buen ambiente laboral.
Entre muchos más que te invitamos a descubrir.",1,"Requisitos:
Técnico nivel superior del área de alimentos, química, control de calidad o similar.
0 a 2 años de experiencia en cargos similares.
Normas de Calidad (ISO 17.025, NCh 44, Reglamento Sanitario de Alimentos, HACCP).
Técnicas de análisis de calidad en empresas del rubro.
Manejo de SAP (no excluyente)"
Líder de Ciberseguridad,Otra Área,"San Bernardo, Metropolitana de Santiago",San Bernardo,Metropolitana de Santiago,2026-08-07,6110772,carozzi,2026-08-07,2026-09-06,0.3424,Especialista,Jornada Completa,Empresas Carozzi S.A.,Universitaria,Chile,5 años,2026-06-10,https://carozzi.trabajando.cl/trabajo-empleo/lider-de-ciberseguridad/trabajo/6110772,En Carozzi nos mueve hacer las cosas...,"En Carozzi nos mueve hacer las cosas bien, para que todos podamos compartir y disfrutar en un mejor entorno, y es por ello que desde hace más de 127 años estamos presentes en el mercado con más de 100 marcas como Costa, Ambrosoli, Vivo, Trattoria, Master Dog, Bresler y Pancho Villa, entre otras.
Somos una Compañía donde vivimos la innovación, la pasión por el trabajo bien hecho y el respeto por las personas, valorando la diversidad e inclusión, porque creemos que nuestras diferencias nos enriquecen como organización.
¡Un nuevo desafío te espera! 🚀😊 Para una trabajar en nuestro Centro Industrial ubicado en San Bernardo, buscamos Líder de Ciberseguridad. Se requiere profesional formación universitaria en Ingeniería en Ejecución informática, Ingeniería Civil en Informática, Telecomunicaciones y Redes, Ciberseguridad o afines. Con al menos 5 años de experiencia en cargo similar.
Misión🌟
Auditar y evaluar las posibles amenazas y riesgos de ciberseguridad a los que puede estar expuesto la organización, con el fin de lograr el cumplimiento de las normativas de seguridad informatica de acuerdo a lo definidos por la compañía.
¿Qué tienes que hacer? 🖋
Evaluar amenazas en redes, detección de intrusos, mecanismos de protección ante software y usuarios maliciosos.
Realizar protocolos y procedimientos de recuperación ante incidentes de ciberseguridad.
Controlar la implementación de los mecanismos de control de ciberseguridad en los distintos sistemas, tecnologías y proyectos informáticos de la empresa.
Impulsar buenas prácticas, actividades de concientización y ejercicios de phishing, aportando criterio e influencia para fortalecer la cultura de seguridad.
Tenemos distintos beneficios para ti🎁🎉
Casino.
Buses de acercamiento.
Seguro complementario, de vida, entre otros.
Descuento en productos.
Gym y canchas deportivas.
Reajuste por IPC.
Estabilidad laboral y buen ambiente laboral.
Entre muchos más que te invitamos a descubrir.",1,"Contar con formación profesional de Ingeniería en Ejecución informática, Ingeniería Civil en Informática, Telecomunicaciones y Redes, Ciberseguridad o afines
5 o más años en cargo similar.
Conocimientos de Microsoft 365
Conocimientos de Microsoft Azure
Manejo de Herramientas de Ciberseguridad como Fortinet y Netscope. (Deseable)"
Ingeniero de Proyectos Industriales ,Otra Área,"Sagrada Familia, Maule",Sagrada Familia,Maule,2026-08-07,6110666,carozzi,2026-08-07,2026-09-06,0.3508,Otro Profesional,Jornada Completa,Empresas Carozzi S.A.,Universitaria,Chile,5 años,2026-06-10,https://carozzi.trabajando.cl/trabajo-empleo/ingeniero-de-proyectos-industriales/trabajo/6110666,"En Carozzi nos mueve hacer las cosas bien, para que todos podamos compartir y disfrutar en un mejor entorno, y es por ello que desde hace más de 127 años estamos ...","En Carozzi nos mueve hacer las cosas bien, para que todos podamos compartir y disfrutar en un mejor entorno, y es por ello que desde hace más de 127 años estamos  presentes en el mercado con más de 100 marcas como Costa, Ambrosoli, Vivo, Trattoria, Master Dog, Bresler y Pancho Villa, entre otras.
Somos una Compañía donde vivimos la innovación, la pasión por el trabajo bien hecho y el respeto por las personas, valorando la diversidad e inclusión, porque creemos que  nuestras diferencias nos enriquecen como organización.
¡Un nuevo desafío te espera! 🚀
😊 Para una trabajar en nuestra Planta de Mascota ubicada en Lontué, buscamos Ingeniero de Proyectos Industriales Sr. Buscamos a persona con formación universitaria en  Ingeniería Civil Eléctrica, Electrónica o afines. Idealmente con 5 años de experiencia en cargo similar.
Misión🌟
Responsable de programar y evaluar proyectos del área eléctrica principalmente, para la mantención de los servicios y maquinarias con el fin de contribuir a la continuidad,  seguridad y optimización de procesos y equipos de la Planta.
¿Qué tienes que hacer? 🖋
Asesorar técnicamente a las diferentes áreas y plantas en lo que concierne a proyectos relacionados a las áreas de mecánica, eléctrica, electrónica y automatización.
Coordinar la contratación de empresas proveedoras, estableciendo el alcance técnico de los procesos de licitación.
Supervisar la ejecución de los trabajos realizados por las empresas contratistas.
Realizar las funciones que sean necesarias, producto de la ocurrencia de situaciones excepcionales que alteren el curso normal del proceso administrativo del área, junto  con aquellas que, según la práctica, naturaleza o descripción respectiva, corresponden a dicho cargo.
Tenemos distintos beneficios para ti🎁🎉
Casino.
Buses de acercamiento.
Seguro complementario, de vida, entre otros.
Descuento en productos.
Gym y canchas deportivas.
Reajuste por IPC.
Estabilidad laboral y buen ambiente laboral.",1,"Es necesario que cuentes con:
Formación profesional en Ingeniería Civil Eléctrica, Electrónica o afines (excluyente).
5 o más años en cargo similar.
Experiencia en industria alimentaria (deseable).
Inglés (deseable).
Manejo de SAP y Microsoft Project (deseable)."
Eléctrico Industrial- Planta San Bernardo Nos,Otra Área,"San Bernardo, Metropolitana de Santiago",San Bernardo,Metropolitana de Santiago,2026-08-07,6110574,carozzi,2026-08-07,2026-09-06,0.348,Técnico,Jornada Completa,Empresas Carozzi S.A.,Técnico medio/ colegio técnico,Chile,1 años,2026-02-11,https://carozzi.trabajando.cl/trabajo-empleo/electrico-industrial-planta-san-bernardo-nos/trabajo/6110574,En Carozzi tenemos como propósito dar...,"En Carozzi tenemos como propósito dar lo mejor de nosotros para que las personas puedan disfrutar más la vida, y es por ello que desde hace más de 128 años estamos presente en el mercado con más de 100 marcas como Costa🍫, Ambrosoli🍬, Vivo🥃, Trattoria🍝, Master Dog🐶, Bresler🍧 y Pancho Villa🌯, entre otras.
Somos una Compañía donde nos mueve la innovación, el respeto por las personas y la pasión por el trabajo bien hecho y queremos invitarte a postular al cargo Eléctrico para nuestra Planta ubicada en San Bernardo.
Misión: Realizar diagnóstico, reparación y acondicionamiento sobre equipos, maquinarias de componentes eléctricos de mediana/alta complejidad, con el
propósito de contribuir a la operatividad, eficiencia y continuidad productiva de los equipos y maquinarias de la planta.
¿Qué tienes que hacer?
Realizar diagnóstico y reparación de fallas eléctricas de mediana/alta complejidad en equipos y maquinarias.
Ejecutar la mantención eléctrica preventiva y correctiva de equipos e instalaciones de mediana/alta complejidad.
Realizar propuestas de medidas para la mejora de los procesos de mantenimiento eléctrico.
Tenemos distintos beneficios para ti:
Casino.👩🍳
Buses de acercamiento🚍.
Descuento en productos.🛒
Gimnasio y canchas deportivas.🤸
Estabilidad laboral y buen ambiente laboral.😄
Entre muchos más que te invitamos a descubrir.😎
¡Súmate a nuestro equipo y vive la Experiencia Carozzi!😊",1,"¿Qué necesitas para desempeñar este cargo?
Con formación Técnica/Profesional del área eléctrica / automatización industrial o similar.
Experiencia: de 0 a 2 años de experiencia en un cargo similar.
Conocimientos en:
Electricidad y electrónica.
Diagnóstico y reparación de fallas eléctricas.
Neumática.
Seguridad Industrial: Normativas Legales, riesgos en el área de trabajo y su prevención, políticas corporativas y detección, análisis y tratamiento de riesgos.
Interpretación de planos eléctricos.
Parametrización de variadores de frecuencia, partidores suaves y puesta en marcha.
Manejo de corrientes débiles (4-20 mili amperes y 0-10 volts)."
Ingeniero en Mantenimiento,Otra Área,"San Bernardo, Metropolitana de Santiago",San Bernardo,Metropolitana de Santiago,2026-08-07,6110561,carozzi,2026-08-07,2026-09-06,0.3646,Ingeniero,Jornada Completa,Empresas Carozzi S.A.,Universitaria,Chile,2 años,2026-06-10,https://carozzi.trabajando.cl/trabajo-empleo/ingeniero-en-mantenimiento/trabajo/6110561,En Carozzi tenemos como propósito dar...,"En Carozzi tenemos como propósito dar lo mejor de nosotros para que las personas puedan disfrutar más la vida, y es por ello que desde hace más de 126 años estamos presente en el mercado con más de 100 marcas como Costa🍫, Ambrosoli🍬, Vivo🥃, Trattoria🍝, Master Dog🐶, Bresler🍧 y Pancho Villa🌯, entre otras.
Somos una Compañía donde nos mueve la innovación, el respeto por las personas y la pasión por el trabajo bien hecho y queremos invitarte a postular al cargo Ingeniero de Mantenimiento para nuestra Planta de Galletas ubicada en San Bernardo.
Buscamos a personas con formación Ingeniero mecánico, Ingeniero eléctrico, ingeniero en mantenimiento o similar, con 2 años de experiencia en el área.
Misión: Realizar el diseño e implementación de programas de mejora continua para el área de mantenimiento, realizando análisis de disponibilidad y confiabilidad con bases técnicas, contribuyendo al logro de los objetivos del área.
¿Qué tienes que hacer?
Analizar información del área de mantenimiento y elaborar informes técnicos y estadísticos.
Diseñar e implementar planes de mantenimiento y programas de mejora continua, incluyendo TPM.
Gestionar KPI del área (disponibilidad, tiempos de reparación, frecuencia de fallas).
Elaborar y entregar especificaciones técnicas para contratación de servicios externos, inspeccionando y evaluando trabajos realizados.
Realizar diagnósticos de equipos, aplicar mantenimiento predictivo y técnicas de confiabilidad.
Liderar al equipo mediante charlas, coordinación y toma de decisiones.
Tenemos distintos beneficios para ti:
Casino.👩🍳
Buses de acercamiento🚍.
Descuento en productos.🛒
Gimnasio y canchas deportivas.🤸
Estabilidad laboral y buen ambiente laboral.😄
Entre muchos más que te invitamos a descubrir.😎
¡Súmate a nuestro equipo y vive la Experiencia Carozzi!😊",1,"¿Qué necesitas para desempeñar este cargo?
Contar con formación Ingeniero mecánico, Ingeniero eléctrico, ingeniero en mantenimiento o similar.
2 años de experiencia en un cargo similar en la industria de Alimentos.
Conocimientos en excel/ power bi"
Analista de Innovación abierta y Venture Scouting,Otra Área,"San Bernardo, Metropolitana de Santiago",San Bernardo,Metropolitana de Santiago,2026-08-07,6110535,carozzi,2026-08-07,2026-09-06,0.3865,Analista,Jornada Completa,Empresas Carozzi S.A.,Universitaria,Chile,3 años,2026-06-10,https://carozzi.trabajando.cl/trabajo-empleo/analista-de-innovacion-abierta-y-venture-scouting/trabajo/6110535,En Carozzi nos mueve hacer las cosas...,"En Carozzi nos mueve hacer las cosas bien, para que todos podamos compartir y disfrutar en un mejor entorno, y es por ello que desde hace más de 128 años estamos presente en el mercado con más de 100 marcas como Costa, Ambrosoli🍬, Vivo🥃, Trattoria🍝, Master Dog🐶, Bresler🍧 y Pancho Villa🌯, entre otras.
Somos una Compañía donde vivimos la innovación, la pasión por el trabajo bien hecho y el respeto por las personas, valorando la diversidad e inclusión, porque creemos que nuestras diferencias nos enriquecen como organización.
¡Un nuevo desafío te espera! 🚀😊 El equipo de Venture Capital e Innovación está en busca de su próximo Analista Inversiones.
Buscamos a personas con formación universitaria Ingeniería Civil, Industrial, Comercial, Biotecnología o afín, con 2-4 años de experiencia en venture capital, corporate venture, consultoría estratégica, innovación abierta o ecosistema de startups.
Misión: Identificar, evaluar y recomendar oportunidades estratégicas con startups, mediante análisis de mercado, financieros y de fit estratégico, y estructurar y dar seguimiento a los pilotos derivados de ellas, contribuyendo al pipeline y a los resultados de innovación abierta de Carozzi (deeptech, agtech, foodtech u otras verticales de interés).
¿Qué tienes que hacer?
Scouting y análisis estratégico (foco principal)
Mapear activamente el ecosistema de startups nacional e internacional en las verticales de interés de Carozzi, generando pipeline de forma proactiva (no solo reactiva a demandas puntuales).
Investigar problemas y oportunidades de negocio de la compañía que puedan resolverse con soluciones innovadoras, y traducirlos en criterios de búsqueda concretos.
Evaluar startups en etapas tempranas (pre-seed a Series A): modelo de negocio, equipo, tracción, tecnología, y validar información financiera, legal y de mercado.
Desarrollar modelos financieros para proyectar el impacto de las soluciones evaluadas (ej. ahorro de costos, upside en ventas, payback de la inversión o del piloto), como insumo cuantitativo para la recomendación.
Preparar memos, teasers y presentaciones sobre oportunidades y colaboraciones, con recomendación fundamentada (invertir, pilotar, descartar).
Estructuración y seguimiento de pilotos
Estructurar los pilotos con startups: definir alcance, hipótesis a validar, métricas de éxito, cronograma, responsables por parte de Carozzi y de la startup, y condiciones comerciales o legales básicas antes del arranque.
Coordinar con las áreas de negocio dueñas del piloto la puesta en marcha y los recursos necesarios.
Dar seguimiento a los pilotos activos, controlando cumplimiento de hitos y KPIs definidos en la estructuración.
Consolidar y reportar resultados y aprendizajes de las colaboraciones (pilotos, POCs, programas como Sinergia), contrastando el impacto real vs. lo proyectado en el modelo financiero.
Investigar y analizar los problemas, así como las oportunidades, que pueden ser abordadas mediante soluciones innovadoras y que estén alineadas con la compañía.
Recomendar startups para las necesidades estratégicas de la compañía, abarcando tanto el ámbito nacional como el internacional.
Diseñar y controlar los modelos de cooperación establecidos y su correcta ejecución.
Evaluar y verificar la información financiera, legal y de mercado de las empresas o socios estratégicos.
Realizar reportes y presentaciones sobre oportunidades y colaboraciones.
Controlar el resultado de las colaboraciones con startups.
Tenemos distintos beneficios para ti:
Casino.👩?🍳
Buses de acercamiento🚍.
Descuento en productos.🛒
Gimnasio y canchas deportivas.🤸
Estabilidad laboral y buen ambiente laboral.😄
Entre muchos más que te invitamos a descubrir.😎
¡Súmate a nuestro equipo y vive la Experiencia Carozzi!😊",1,"¿Qué necesitas para desempeñar este cargo?
Contar con formación universitaria Ingeniería Civil, Industrial, Comercial, Biotecnología o afín.
2-4 años de experiencia en venture capital, corporate venture, consultoría estratégica, innovación abierta o ecosistema de startups.
Sólidas habilidades cuantitativas: modelamiento financiero (Excel avanzado), valoración y proyección de impacto de negocio.
Sólidas habilidades interpersonales para facilitar el desarrollo de pilotos a lo largo de nuestra cadena de valor
Autonomía para generar pipeline propio y para estructurar pilotos de principio a fin, no solo procesar demandas entrantes.
Inglés intermedio/avanzado (Excluyente).
Microsoft excel avanzado. (Excluyente).
Conocimientos en:
Proficiente  manejo de inglés (deal flow internacional).
Deseable: conocimiento o interés en foodtech/agtech/deeptech."
Auxiliar de Aseo ,Otra Área,"San Bernardo, Metropolitana de Santiago",San Bernardo,Metropolitana de Santiago,2026-08-07,6110503,carozzi,2026-08-07,2026-09-06,0.3268,Auxiliar,Jornada Completa,Empresas Carozzi S.A.,Media,Chile,1 años,2026-06-09,https://carozzi.trabajando.cl/trabajo-empleo/auxiliar-de-aseo/trabajo/6110503,En Carozzi tenemos como propósito dar...,"En Carozzi tenemos como propósito dar lo mejor de nosotros para que las personas puedan disfrutar más la vida, y es por ello que desde hace más de 127 años estamos presente en el mercado con más de 100 marcas como Costa, Ambrosoli, Vivo, Trattoria, Master Dog, Bresler y Pancho Villa, entre otras.
Somos una Compañía donde nos mueve la innovación, el respeto por las personas y la pasión por el trabajo bien hecho.
Buscamos a personas con formación de Auxiliar de Aseo con 1 año de experiencia en aseo.
¿Qué tienes que hacer?
Ejecutar labores de limpieza y aseo al interior y exterior de la planta productiva.
Tenemos distintos beneficios que podrás disfrutar, acá te señalamos algunos de ellos:
-Casino.
-Buses de acercamiento.
-Seguro complementario, de vida entre otros
-Descuento en productos.
-Gym.
-Reajuste por IPC.
-Estabilidad laboral.
-Entre muchos más que te invitamos a descubrir.
Sí te atraen los desafíos te invitamos a postular y vivir la experiencia Carozzi.",1,"¿Qué necesitas para desempeñar este cargo?
Contar con enseñanza media completa
Deseable experiencia de 1 año en aseo
Estar dispuesto a trabajar de lunes a sábado en turnos rotativo (mañana - tarde - noche)
Tener disponibilidad para trabajar en San Bernardo."
Monitor Prevención de Riesgo,Prevención de Riesgos,"San Bernardo, Metropolitana de Santiago",San Bernardo,Metropolitana de Santiago,2026-08-07,6086907,carozzi,2026-07-17,2026-08-08,0.3396,Especialista,Jornada Completa,Empresas Carozzi,Técnico profesional superior,Chile,1 años,2026-08-23,https://carozzi.trabajando.cl/trabajo-empleo/monitor-prevencion-de-riesgo/trabajo/6086907,En Carozzi nos mueve hacer las cosas...,"En Carozzi nos mueve hacer las cosas bien, para que todos podamos compartir y disfrutar en un mejor entorno, y es por ello que desde hace más de 127 años estamos presentes en el mercado con más de 100 marcas como Costa, Ambrosoli, Vivo, Trattoria, Master Dog, Bresler y Pancho Villa, entre otras.
Somos una Compañía donde vivimos la innovación, la pasión por el trabajo bien hecho y el respeto por las personas, valorando la diversidad e inclusión, porque creemos que nuestras diferencias nos enriquecen como organización.
¡Un nuevo desafío te espera! 🚀😊 Buscamos a personas con formación profesional de las carreras Técnico en Prevención de Riesgo, con al menos 1 año de experiencia en el área de prevención e idealmente en la industria de producción de alimentos para trabajar en nuestro Centro Industrial de San Bernando.
¿Qué tienes que hacer?📘🖋
Realizar actividades establecidas en el programa de prevención, así como capacitaciones, revisión de equipos de protección personal, inspecciones, observaciones de seguridad en terreno, entre otros.
Realizar la revisión en terreno de actividades preventivas, desarrolladas por empresas Contratistas.
Realizar actividades de apoyo en la investigación de accidentes y desarrollo de inspecciones, como levantamiento de información, en conjunto con la jefatura directa de turno.
Realizar Inspecciones a los sistemas de emergencias (salidas y vías de evacuación, extintores, redes húmedas).
Tenemos distintos beneficios para ti🎁🎉
Casino.
Buses de acercamiento.
Seguro complementario, de vida entre otros
Descuento en productos.
Gym y canchas deportivas.
Reajuste por IPC.
Estabilidad laboral y buen ambiente laboral.
Entre muchos más que te invitamos a descubrir.😎",1,"¿Qué necesitas para desempeñar este cargo?
Estudios Técnico nivel superior en prevención de riesgo.
Al menos 1 año de experiencia en el área de prevención. (excluyente)
Experiencia en la industria de producción de alimentos. (deseable)"
Ingeniero de Procesos Planta Mascota,Otra Área,"Sagrada Familia, Maule",Sagrada Familia,Maule,2026-08-06,6110120,carozzi,2026-08-07,2026-09-06,0.3012,Otro Profesional,Jornada Completa,Empresas Carozzi S.A.,Universitaria,Chile,1 años,2026-05-10,https://carozzi.trabajando.cl/trabajo-empleo/ingeniero-de-procesos-planta-mascota/trabajo/6110120,En Carozzi nos mueve hacer las cosas...,"En Carozzi nos mueve hacer las cosas bien, para que todos podamos compartir y disfrutar en un mejor entorno, y es por ello que desde hace más de 128 años estamos presente en el mercado con más de 100 marcas como Costa, Ambrosoli🍬, Vivo🥃, Trattoria🍝, Master Dog🐶, Bresler🍧 y Pancho Villa🌯, entre otras.
Somos una Compañía donde vivimos la innovación, la pasión por el trabajo bien hecho y el respeto por las personas, valorando la diversidad e inclusión, porque creemos que nuestras diferencias nos enriquecen como organización.
¡Un nuevo desafío te espera! 🚀😊 El equipo de Producción de nuestra Planta Mascota está en busca de su próximo Ingeniero de Procesos.
Buscamos a personas con formación universitaria en Ingeniería Civil en áreas industriales (mecánica / eléctrica / química / Industrial), con 1 o más años de experiencia en el área industrial.
Misión: Serás responsable de analizar y evaluar la elaboración e implementación de proyectos de nuevos procesos, productos o modificaciones de los actuales, con el fin de contribuir en el desarrollo de mejoras en los procesos productivos, según costos, calidad y seguridad definidos.
¿Qué tienes que hacer?
Evaluar y supervisar la ejecución de los procesos de producción, monitoreando continuamente las medidas de seguridad de los alimentos.
Realizar procedimientos estableciendo la secuencia de tareas para la ejecución de trabajos, identificando riesgos asociados a las tareas, definiendo acciones que minimicen dichos riesgos e incorporando cambios tecnológicos, acciones de mejoramiento continuo y normativa de riesgo, ambiente y calidad.
Diseñar, evaluar e implementar alternativas de optimización y cambios en procesos productivos, analizando condiciones de proceso, calidad y costo.
Coordinar puesta en marcha de equipos nuevos y/o modificados, productos nuevos, reingenierías de productos, evaluación de mejoras continuas, entre otros, llevando el control y el seguimiento, en conjunto con jefaturas respectivas, de los objetivos definidos según estándares determinados por la Gerencia de Operaciones.
Coordinar con las diferentes áreas la planificación e implementación de la metodología TPM en la planta.
Tenemos distintos beneficios para ti:
Casino.👩?🍳
Buses de acercamiento🚍.
Descuento en productos.🛒
Gimnasio y canchas deportivas.🤸
Estabilidad laboral y buen ambiente laboral.😄
Entre muchos más que te invitamos a descubrir.😎
¡Súmate a nuestro equipo y vive la Experiencia Carozzi!😊",1,"¿Qué necesitas para desempeñar este cargo?
Contar con formación universitaria en Ingeniería Civil en áreas industriales (mecánica / eléctrica / química / Industrial).
Experiencia: 1 año de experiencia en un cargo similar.
Excel intermedio.
Licencia clase B.
Conocimientos en:
Metodología TPM.
Control estadístico de procesos.
Gestión de control de la producción."
Supervisor de Producción - Reñaca,Otra Área,"Viña del Mar, Valparaíso",Viña del Mar,Valparaíso,2026-08-06,6100525,carozzi,2026-07-17,2026-09-06,0.3436,Ingeniero,Por Turnos,Empresas Carozzi S.A.,Universitaria,Chile,2 años,2026-05-10,https://carozzi.trabajando.cl/trabajo-empleo/supervisor-de-produccion-renaca/trabajo/6100525,En Carozzi nos mueve hacer las cosas...,"En Carozzi nos mueve hacer las cosas bien, para que todos podamos compartir y disfrutar en un mejor entorno, y es por ello que desde hace más de 128 años estamos presentes en el mercado con más de 100 marcas como Costa, Ambrosoli, Vivo, Trattoria, Master Dog, Bresler y Pancho Villa, entre otras.
Somos una Compañía donde vivimos la innovación, la pasión por el trabajo bien hecho y el respeto por las personas, valorando la diversidad e inclusión, porque creemos que nuestras diferencias nos enriquecen como organización.
Un nuevo desafío te espera! 🚀😊 El equipo de Planta Caramelos está en busca de su próximo Supervisor de Producción.
Buscamos a personas con Formación Técnica Profesional de las carreras de Mecánica, Química, Eléctrica y/o Ingeniería Industrial, Ingeniería en Alimentos, Ingeniería Mecánica o carrera afín. Idealmente con 2 años de experiencia en roles similares.
Misión: Supervisar y coordinar en terreno, al grupo de turno asignado, en cuanto a los procesos involucrados en la producción con el fin de mantener operativas las líneas productivas y lograr el cumplimiento del programa de acuerdo a los estándares de calidad y productividad establecidos.
¿Qué tienes que hacer?
Inspeccionar y monitorear el avance del programa de producción de las líneas a su cargo, asignando personal de operación en los equipos, revisando las condiciones de entrega y recibo de turno y realizando cambios en la secuencia de trabajo, previniendo sobrecargas en los procesos posteriores.
Analizar el programa de producción, revisando su secuencia, congestiones, solucionando problemas de procesos e investigando reclamos internos y externos que pudieran afectar la calidad de los productos.
Revisar el funcionamiento de instalaciones y equipos en la planta, así como monitorear los tiempos de trabajo del personal y equipos a cargos e implementar procesos de mejora continua.
Tenemos distintos beneficios para ti:
Casino.
Buses de acercamiento.
Seguro complementario.
Descuentos en productos.
Gym.
Reajuste por IPC.
Estabilidad y buen ambiente laboral.
Entre muchos más que te invitamos a descubrir...
Si te atraen los desafíos, te invitamos a postular y vivir la experiencia Carozzi.",1,"Formación Técnica Profesional de las carreras de Mecánica, Química, Eléctrica y/o Ingeniería Industrial, Ingeniería en Alimentos, Ingeniería Mecánica o carrera afín.
Idealmente tener 2 años de experiencia en cargos similares.
Manejo de Microsoft Office nivel intermedio.
Conocimiento en sistema SAP (deseable).
Conocimiento en Metodología TPM (deseable)."
Jefe de Bodega,Otra Área,"Sagrada Familia, Maule",Sagrada Familia,Maule,2026-08-06,6110377,carozzi,2026-08-07,2026-09-06,0.3256,Otro Profesional,Jornada Completa,Empresas Carozzi S.A.,Universitaria,Chile,3 años,2026-05-10,https://carozzi.trabajando.cl/trabajo-empleo/jefe-de-bodega/trabajo/6110377,En Carozzi nos mueve hacer las cosas...,"En Carozzi nos mueve hacer las cosas bien, para que todos podamos compartir y disfrutar en un mejor entorno, y es por ello que desde hace más de 128 años estamos presente en el mercado con más de 100 marcas como Costa, Ambrosoli🍬, Vivo🥃, Trattoria🍝, Master Dog🐶, Bresler🍧 y Pancho Villa🌯, entre otras.
Somos una Compañía donde vivimos la innovación, la pasión por el trabajo bien hecho y el respeto por las personas, valorando la diversidad e inclusión, porque creemos que nuestras diferencias nos enriquecen como organización.
¡Un nuevo desafío te espera! 🚀😊 El equipo Logística y Abastecimiento de nuestra Planta Mascota está en busca de su próximo Jefe de Bodega.
Buscamos a personas con formación universitaria en Ingeniería Industrial, Logística, Administración o similar, con 3 años de experiencia en el área de logística o similar.
Misión: Serás responsable de supervisar la recepción, almacenamiento y despacho de los productos del centro de distribución, con el propósito de lograr el funcionamiento operativo del CD de acuerdo a la planificación de los requerimientos operacionales y procedimientos establecidos.
¿Qué tienes que hacer?
Supervisar la recepción de productos desde producción hasta su traslado a zonas de almacenaje, preparación de pedidos, reposición de picking y despacho de productos.
Supervisar la planificación de la operación del centro de distribución, coordinando y gestionado todos los recursos necesarios, así como también los servicios de mesa de ayuda externas (OOLL) e internas de transporte, verificando cobros y pagos de manera eficiente.
Controlar y supervisar el movimiento de existencias en almacenes de tránsito, manteniendo un control actualizado en zonas de rack y picking respectivos.
Controlar y contribuir el uso del sistema de ""Carga Certificada"", cumpliendo exhaustivamente con la metodología de trabajo y sistema según los estándares y formas establecidas.
Controlar el proceso de logística inversa, gestionando devoluciones y retornos de productos desde clientes, para efectuar reparaciones, reciclaje o eliminación de estos, así como también crear notas de crédito generadas por las devoluciones de
estos productos.
Tenemos distintos beneficios para ti:
Casino.👩?🍳
Buses de acercamiento🚍.
Descuento en productos.🛒
Gimnasio y canchas deportivas.🤸
Estabilidad laboral y buen ambiente laboral.😄
Entre muchos más que te invitamos a descubrir.😎
¡Súmate a nuestro equipo y vive la Experiencia Carozzi!😊",1,"¿Qué necesitas para desempeñar este cargo?
Contar con formación universitaria en Ingeniería Industrial, Logística, Administración o similar.
Experiencia: 3 años de experiencia en el área de logística o similar.
Conocimientos en:
Administración de bodegas.
Gestión de rutas.
Conocimientos generales de higiene y manipulación de alimentos.
Supervisión y Liderazgo.
Aspectos conceptuales y normativos de la Ley N° 16.744 y normativas del reglamento interno."
Crew Local Heladería - Coquimbo,Otra Área,"Coquimbo, Coquimbo",Coquimbo,Coquimbo,2026-08-06,6107891,carozzi,2026-07-31,2026-08-08,0.3158,Operario,Part Time,Bresler,Técnico profesional superior,Chile,1 años,2026-09-28,https://carozzi.trabajando.cl/trabajo-empleo/crew-local-heladeria-coquimbo/trabajo/6107891,🌟 ¡Súmate a nuestro equipo y crece...,"🌟 ¡Súmate a nuestro equipo y crece con nosotros! 🌟
En nuestra reconocida heladería con presencia a nivel nacional buscamos personas responsables, comprometidas y con muchas ganas de aprender.
Si disfrutas trabajar con personas, entregar un servicio de calidad y formar parte de un ambiente dinámico y acogedor ¡esta es tu oportunidad! 🙌🍦
🍨¿Qué harás?
Mantener operativas todas las áreas del local (barra, cocina, bodegas, copería).
Preparar, montar y servir productos siguiendo recetas y normas de higiene.
Atender de manera cordial y resolutiva a los clientes, impulsando productos y cumpliendo metas.
Apoyar en la recepción y almacenamiento de productos.
Realizar tareas de caja (cobros, arqueos y cierres).
Si tienes energía, actitud y ganas de aprender, este es tu lugar. ¡Postula ahora y únete a nuestra familia gastronómica!",10,"Enseñanza media completa (excluyente).
Experiencia en atención al cliente, montar platos, mantener limpieza de espacios y manejo de caja.
Buena disposición, adaptabilidad y trabajo en equipo."
Crew Local Heladería - Estación Central,Otra Área,"Estación Central, Metropolitana de Santiago",Estación Central,Metropolitana de Santiago,2026-08-06,6107879,carozzi,2026-07-31,2026-08-08,0.3537,Operario,Part Time,Bresler,Técnico profesional superior,Chile,1 años,2026-08-29,https://carozzi.trabajando.cl/trabajo-empleo/crew-local-heladeria-estacion-central/trabajo/6107879,🌟 ¡Súmate a nuestro equipo y crece...,"🌟 ¡Súmate a nuestro equipo y crece con nosotros! 🌟
En nuestra reconocida heladería con presencia a nivel nacional buscamos personas responsables, comprometidas y con muchas ganas de aprender.
Si disfrutas trabajar con personas, entregar un servicio de calidad y formar parte de un ambiente dinámico y acogedor ¡esta es tu oportunidad! 🙌🍦
🍨¿Qué harás?
Mantener operativas todas las áreas del local (barra, cocina, bodegas, copería).
Preparar, montar y servir productos siguiendo recetas y normas de higiene.
Atender de manera cordial y resolutiva a los clientes, impulsando productos y cumpliendo metas.
Apoyar en la recepción y almacenamiento de productos.
Realizar tareas de caja (cobros, arqueos y cierres).
Si tienes energía, actitud y ganas de aprender, este es tu lugar. ¡Postula ahora y únete a nuestra familia gastronómica!",10,"Enseñanza media completa (excluyente).
Experiencia en atención al cliente, montar platos, mantener limpieza de espacios y manejo de caja.
Buena disposición, adaptabilidad y trabajo en equipo."
Crew Local Heladería - Chillán,Otra Área,"Chillán, Ñuble",Chillán,Ñuble,2026-08-06,6107886,carozzi,2026-07-31,2026-08-08,0.3215,Operario,Part Time,Bresler,Técnico profesional superior,Chile,1 años,2026-08-29,https://carozzi.trabajando.cl/trabajo-empleo/crew-local-heladeria-chillan/trabajo/6107886,🌟 ¡Súmate a nuestro equipo y crece...,"🌟 ¡Súmate a nuestro equipo y crece con nosotros! 🌟
En nuestra reconocida heladería con presencia a nivel nacional buscamos personas responsables, comprometidas y con muchas ganas de aprender.
Si disfrutas trabajar con personas, entregar un servicio de calidad y formar parte de un ambiente dinámico y acogedor ¡esta es tu oportunidad! 🙌🍦
🍨¿Qué harás?
Mantener operativas todas las áreas del local (barra, cocina, bodegas, copería).
Preparar, montar y servir productos siguiendo recetas y normas de higiene.
Atender de manera cordial y resolutiva a los clientes, impulsando productos y cumpliendo metas.
Apoyar en la recepción y almacenamiento de productos.
Realizar tareas de caja (cobros, arqueos y cierres).
Si tienes energía, actitud y ganas de aprender, este es tu lugar. ¡Postula ahora y únete a nuestra familia gastronómica!",10,"Enseñanza media completa (excluyente).
Experiencia en atención al cliente, montar platos, mantener limpieza de espacios y manejo de caja.
Buena disposición, adaptabilidad y trabajo en equipo."
Crew Local Heladería - Quilicura,Otra Área,"Quilicura, Metropolitana de Santiago",Quilicura,Metropolitana de Santiago,2026-08-06,6107883,carozzi,2026-07-31,2026-08-08,0.3535,Operario,Part Time,Bresler,Técnico profesional superior,Chile,1 años,2026-08-29,https://carozzi.trabajando.cl/trabajo-empleo/crew-local-heladeria-quilicura/trabajo/6107883,🌟 ¡Súmate a nuestro equipo y crece...,"🌟 ¡Súmate a nuestro equipo y crece con nosotros! 🌟
En nuestra reconocida heladería con presencia a nivel nacional buscamos personas responsables, comprometidas y con muchas ganas de aprender.
Si disfrutas trabajar con personas, entregar un servicio de calidad y formar parte de un ambiente dinámico y acogedor ¡esta es tu oportunidad! 🙌🍦
🍨¿Qué harás?
Mantener operativas todas las áreas del local (barra, cocina, bodegas, copería).
Preparar, montar y servir productos siguiendo recetas y normas de higiene.
Atender de manera cordial y resolutiva a los clientes, impulsando productos y cumpliendo metas.
Apoyar en la recepción y almacenamiento de productos.
Realizar tareas de caja (cobros, arqueos y cierres).
Si tienes energía, actitud y ganas de aprender, este es tu lugar. ¡Postula ahora y únete a nuestra familia gastronómica!",10,"Enseñanza media completa (excluyente).
Experiencia en atención al cliente, montar platos, mantener limpieza de espacios y manejo de caja.
Buena disposición, adaptabilidad y trabajo en equipo."
Crew Local Heladería - Rancagua,Otra Área,"Rancagua, Lib. Gral. Bdo. O'Higgins",Rancagua,Lib. Gral. Bdo. O'Higgins,2026-08-06,6110242,carozzi,2026-08-07,2026-08-08,0.3326,Operario,Part Time,Bresler,Técnico profesional superior,Chile,1 años,2026-05-09,https://carozzi.trabajando.cl/trabajo-empleo/crew-local-heladeria-rancagua/trabajo/6110242,🌟 ¡Súmate a nuestro equipo y crece...,"🌟 ¡Súmate a nuestro equipo y crece con nosotros! 🌟
En nuestra reconocida heladería con presencia a nivel nacional buscamos personas responsables, comprometidas y con muchas ganas de aprender.
Si disfrutas trabajar con personas, entregar un servicio de calidad y formar parte de un ambiente dinámico y acogedor ¡esta es tu oportunidad! 🙌🍦
🍨¿Qué harás?
Mantener operativas todas las áreas del local (barra, cocina, bodegas, copería).
Preparar, montar y servir productos siguiendo recetas y normas de higiene.
Atender de manera cordial y resolutiva a los clientes, impulsando productos y cumpliendo metas.
Apoyar en la recepción y almacenamiento de productos.
Realizar tareas de caja (cobros, arqueos y cierres).
Si tienes energía, actitud y ganas de aprender, este es tu lugar. ¡Postula ahora y únete a nuestra familia gastronómica!",10,"Enseñanza media completa (excluyente).
Experiencia en atención al cliente, montar platos, mantener limpieza de espacios y manejo de caja.
Buena disposición, adaptabilidad y trabajo en equipo."
Crew Local Heladería - Curicó,Otra Área,"Santiago, Metropolitana de Santiago",Santiago,Metropolitana de Santiago,2026-08-06,6110241,carozzi,2026-08-07,2026-08-08,0.3522,Operario,Part Time,Bresler,Técnico profesional superior,Chile,1 años,2026-05-09,https://carozzi.trabajando.cl/trabajo-empleo/crew-local-heladeria-curico/trabajo/6110241,🌟 ¡Súmate a nuestro equipo y crece...,"🌟 ¡Súmate a nuestro equipo y crece con nosotros! 🌟
En nuestra reconocida heladería con presencia a nivel nacional buscamos personas responsables, comprometidas y con muchas ganas de aprender.
Si disfrutas trabajar con personas, entregar un servicio de calidad y formar parte de un ambiente dinámico y acogedor ¡esta es tu oportunidad! 🙌🍦
🍨¿Qué harás?
Mantener operativas todas las áreas del local (barra, cocina, bodegas, copería).
Preparar, montar y servir productos siguiendo recetas y normas de higiene.
Atender de manera cordial y resolutiva a los clientes, impulsando productos y cumpliendo metas.
Apoyar en la recepción y almacenamiento de productos.
Realizar tareas de caja (cobros, arqueos y cierres).
Si tienes energía, actitud y ganas de aprender, este es tu lugar. ¡Postula ahora y únete a nuestra familia gastronómica!",10,"Enseñanza media completa (excluyente).
Experiencia en atención al cliente, montar platos, mantener limpieza de espacios y manejo de caja.
Buena disposición, adaptabilidad y trabajo en equipo."
Crew Local Heladería - Temuco,Otra Área,"Temuco, La Araucanía",Temuco,La Araucanía,2026-08-06,6110149,carozzi,2026-08-07,2026-08-08,0.3462,Operario,Part Time,Bresler,Técnico profesional superior,Chile,1 años,2026-05-09,https://carozzi.trabajando.cl/trabajo-empleo/crew-local-heladeria-temuco/trabajo/6110149,🌟 ¡Súmate a nuestro equipo y crece...,"🌟 ¡Súmate a nuestro equipo y crece con nosotros! 🌟
En nuestra reconocida heladería con presencia a nivel nacional buscamos personas responsables, comprometidas y con muchas ganas de aprender.
Si disfrutas trabajar con personas, entregar un servicio de calidad y formar parte de un ambiente dinámico y acogedor ¡esta es tu oportunidad! 🙌🍦
🍨¿Qué harás?
Mantener operativas todas las áreas del local (barra, cocina, bodegas, copería).
Preparar, montar y servir productos siguiendo recetas y normas de higiene.
Atender de manera cordial y resolutiva a los clientes, impulsando productos y cumpliendo metas.
Apoyar en la recepción y almacenamiento de productos.
Realizar tareas de caja (cobros, arqueos y cierres).
Si tienes energía, actitud y ganas de aprender, este es tu lugar. ¡Postula ahora y únete a nuestra familia gastronómica!",10,"Enseñanza media completa (excluyente).
Experiencia en atención al cliente, montar platos, mantener limpieza de espacios y manejo de caja.
Buena disposición, adaptabilidad y trabajo en equipo."
Mecánico Industrial - San Bernardo NOS,Otra Área,"San Bernardo, Metropolitana de Santiago",San Bernardo,Metropolitana de Santiago,2026-08-05,6109646,carozzi,2026-08-05,2026-09-06,0.3703,Técnico,Jornada Completa,Empresas Carozzi,Técnico profesional superior,Chile,2 años,2026-04-10,https://carozzi.trabajando.cl/trabajo-empleo/mecanico-industrial-san-bernardo-nos/trabajo/6109646,En Carozzi tenemos como propósito dar...,"En Carozzi tenemos como propósito dar lo mejor de nosotros para que las personas puedan disfrutar más la vida, y es por ello que desde hace más de 128 años estamos presente en el mercado con más de 100 marcas como Costa🍫, Ambrosoli🍬, Vivo🥃, Trattoria🍝, Master Dog🐶, Bresler🍧 y Pancho Villa🌯, entre otras.
Somos una Compañía donde nos mueve la innovación, el respeto por las personas y la pasión por el trabajo bien hecho y queremos invitarte a postular al cargo Mecánico para nuestra Planta ubicada en San Bernardo.
Misión: Realizar diagnóstico, reparación y acondicionamiento sobre equipos y maquinarias de componentes mecánicos y electromecánicos, con el propósito de contribuir a la operatividad, eficiencia y continuidad productiva de los equipos y maquinarias de la planta.
¿Qué tienes que hacer?
Realizar diagnóstico y reparación de fallas mecánicas en equipos, maquinarias y componentes, participando en los análisis de falla respectivos.
Ejecutar mantenciones preventivas y correctivas a equipos, maquinarias e instalaciones, aplicando técnicas de mantenimiento que permitan dar continuidad a los procesos productivos, considerando confiabilidad, calidad, seguridad y costo global.
Realizar la modificación y/o construcción de componentes mecánicos según se requiera.
Realizar propuestas de medidas para la mejora de los procesos de mantenimiento mecánico.
Tenemos distintos beneficios para ti:
Casino.👩?🍳
Buses de acercamiento🚍.
Descuento en productos.🛒
Gimnasio y canchas deportivas.🤸
Estabilidad laboral y buen ambiente laboral.😄
Entre muchos más que te invitamos a descubrir.😎",1,"Con formación Técnica/Profesional del área Mecánica / mantenimiento industrial o similar.
Experiencia: 1 a 2 años de experiencia en un cargo similar.
Conocimientos en:
- Mecánica (nivel avanzado: Hidráulica, Neumática, elementos de control de vapor, etc.).
- Desarmado y armado de componentes mecánicos complejos.
- Diagnóstico y reparación de fallas mecánicas complejas.
- Desarmado y armado de componentes mecánicos.
- Limpieza de piezas mecánicas."
Asistente de Marketing - San Bernardo,Otra Área,"San Bernardo, Metropolitana de Santiago",San Bernardo,Metropolitana de Santiago,2026-08-05,6099807,carozzi,2026-07-17,2026-09-06,0.3481,Ingeniero,Mixta (Teletrabajo + Presencial),Empresas Carozzi S.A.,Universitaria,Chile,,2026-04-10,https://carozzi.trabajando.cl/trabajo-empleo/asistente-de-marketing-san-bernardo/trabajo/6099807,En Carozzi nos mueve hacer las cosas...,"En Carozzi nos mueve hacer las cosas bien, para que todos podamos compartir y disfrutar en un mejor entorno, y es por ello que desde hace más de 128 años estamos presentes en el mercado con más de 100 marcas como Costa, Ambrosoli, Vivo, Trattoria, Master Dog, Bresler y Pancho Villa, entre otras.
Somos una Compañía donde vivimos la innovación, la pasión por el trabajo bien hecho y el respeto por las personas, valorando la diversidad e inclusión, porque creemos que nuestras diferencias nos enriquecen como organización.
Un nuevo desafío te espera! 🚀😊 El equipo de Marketing está en busca de su próximo Product Manager.
Buscamos a personas con Formación Universitaria de las carreras de Ingeniería Comercial, Ingeniería Civil Industrial y/o carrera afín.
Misión: Realizar actividades orientadas al seguimiento y análisis de la marca asignada, con el fin de contribuir al logro del posicionamiento de mercado definido y la rentabilidad buscada, según los objetivos y estrategias definidas por la gerencia.
¿Qué tienes que hacer?
Realizar la identificación de acciones de mejora para la ejecución del Plan de Marketing definido.
Realizar análisis de ventas y precios, entre otros.
Realizar monitoreo y labores de apoyo en el desarrollo de campañas de publicidad para productos y marcas de la compañía.
Realizar análisis de categorías de menor tamaño y/o productos para el desarrollo de innovaciones.
Tenemos distintos beneficios para ti:
Casino.
Buses de acercamiento.
Seguro complementario.
Descuentos en productos.
Gym.
Reajuste por IPC.
Estabilidad y buen ambiente laboral.
Entre muchos más que te invitamos a descubrir...
Si te atraen los desafíos, te invitamos a postular y vivir la experiencia Carozzi.",1,"Formación Universitaria de las carreras de Ingeniería Comercial, Ingeniería Civil Industrial y/o carrera afín.
Manejo de Microsoft Office nivel intermedio (excluyente).
Inglés nivel intermedio (no excluyente).
Manejo Power BI nivel intermedio (deseable).
Manejo en herramientas de IA (deseable)."
Coordinador TPM - Reñaca,Otra Área,"Viña del Mar, Valparaíso",Viña del Mar,Valparaíso,2026-08-05,6109613,carozzi,2026-08-05,2026-09-06,0.3128,Ingeniero,Jornada Completa,Empresas Carozzi S.A.,Universitaria,Chile,2 años,2026-04-10,https://carozzi.trabajando.cl/trabajo-empleo/coordinador-tpm-renaca/trabajo/6109613,En Carozzi nos mueve hacer las cosas...,"En Carozzi nos mueve hacer las cosas bien, para que todos podamos compartir y disfrutar en un mejor entorno, y es por ello que desde hace más de 128 años estamos presentes en el mercado con más de 100 marcas como Costa, Ambrosoli, Vivo, Trattoria, Master Dog, Bresler y Pancho Villa, entre otras.
Somos una Compañía donde vivimos la innovación, la pasión por el trabajo bien hecho y el respeto por las personas, valorando la diversidad e inclusión, porque creemos que nuestras diferencias nos enriquecen como organización.
¡Un nuevo desafío te espera! 🚀😊 Nuestro centro industrial de Reñaca está en busca de su próximo Coordinador TPM. Buscamos a personas con formación en las carreras Técnico Profesional y/o Ingeniería en Mantenimiento, Alimentos, Industrial y/o carrera afín. Idealmente con dos años de experiencia en metodología TPM.
Misión: Coordinar y auditar la implementación del modelo TPM en la Planta, promoviendo la cultura TPM y velando por la aplicación técnica del método, para contribuir a la alineación con el Plan Maestro, la apropiación de los equipos y el cumplimiento metodológico.
¿Qué tienes que hacer?
Coordinar la implementación de la metodología TPM en las líneas y áreas bajo su responsabilidad, organizando las comunicaciones internas y externas y manteniendo actualizada la documentación y los reportes de gestión TPM.
Desarrollar programas de capacitación y coaching, validando contenidos, materiales didácticos y metodologías activas de aprendizaje; evaluando resultados para detectar brechas formativas y actuando como coach técnico y cultural.
Auditar la implementación del modelo TPM en planta, verificando el cumplimiento de los estándares definidos en cada pilar, identificando desviaciones y emitiendo observaciones técnicas para proponer planes de acción.
Controlar los indicadores del modelo TPM en planta, reportando avances, barreras y necesidades a las jefaturas y a la coordinación general; liderar la implementación mediante reuniones de seguimiento, coordinar actividades de mejora y participar en iniciativas de seguridad, bienestar y cultura operacional.
Coordinar la relación operativa entre Planta y el Departamento de Mantención, proporcionando asistencia técnica y administrativa a los equipos de mejora y pilares, y colaborando de forma permanente con la jefatura en la implementación y sostenibilidad del programa TPM.
Tenemos distintos beneficios para ti🎁🎉
Casino.
Buses de acercamiento.
Seguro complementario, de vida, entre otros.
Descuento en productos.
Gym.
Reajuste por IPC.
Estabilidad laboral y buen ambiente laboral.
Entre muchos más que te invitamos a descubrir.",1,"Contar con formación en las carreras Técnico Profesional y/o Ingeniería en Mantenimiento, Alimentos, Industrial y/o carrera afín.
Contar con dos años de experiencia en cargos similares.
Manejo de Microsoft Office nivel intermedio.
Conocimiento en Metodología TPM y/o 5S."
Recepcionista de Planta - Turnos rotativos,Mantención,"San Bernardo, Metropolitana de Santiago",San Bernardo,Metropolitana de Santiago,2026-08-05,6109570,carozzi,2026-08-05,2026-09-06,0.3096,Administrativo,Jornada Completa,Empresas Carozzi,Media,Chile,1 años,2026-04-10,https://carozzi.trabajando.cl/trabajo-empleo/recepcionista-de-planta-turnos-rotativos/trabajo/6109570,En Carozzi nos mueve hacer las cosas...,"En Carozzi nos mueve hacer las cosas bien, para que todos podamos compartir y disfrutar en un mejor entorno, y es por ello que desde hace más de 127 años estamos presentes en el mercado con más de 100 marcas como Costa, Ambrosoli, Vivo, Trattoria, Master Dog, Bresler y Pancho Villa, entre otras.
Somos una Compañía donde vivimos la innovación, la pasión por el trabajo bien hecho y el respeto por las personas, valorando la diversidad e inclusión, porque creemos que nuestras diferencias nos enriquecen como organización.
Un nuevo desafío te espera! 🚀😊 Una de nuestras plantas esta en busca de su próximo Mayordomo de planta.
Misión: Realizar control de asistencia, ingreso y servicios generales, entre otros, en la planta asignada, con el fin de mantener el cumplimiento de normas, procedimientos y estándares definidos por Carozzi.
Tenemos distintos beneficios para ti:
Casino.
Buses de acercamiento.
Seguro complementario, de vida, entre otros...
Descuentos en productos.
Gym.
Reajuste por IPC.
Estabilidad y buen ambiente laboral.",6,"¿Qué tienes que hacer?
Realizar control de ingreso de personal interno y externo a la planta productiva, así como entrega de implementos a las personas que los requieran.
Realizar registro y control de asistencia de los colaboradores de la planta, así como recepción y registro de licencias médicas.
Realizar revisión de los servicios generales prestados, así como también de los servicios de aseo y casino en planta, distribuyendo materiales de aseo según corresponda.
Realizar coordinación de traslado de colaboradores desde y hacia la empresa, según actividades programadas por las áreas de producción y calidad.
Que necesitas:
Enseñanza media completa.
Computación nivel usuario avanzado
Experiencia en cargos de conserjería, guardia de seguridad o similar."
Ejecutivo de Servicios - Turnos Rotativos,Mantención,"San Bernardo, Metropolitana de Santiago",San Bernardo,Metropolitana de Santiago,2026-08-05,6109568,carozzi,2026-08-05,2026-09-06,0.3162,Administrativo,Jornada Completa,Empresas Carozzi,Media,Chile,1 años,2026-04-10,https://carozzi.trabajando.cl/trabajo-empleo/ejecutivo-de-servicios-turnos-rotativos/trabajo/6109568,En Carozzi nos mueve hacer las cosas...,"En Carozzi nos mueve hacer las cosas bien, para que todos podamos compartir y disfrutar en un mejor entorno, y es por ello que desde hace más de 127 años estamos presentes en el mercado con más de 100 marcas como Costa, Ambrosoli, Vivo, Trattoria, Master Dog, Bresler y Pancho Villa, entre otras.
Somos una Compañía donde vivimos la innovación, la pasión por el trabajo bien hecho y el respeto por las personas, valorando la diversidad e inclusión, porque creemos que nuestras diferencias nos enriquecen como organización.
Un nuevo desafío te espera! 🚀😊 Una de nuestras plantas esta en busca de su próximo Mayordomo de planta.
Misión: Realizar control de asistencia, ingreso y servicios generales, entre otros, en la planta asignada, con el fin de mantener el cumplimiento de normas, procedimientos y estándares definidos por Carozzi.
Tenemos distintos beneficios para ti:
Casino.
Buses de acercamiento.
Seguro complementario, de vida, entre otros...
Descuentos en productos.
Gym.
Reajuste por IPC.
Estabilidad y buen ambiente laboral.",6,"¿Qué tienes que hacer?
Realizar control de ingreso de personal interno y externo a la planta productiva, así como entrega de implementos a las personas que los requieran.
Realizar registro y control de asistencia de los colaboradores de la planta, así como recepción y registro de licencias médicas.
Realizar revisión de los servicios generales prestados, así como también de los servicios de aseo y casino en planta, distribuyendo materiales de aseo según corresponda.
Realizar coordinación de traslado de colaboradores desde y hacia la empresa, según actividades programadas por las áreas de producción y calidad.
Que necesitas:
Enseñanza media completa.
Computación nivel usuario avanzado
Experiencia en cargos de conserjería, guardia de seguridad o similar."
Administrador de Servicios ,Mantención,"San Bernardo, Metropolitana de Santiago",San Bernardo,Metropolitana de Santiago,2026-08-05,6109567,carozzi,2026-08-05,2026-09-06,0.3573,Administrativo,Jornada Completa,Empresas Carozzi,Media,Chile,1 años,2026-04-10,https://carozzi.trabajando.cl/trabajo-empleo/administrador-de-servicios/trabajo/6109567,En Carozzi nos mueve hacer las cosas...,"En Carozzi nos mueve hacer las cosas bien, para que todos podamos compartir y disfrutar en un mejor entorno, y es por ello que desde hace más de 127 años estamos presentes en el mercado con más de 100 marcas como Costa, Ambrosoli, Vivo, Trattoria, Master Dog, Bresler y Pancho Villa, entre otras.
Somos una Compañía donde vivimos la innovación, la pasión por el trabajo bien hecho y el respeto por las personas, valorando la diversidad e inclusión, porque creemos que nuestras diferencias nos enriquecen como organización.
Un nuevo desafío te espera! 🚀😊 Una de nuestras plantas esta en busca de su próximo Mayordomo de planta.
Misión: Realizar control de asistencia, ingreso y servicios generales, entre otros, en la planta asignada, con el fin de mantener el cumplimiento de normas, procedimientos y estándares definidos por Carozzi.
Tenemos distintos beneficios para ti:
Casino.
Buses de acercamiento.
Seguro complementario, de vida, entre otros...
Descuentos en productos.
Gym.
Reajuste por IPC.
Estabilidad y buen ambiente laboral.",6,"¿Qué tienes que hacer?
Realizar control de ingreso de personal interno y externo a la planta productiva, así como entrega de implementos a las personas que los requieran.
Realizar registro y control de asistencia de los colaboradores de la planta, así como recepción y registro de licencias médicas.
Realizar revisión de los servicios generales prestados, así como también de los servicios de aseo y casino en planta, distribuyendo materiales de aseo según corresponda.
Realizar coordinación de traslado de colaboradores desde y hacia la empresa, según actividades programadas por las áreas de producción y calidad.
Que necesitas:
Enseñanza media completa.
Computación nivel usuario avanzado
Experiencia en cargos de conserjería, guardia de seguridad o similar."
Técnico Eléctrico - San Bernardo,Otra Área,"San Bernardo, Metropolitana de Santiago",San Bernardo,Metropolitana de Santiago,2026-08-05,6109528,carozzi,2026-08-05,2026-08-08,0.3487,Mantenedor,Por Turnos,Empresas Carozzi S.A.,Técnico profesional superior,Chile,2 años,2026-04-09,https://carozzi.trabajando.cl/trabajo-empleo/tecnico-electrico-san-bernardo/trabajo/6109528,En Carozzi tenemos como propósito dar...,"En Carozzi tenemos como propósito dar lo mejor de nosotros para que las personas puedan disfrutar más la vida, y es por ello que desde hace más de 125 años estamos presente en el mercado con más de 100 marcas como Costa🍫, Ambrosoli🍬, Vivo🥃, Trattoria🍝, Master Dog🐶, Bresler🍧 y Pancho Villa🌯, entre otras.
Somos una Compañía donde nos mueve la innovación, el respeto por las personas y la pasión por el trabajo bien hecho y queremos invitarte a postular al cargo Eléctrico para nuestra Planta ubicada en la Planta de Teno.
Misión: Serás responsable de realizar diagnóstico, reparación y acondicionamiento sobre equipos, maquinarias de componentes eléctricos y electrónicos, con el propósito de contribuir a la operatividad, eficiencia y continuidad productiva de la planta.
¿Qué tienes que hacer?
Realizar diagnóstico y reparación de fallas eléctricas en equipos, maquinarias y componentes, participando en los análisis de fallas respectivos, según corresponda.
Realizar propuestas de medidas para la mejora de los procesos de mantenimiento eléctrico y electrónicos.
Realizar la gestión de órdenes y avisos de mantenimiento en SAP.
Ejecutar la mantención eléctrica preventiva y correctiva de equipos, instalaciones y procesos automatizados, aplicando técnicas de mantenimiento que permitan dar continuidad al proceso productivo, considerando confiabilidad, calidad, seguridad y costo global.
Tenemos distintos beneficios para ti:
Casino.👩🍳
Buses de acercamiento🚍.
Descuento en productos.🛒
Gimnasio y canchas deportivas.🤸
Estabilidad laboral y buen ambiente laboral.😄Entre muchos más que te invitamos a descubrir.😎
¡Súmate a nuestro equipo y vive la Experiencia Carozzi!😊",1,"Contar con formación técnico nivel superior área eléctrica / electrónica o Ingeniería eléctrica/ en automatización.
Deseable experiencia de 2 años como electricista industrial o cargo similares
Estar dispuesto a trabajar en turnos rotativos (mañana, tarde y noche, de lunes a sábado).
Tener disponibilidad para trabajar en San Bernardo."
Ingeniero de Procesos,Ventas,"San Bernardo, Metropolitana de Santiago",San Bernardo,Metropolitana de Santiago,2026-08-04,6109338,carozzi,2026-08-05,2026-09-06,0.3836,Ingeniero,Jornada Completa,Empresas Carozzi,Universitaria,Chile,,2026-03-10,https://carozzi.trabajando.cl/trabajo-empleo/ingeniero-de-procesos/trabajo/6109338,En Carozzi tenemos como propósito dar...,"En Carozzi tenemos como propósito dar lo mejor de nosotros para que las personas puedan disfrutar más la vida, y es por ello que desde hace más de 128 años estamos presente en el mercado con más de 100 marcas como Costa🍫, Ambrosoli🍬, Vivo🥃, Trattoria🍝, Master Dog🐶, Bresler🍧 y Pancho Villa🌯, entre otras.
Somos una Compañía donde nos mueve la innovación, el respeto por las personas y la pasión por el trabajo bien hecho y queremos invitarte a postular al cargo de Ingeniero de Procesos.
Buscamos a personas con formación en las carreras Ingeniería civil Industrial, química, en Alimentos o afín. Deseable con 1 a 2 años de experiencia en el área.
Misión🌟
Analizar y evaluar la elaboración e implementación de proyectos de nuevos procesos, productos o modificaciones de los actuales, con el fin de contribuir en el desarrollo de mejoras en los procesos productivos, según costos, calidad y seguridad definidos.
¿Qué tienes que hacer?📘🖋
Evaluar y supervisar la ejecución de los procesos de producción, monitoreando continuamente las medidas de seguridad de los alimentos.
Realizar procedimientos estableciendo la secuencia de tareas para la ejecución de trabajos, identificando riesgos asociados a las tareas, definiendo acciones que minimicen dichos riesgos e incorporando cambios tecnológicos, acciones de mejoramiento continuo y normativa de riesgo, ambiente y calidad.
Diseñar, evaluar e implementar alternativas de optimización y cambios en procesos productivos, analizando condiciones de proceso, calidad y costo.
Tenemos distintos beneficios para ti🎁🎉
Casino.
Buses de acercamiento.
Seguro complementario, de vida entre otros
Descuento en productos.
Gym y canchas deportivas.
Reajuste por IPC.
Estabilidad laboral y buen ambiente laboral.
Entre muchos más que te invitamos a descubrir.",1,"Contar con formación Ingeniería civil Industrial, química, en Alimentos o afín.
Deseable con 1 a 2 años de experiencia.
Manejo de Microsoft Excel, nivel Intermedio.
Inglés Intermedio.
Deseable manejo de SAP."
Supervisor de Producción - San Bernardo,Otra Área,"San Bernardo, Metropolitana de Santiago",San Bernardo,Metropolitana de Santiago,2026-08-04,6109041,carozzi,2026-08-04,2026-08-08,0.365,Ingeniero,Por Turnos,Empresas Carozzi S.A.,Universitaria,Chile,2 años,2026-03-09,https://carozzi.trabajando.cl/trabajo-empleo/supervisor-de-produccion-san-bernardo/trabajo/6109041,En Carozzi nos mueve hacer las cosas...,"En Carozzi nos mueve hacer las cosas bien, para que todos podamos compartir y disfrutar en un mejor entorno, y es por ello que desde hace más de 127 años estamos presentes en el mercado con más de 100 marcas como Costa, Ambrosoli, Vivo, Trattoria, Master Dog, Bresler y Pancho Villa, entre otras.
Somos una Compañía donde vivimos la innovación, la pasión por el trabajo bien hecho y el respeto por las personas, valorando la diversidad e inclusión, porque creemos que nuestras diferencias nos enriquecen como organización.
Un nuevo desafío te espera! 🚀😊 Nuestra planta de San Bernardo está en busca de su próximo Supervisor de Producción.
Buscamos a personas con Formación Técnica Profesional de las carreras de Mecánica, Química, Eléctrica y/o Ingeniería Industrial, Ingeniería en Alimentos, Ingeniería Mecánica o carrera afín. Idealmente con 2 años de experiencia en roles similares.
Misión: Supervisar y coordinar en terreno, al grupo de turno asignado, en cuanto a los procesos involucrados en la producción con el fin de mantener operativas las líneas productivas y lograr el cumplimiento del programa de acuerdo a los estándares de calidad y productividad establecidos.
¿Qué tienes que hacer?
Inspeccionar y monitorear el avance del programa de producción de las líneas a su cargo, asignando personal de operación en los equipos, revisando las condiciones de entrega y recibo de turno y realizando cambios en la secuencia de trabajo, previniendo sobrecargas en los procesos posteriores.
Analizar el programa de producción, revisando su secuencia, congestiones, solucionando problemas de procesos e investigando reclamos internos y externos que pudieran afectar la calidad de los productos.
Revisar el funcionamiento de instalaciones y equipos en la planta, así como monitorear los tiempos de trabajo del personal y equipos a cargos e implementar procesos de mejora continua.
Tenemos distintos beneficios para ti:
Casino.
Buses de acercamiento.
Seguro complementario.
Descuentos en productos.
Gym.
Reajuste por IPC.
Estabilidad y buen ambiente laboral.
Entre muchos más que te invitamos a descubrir...
Si te atraen los desafíos, te invitamos a postular y vivir la experiencia Carozzi.",1,"Formación Universitaria de las carreras de Ingeniería Industrial, Ingeniería en Alimentos, Ingeniería Mecánica o carrera afín.
Idealmente tener 2 años de experiencia en cargos similares.
Manejo de Microsoft Office nivel intermedio.
Conocimiento en sistema SAP (deseable).
Conocimiento en Metodología TPM (deseable)."
Auxiliar de Aseo - Bresler La Capilla,Otra Área,"San Bernardo, Metropolitana de Santiago",San Bernardo,Metropolitana de Santiago,2026-08-04,6108927,carozzi,2026-08-04,2026-08-08,0.3155,Operario,Jornada Completa,Empresas Carozzi S.A.,Media,Chile,1 años,2026-03-09,https://carozzi.trabajando.cl/trabajo-empleo/auxiliar-de-aseo-bresler-la-capilla/trabajo/6108927,En Carozzi tenemos como propósito dar...,"En Carozzi tenemos como propósito dar lo mejor de nosotros para que las personas puedan disfrutar más la vida, y es por ello que desde hace más de 127 años estamos presente en el mercado con más de 100 marcas como Costa, Ambrosoli, Vivo, Trattoria, Master Dog, Bresler y Pancho Villa, entre otras
Somos una Compañía donde nos mueve la innovación, el respeto por las personas y la pasión por el trabajo bien hecho.
Buscamos a personas con formación de Auxiliar de Aseo con 1 año de experiencia en el area.
¿Qué tienes que hacer?
Realizar el aseo de oficinas, baños, desinfección, así como proporcionar los productos de limpieza y desinfección en las dosis correctas para el resto de las líneas de la planta, con el propósito de contribuir a la inocuidad de los procesos y a la continuidad operativa.
Tenemos distintos beneficios que podrás disfrutar, acá te señalamos algunos de ellos:
-Seguro complementario, de vida entre otros
-Descuento en productos.
-Gym.
-Reajuste por IPC.
-Estabilidad laboral.
-Entre muchos más que te invitamos a descubrir.
Sí te atraen los desafíos te invitamos a postular y vivir la experiencia Carozzi.",1,"Contar con enseñanza media completa
Deseable experiencia de 1 año en aseo
Contar con conocimientos en excel básico
Tener disponibilidad para trabajar en San Bernardo."
Eléctrico Industrial,Electricidad,"San Bernardo, Metropolitana de Santiago",San Bernardo,Metropolitana de Santiago,2026-08-04,6095153,carozzi,2026-07-17,2026-08-08,0.357,Operario,Jornada Completa,Empresas Carozzi,Técnico profesional superior,Chile,2 años,2026-08-24,https://carozzi.trabajando.cl/trabajo-empleo/electrico-industrial/trabajo/6095153,En Carozzi nos mueve hacer las cosas...,"En Carozzi nos mueve hacer las cosas bien, para que todos podamos compartir y disfrutar en un mejor entorno, y es por ello que desde hace más de 127 años estamos presentes en el mercado con más de 100 marcas como Costa, Ambrosoli, Vivo, Trattoria, Master Dog, Bresler y Pancho Villa, entre otras.
Somos una Compañía donde vivimos la innovación, la pasión por el trabajo bien hecho y el respeto por las personas, valorando la diversidad e inclusión, porque creemos que nuestras diferencias nos enriquecen como organización.
Un nuevo desafío te espera! 🚀😊 El equipo de Mantención de una de nuestras plantas está en busca de su próximo Eléctrico Industrial
Buscamos a personas con estudios técnicos Nivel Superior en Electricidad Industrial, Electrónica, Automatización y Control Industrial o Instrumentación con al menos 2 años de experiencia como Mantenedor Eléctrico y/o Instrumentista en plantas industriales.
¿Qué tienes que hacer?
Realizar diagnóstico y reparación de fallas eléctricas de alta complejidad en equipos y maquinarias.
Mantener el funcionamiento de los equipos de planta.
Contribuir a la operatividad, eficiencia y continuidad productiva de los equipos y maquinarias de la planta.
Tenemos distintos beneficios que podrás disfrutar, acá te señalamos algunos de ellos:
Casino.
Buses de acercamiento.
Seguro complementario, de vida entre otros
Descuento en productos.
Gym.
Reajuste por IPC.
Estabilidad laboral.
Entre muchos más que te invitamos a descubrir.
Sí te atraen los desafíos te invitamos a postular y vivir la experiencia Carozzi.",1,"¿Qué necesitas para desempeñar este cargo?
Contar con estudios Técnicos Nivel Superior en Electricidad Industrial, Electrónica, Automatización y Control Industrial o Instrumentación
Al menos 2 años de experiencia como Mantenedor Eléctrico y/o Instrumentista en plantas industriales.
Estar dispuesto a trabajar en turnos rotativos (mañana, tarde y noche, de lunes a sábado).
Tener disponibilidad para trabajar en San Bernardo."
Administrativo de Expedición,Otra Área,"San Bernardo, Metropolitana de Santiago",San Bernardo,Metropolitana de Santiago,2026-08-04,6109221,carozzi,2026-08-04,2026-08-08,0.337,Administrativo,Por Turnos,Empresas Carozzi S.A.,Técnico medio/ colegio técnico,Chile,1 años,2026-03-09,https://carozzi.trabajando.cl/trabajo-empleo/administrativo-de-expedicion/trabajo/6109221,En Carozzi nos mueve hacer las cosas...,"En Carozzi nos mueve hacer las cosas bien, para que todos podamos compartir y disfrutar en un mejor entorno, y es por ello que desde hace más de 127 años estamos presentes en el mercado con más de 100 marcas como Costa, Ambrosoli, Vivo, Trattoria, Master Dog, Bresler y Pancho Villa, entre otras.
Somos una Compañía donde vivimos la innovación, la pasión por el trabajo bien hecho y el respeto por las personas, valorando la diversidad e inclusión, porque creemos que nuestras diferencias nos enriquecen como organización.
¡Un nuevo desafío te espera! 🚀😊 Buscamos personas con enseñanza media completa y formación técnica en Administración, Contabilidad o carreras afines, con al menos 1 año de experiencia en cargos similares, para desempeñarse como Administrativo(a) de Expedición en nuestro Centro de Distribución.
¿Cuál será tu misión? 📘🖋
Realizar la administración de los pool de pedidos de venta y traslado del Centro de Distribución, contribuyendo a la optimización de los recursos de transporte, la disponibilidad de productos en las sucursales y la correcta facturación a clientes.
¿Qué tendrás que hacer? 📦🚚
Gestionar pedidos de abastecimiento para sucursales a través de SAP.
Administrar y tratar los pool de pedidos, ejecutando cargas manuales o mediante Rodnet.
Crear grupos de carga y grupos de referencia WMS para dar inicio a los procesos operativos del sistema.
Emitir y gestionar documentación asociada al proceso de expedición y facturación.
Apoyar el control administrativo de aproximadamente 130 cargas diarias distribuidas en distintos turnos.
Realizar la impresión y entrega de documentación necesaria para el despacho de cargas.
Gestionar y cargar documentación en portales de clientes cuando sea requerido.
Apoyar en la resolución de situaciones excepcionales que puedan afectar la continuidad operacional del área.
Ejecutar tareas administrativas inherentes al cargo y apoyar los distintos procesos del área de expedición.
Tenemos distintos beneficios para ti 🎁🎉
Casino.
Buses de acercamiento.
Seguro complementario de salud y seguro de vida.
Descuento en productos.
Gym y canchas deportivas.
Reajuste por IPC.
Estabilidad laboral y excelente ambiente de trabajo.
Entre muchos más que te invitamos a descubrir. 😎",1,"Enseñanza Media Completa.
Deseable formación Técnico Nivel Medio o Superior en Administración, Contabilidad o carreras afines.
Al menos 1 año de experiencia en cargos administrativos similares. (Excluyente)
Conocimientos en procesos de expedición, facturación y documentación logística.
Manejo de SAP. (Deseable)
Manejo de herramientas Office nivel usuario.
Conocimientos de conceptos contables y administrativos."
Supervisor de Mantenimiento - NOS,Otra Área,"San Bernardo, Metropolitana de Santiago",San Bernardo,Metropolitana de Santiago,2026-08-03,6108446,carozzi,2026-08-03,2026-08-08,0.3758,Supervisor,Jornada Completa,Empresas Carozzi,Universitaria,Chile,5 años,2026-02-10,https://carozzi.trabajando.cl/trabajo-empleo/supervisor-de-mantenimiento-nos/trabajo/6108446,En Carozzi nos mueve hacer las cosas...,"En Carozzi nos mueve hacer las cosas bien, para que todos podamos compartir y disfrutar en un mejor entorno, y es por ello que desde hace más de 128 años estamos presente en el mercado con más de 100 marcas como Costa, Ambrosoli, Vivo, Trattoria, Master Dog, Bresler y Pancho Villa, entre otras.
Somos una Compañía donde vivimos la innovación, el respeto por las personas y la pasión por el trabajo bien hecho y queremos invitarte a postular al cargo de Supervisor de Mantenimiento, para nuestro Centro Industrial de NOS.
Buscamos Tecnico Nivel Superior o Ingeniero en Ejecución en área eléctrica, electrónica, mecánica, Industrial, Automatización, Mantenimiento Industrial, o similar, que cuente con al menos 5 años de experiencia en cargo afín en industria.
Misión:
Serás responsable de coordinar y ejecutar las actividades de mantenimiento con los recursos disponibles, con el fin de lograr la disponibilidad de las instalaciones, apoyando la continuidad y eficiencia de los procesos productivos.
¿Qué tienes que hacer?
Supervisar el cumplimiento del programa de mantenimiento de acuerdo a la planificación, optimizando recursos y controlando procesos de notificaciones, costos, HH y servicios, entre otros.
Inspeccionar el análisis de fallas recurrentes en las maquinarias y equipos de las unidades productivas.
Inspeccionar el cumplimiento de los estándares de calidad de las líneas a cargo, verificando el cumplimiento del programa de revisiones periódicas, confiabilidad de los sistemas de bloqueo de los equipos, ejecución de los programas de limpieza, operatividad de equipos de emergencia y medición de desgaste de equipos críticos.
Inspeccionar los procesos de mejora continua de los procedimientos de mantenimiento.
Tenemos distintos beneficios para ti:
Casino.👩🍳
Buses de acercamiento🚍.
Descuento en productos.🛒
Gimnasio y canchas deportivas.🤸
Estabilidad laboral y buen ambiente laboral.😄
Entre muchos más que te invitamos a descubrir. 😎",1,"¿Qué necesitas para desempeñar este cargo?
-Ser Tecnico Nivel Superior o Ingeniero en Ejecución en área eléctrica, electrónica, mecánica, Industrial, Automatización, Mantenimiento Industrial, o similar, que cuente con al menos 5 años de experiencia en cargo afín en industria.
-Microsoft Office nivel intermedio.
-Manejo de SAP.
Conocimiento:
- Técnicas de mantención preventiva.
- Metodología TPM.
- Elementos de control de vapor (Mantenimiento Mecánico).
- Supervisión de personal.
- Seguridad Industrial.
- Supervisión y Liderazgo de equipo de mantenedores a su cargo.
- Administración del Desempeño.
- Administración de la Productividad.
- Manipulación de alimentos.
- Calidad en los procesos.
- Tecnología de Alimentos.
- Mecánica/ Electricidad y electrónica.
- Normativa Nacional de Electricidad."
Analista de Calidad - Reñaca,Otra Área,"Viña del Mar, Valparaíso",Viña del Mar,Valparaíso,2026-08-02,6108334,carozzi,2026-08-03,2026-09-06,0.3326,Técnico,Por Turnos,Empresas Carozzi S.A.,Técnico profesional superior,Chile,1 años,2026-01-10,https://carozzi.trabajando.cl/trabajo-empleo/analista-de-calidad-renaca/trabajo/6108334,En Carozzi nos mueve hacer las cosas...,"En Carozzi nos mueve hacer las cosas bien, para que todos podamos compartir y disfrutar en un mejor entorno, y es por ello que desde hace más de 127 años estamos presentes en el mercado con más de 100 marcas como Costa, Ambrosoli, Vivo, Trattoria, Master Dog, Bresler y Pancho Villa, entre otras.
Somos una Compañía donde vivimos la innovación, la pasión por el trabajo bien hecho y el respeto por las personas, valorando la diversidad e inclusión, porque creemos que nuestras diferencias nos enriquecen como organización.
Un nuevo desafío te espera! 🚀😊 El equipo de Planta Reñaca está en busca de su próximo Analista de Calidad.
Buscamos a personas con formación Técnica Nivel Superior en Alimentos, Calidad de Alimentos, Gestión Calidad y Ambiente y/o carrera afín.
Misión: Realizar la extracción de muestras de materias primas, materiales y envases, así como el análisis de menor complejidad de controles básicos como temperatura, densidad, PH, entre otros, con el fin de contribuir al funcionamiento del Sistema de Gestión de Calidad de acuerdo a la normativa vigente y requerimientos específicos de cada planta.
¿Qué tienes que hacer?
Ejecutar la extracción y análisis de muestras de materias primas, materiales, envases, productos en proceso y/o terminados, según los procedimientos establecidos.
Realizar la revisión de condiciones ambientales en procesos productivos, tales como temperatura, humedad relativa y cloro entre otros.
Realizar seguimiento y registro de materias primas, envases, embalajes, productos en proceso y/o terminados, rechazados y/o bloqueados para su uso en producción o distribución.
Realizar calibraciones y mantenciones de baja complejidad a equipos e insumos utilizados por el área.
Realizar el ingreso de la información recopilada al sistema (SAP).
Realizar la preparación de materiales y muestras para el análisis según corresponda.
Tenemos distintos tipos de beneficios para ti:
Seguro complementario de salud.
Descuento en productos.
Buses de acercamiento.
Servicio de alimentación.
Estabilidad laboral y buen ambiente laboral.
Entre muchos más que te invitamos a descubrir.
Si te atraen los desafíos te invitamos a postular y vivir la experiencia Carozzi.",2,"Formación Técnica Nivel Superior en Alimentos, Calidad de Alimentos, Gestión Calidad y Ambiente y/o carrera afín.
Contar con al menos 6 meses de experiencia en cargo similares en el rubro alimenticio o industrial.
Disponibilidad para trabajar de lunes a sábado en turnos rotativos de mañana (07:00 a 15:00), tarde (15:00 a 23:00) y noche (23:00 a 07:00).
Manejo de Office nivel usuario.
Conocimientos en HACCP y BRC.
Conocimiento Norma 44 y 1650 (No excluyente).
Conocimiento SAP (No excluyente)."
Trade Marketing Assistant (División Mascotas),Otra Área,"San Bernardo, Metropolitana de Santiago",San Bernardo,Metropolitana de Santiago,2026-07-31,6108011,carozzi,2026-07-31,2026-09-06,0.3713,Comercial,Mixta (Teletrabajo + Presencial),Empresas Carozzi S.A.,Universitaria,Chile,,2026-09-29,https://carozzi.trabajando.cl/trabajo-empleo/trade-marketing-assistant-division-mascotas/trabajo/6108011,En Carozzi tenemos como propósito dar...,"En Carozzi tenemos como propósito dar lo mejor de nosotros para que las personas puedan disfrutar más la vida, y es por ello que desde hace más de 126 años estamos presente en el mercado con más de 100 marcas como Costa🍫, Ambrosoli🍬, Vivo🥃, Trattoria🍝, Master Dog🐶, Bresler🍧 y Pancho Villa🌯, entre otras.
Somos una Compañía donde nos mueve la innovación, el respeto por las personas y la pasión por el trabajo bien hecho y queremos invitarte a postular al cargo Trade Marketing Assistant para San Bernardo, Nos.
Buscamos a personas recién titulados en Ingeniería Comercial, Civil Industrial o similar.
Misión: Planificar, coordinar e implementar acciones de trade marketing y de visibilidad en el punto de venta, desarrollando materiales promocionales y elementos gráficos conforme a los lineamientos establecidos de marca, analizar la rentabilidad de las actividades, controlar inventarios de materiales promocionales, y colaborar con equipos internos y externos en la implementación de campañas, entre otros, con el fin, de contribuir al cumplimiento de los objetivos comerciales y a la presencia de marca en todos los canales.
¿Qué tienes que hacer?
Planificar y ejecutar campañas promocionales en coordinación con las áreas de Marketing y Ventas.
Desarrollar e implementar estrategias de visibilidad de marca en puntos de venta, considerando lanzamientos y fechas comerciales.
Coordinar acciones de Trade Marketing en terreno, incluyendo promociones, activaciones y material publicitario.
Gestionar proveedores, materiales POP, exhibidores y presupuestos asociados a campañas promocionales.
Analizar resultados de ventas y rentabilidad de las acciones comerciales para apoyar la toma de decisiones.
Tenemos distintos beneficios para ti:
Casino.👩🍳
Buses de acercamiento🚍.
Descuento en productos.🛒
Gimnasio y canchas deportivas.🤸
Estabilidad laboral y buen ambiente laboral.😄
Entre muchos más que te invitamos a descubrir.😎
¡Súmate a nuestro equipo y vive la Experiencia Carozzi!😊",1,"¿Qué necesitas para desempeñar este cargo?
Recien titulado en Ingeniería Comercial, Civil Industrial o similar
No se necesita experiencia.
Conocimientos en Excel / power point / Canva."
Ingeniero Eléctrico o Ingeniero en automatización y control,Otra Área,"San Bernardo, Metropolitana de Santiago",San Bernardo,Metropolitana de Santiago,2026-07-30,6107503,carozzi,2026-07-30,2026-09-06,0.3613,Ingeniero,Jornada Completa,Empresas Carozzi S.A.,Universitaria,Chile,3 años,2026-09-28,https://carozzi.trabajando.cl/trabajo-empleo/ingeniero-electrico-o-ingeniero-en-automatizacion-y-control/trabajo/6107503,En Carozzi nos mueve hacer las cosas...,"En Carozzi nos mueve hacer las cosas bien, para que todos podamos compartir y disfrutar en un mejor entorno, y es por ello que desde hace más de 127 años estamos presentes en el mercado con más de 100 marcas como Costa, Ambrosoli, Vivo, Trattoria, Master Dog, Bresler y Pancho Villa, entre otras.
Somos una Compañía donde vivimos la innovación, la pasión por el trabajo bien hecho y el respeto por las personas, valorando la diversidad e inclusión, porque creemos que nuestras diferencias nos enriquecen como organización.
¡Un nuevo desafío te espera! 🚀😊 Para una trabajar en nuestro Centro Industrial ubicado en San Bernardo, buscamos Ingeniero de Proyectos Industriales. Buscamos a persona con formación universitaria en Ingeniería Civil Eléctrica, electrónica, o ingeniería en automatización y control. Con al menos 3 años de experiencia en cargo similar.
Misión🌟
Programar y evaluar proyectos del área mecánica, eléctrica, electrónica, automatización y obras civiles para la mantención de los servicios y maquinarias, según corresponda, con el fin de contribuir a la continuidad, seguridad y optimización de procesos y equipos de la Planta, así como al incremento de las capacidades de producción.
¿Qué tienes que hacer? 🖋
Supervisar la implementación de los proyectos y monitorear el desarrollo de los mismos de acuerdo a procedimientos definidos y carta Gantt establecida.
Asesorar técnicamente a las diferentes áreas y plantas en lo que concierne a proyectos relacionados a las áreas de mecánica, eléctrica, electrónica y automatización.
Coordinar la contratación de empresas proveedoras, estableciendo el alcance técnico de los procesos de licitación.
Inspeccionar la ejecución de los trabajos realizados por las empresas contratistas.
Tenemos distintos beneficios para ti🎁🎉
Casino.
Buses de acercamiento.
Seguro complementario, de vida, entre otros.
Descuento en productos.
Gym y canchas deportivas.
Reajuste por IPC.
Estabilidad laboral y buen ambiente laboral.
Entre muchos más que te invitamos a descubrir.",1,"Contar con formación profesional en Ingeniería Civil Eléctrica, Electrónica, automatización y control. (excluyente)
Al menos 3 años en cargo similar.
Experiencia en industria alimentaria (deseable)
Inglés (deseable)
Manejo de SAP y Microsoft Project (deseable)"
Romanero,Otra Área,"San Bernardo, Metropolitana de Santiago",San Bernardo,Metropolitana de Santiago,2026-07-30,6107699,carozzi,2026-07-30,2026-08-08,0.3455,Operario,Por Turnos,Empresas Carozzi S.A.,Media,Chile,1 años,2026-08-29,https://carozzi.trabajando.cl/trabajo-empleo/romanero/trabajo/6107699,En Carozzi nos mueve hacer las cosas...,"En Carozzi nos mueve hacer las cosas bien, para que todos podamos compartir y disfrutar en un mejor entorno, y es por ello que desde hace más de 127 años estamos presentes en el mercado con más de 100 marcas como Costa, Ambrosoli, Vivo, Trattoria, Master Dog, Bresler y Pancho Villa, entre otras.
Somos una Compañía donde vivimos la innovación, la pasión por el trabajo bien hecho y el respeto por las personas, valorando la diversidad e inclusión, porque creemos que nuestras diferencias nos enriquecen como organización.
¡Un nuevo desafío te espera! 🚀😊 Buscamos personas con Enseñanza Media Completa y experiencia en procesos operativos y control de transporte, para desempeñarse como Romanero.
¿Cuál será tu misión? 📘
Realizar las labores de pesaje de los camiones que ingresan y salen de los recintos de almacenamiento de la compañía, contribuyendo al control de carga, al cumplimiento de la normativa legal vigente y a las exigencias internas de la empresa.
¿Qué tendrás que hacer? 🚚📊
Realizar el pesaje de camiones vacíos y cargados mediante el uso de balanzas del Centro de Distribución.
Controlar y registrar los ingresos y salidas de vehículos, asegurando la correcta continuidad del flujo operacional.
Ingresar y validar la información de pesaje en los sistemas definidos por la compañía.
Verificar que los datos registrados sean correctos y consistentes con la información de despacho y recepción.
Asegurar que los vehículos cumplan con los límites legales de carga establecidos.
Identificar y alertar oportunamente desviaciones o inconsistencias en los procesos de pesaje.
Mantener registros actualizados y confiables para contribuir al control operacional y la trazabilidad de las cargas.
Cumplir con los procedimientos y normas de seguridad establecidos para la operación.
Tenemos distintos beneficios para ti 🎁🎉
Casino.
Buses de acercamiento.
Seguro complementario de salud y seguro de vida.
Descuento en productos.
Gym y canchas deportivas.
Reajuste por IPC.
Estabilidad laboral y excelente ambiente de trabajo.
Entre muchos más que te invitamos a descubrir. 😎",1,"Enseñanza Media Completa.
Al menos 1 año de experiencia en cargos similares.
Manejo de Excel nivel usuario.
Experiencia trabajando con turnos rotativos.
Deseable experiencia en control de pesaje, recepción, despacho o transporte.
Orientación al detalle, responsabilidad y capacidad de trabajo bajo procedimientos."
Bodeguero Grúa Horquilla - Bresler,Otra Área,"San Bernardo, Metropolitana de Santiago",San Bernardo,Metropolitana de Santiago,2026-07-30,6107501,carozzi,2026-07-30,2026-08-08,0.3036,Operario,Jornada Completa,Empresas Carozzi S.A.,Media,Chile,2 años,2026-08-29,https://carozzi.trabajando.cl/trabajo-empleo/bodeguero-grua-horquilla-bresler/trabajo/6107501,En Carozzi nos mueve hacer las cosas...,"En Carozzi nos mueve hacer las cosas bien, para que todos podamos compartir y disfrutar en un mejor entorno, y es por ello que desde hace más de 127 años estamos presente en el mercado con más de 100 marcas como Costa, Ambrosoli, Vivo, Trattoria, Master Dog, Bresler y Pancho Villa, entre otras.
Somos una Compañía donde vivimos la innovación, el respeto por las personas y la pasión por el trabajo bien hecho y queremos invitarte a postular al cargo de Bodeguero
Misión: Realizar recepción, almacenamiento y despacho de materiales en la bodega de materiales respectiva, con el fin de lograr el abastecimiento de los pedidos de clientes internos en los tiempos acordados y de acuerdo a los procedimientos establecidos.
¿Qué tienes que hacer?
-Mantener control y orden en la recepción y almacenamiento de materiales y productos terminados.
-Mantener orden en bodega de acuerdo a las normas y procedimientos establecidos
-Realizar despacho de materiales y productos terminados según requerimientos.
-Cumplir con despachos siguiendo metodologías FIFO
-Apoyar proceso de control de inventario
-Ingreso de información al sistema
-Manejo de grúa horquilla.
Tenemos distintos beneficios que podrás disfrutar, acá te señalamos algunos de ellos:
-Seguro complementario, de vida entre otros
-Descuento en productos.
-Reajuste por IPC.
-Estabilidad laboral.
-Entre muchos más que te invitamos a descubrir.
Sí te atraen los desafíos te invitamos a postular y vivir la experiencia Carozzi.",1,"Contar con Enseñanza Media Completa.
Contar con Licencia Clase D Vigente (Excluyente)
Deseable experiencia de 2 años en cargo de bodeguero o cargos similares.
Conocimiento en Microsoft Office
Tener disponibilidad para trabajar en San Bernardo."
Administrativo Tesorería  ,Mantención,"San Bernardo, Metropolitana de Santiago",San Bernardo,Metropolitana de Santiago,2026-07-30,6107658,carozzi,2026-07-30,2026-08-07,0.3203,Administrativo,Jornada Completa,Empresas Carozzi,Técnico medio/ colegio técnico,Chile,2 años,2026-08-29,https://carozzi.trabajando.cl/trabajo-empleo/administrativo-tesoreria/trabajo/6107658,En Carozzi nos mueve hacer las cosas...,"En Carozzi nos mueve hacer las cosas bien, para que todos podamos compartir y disfrutar en un mejor entorno, y es por ello que desde hace más de 127 años estamos presentes en el mercado con más de 100 marcas como Costa, Ambrosoli, Vivo, Trattoria, Master Dog, Bresler y Pancho Villa, entre otras.
Somos una Compañía donde vivimos la innovación, la pasión por el trabajo bien hecho y el respeto por las personas, valorando la diversidad e inclusión, porque creemos que nuestras diferencias nos enriquecen como organización.
Un nuevo desafío te espera! 🚀😊 Estamos en búsqueda de nuestro próximo Administrativo de Tesorería.
La misión es realizar actividades relacionadas con la recaudación de valores y pago de anticipos, como preparación de depósitos, arqueos de caja y otros, con el propósito de contribuir al funcionamiento continuo de la empresa, acorde a los procedimientos internos y legales establecidos.
Tenemos distintos beneficios para ti:
Casino.
Buses de acercamiento.
Seguro complementario, de vida, entre otros...
Descuentos en productos.
Gym.
Reajuste por IPC.
Estabilidad y buen ambiente laboral.",1,"¿Qué tienes que hacer?
Realizar el control de los pagos de nomina de proveedores y clientes (cheques a fecha, etc).
Realizar el pago de nominas de finiquitos, anticipos del personal, revalidaciones de cheques, transferencias y vales de vista.
Realizar Pruebas para proyectos de SAP relacionados con el área, realizando labores de key user de SAP.
Realiza el análisis, ejecución y registro de boletines de cobranza y recaudación de ventas.
Que necesitas:
Tener estudios Técnico nivel medio del área de Contabilidad, Administración o similar.
Tener 2 años de experiencia en el área.
Tener conocimientos de Excel intermedio y SAP."
Tecnico en Prevención de Riesgos Junior,Otra Área,"San Bernardo, Metropolitana de Santiago",San Bernardo,Metropolitana de Santiago,2026-07-29,6107382,carozzi,2026-07-29,2026-08-08,0.3468,Administrativo,Jornada Completa,Empresas Carozzi S.A.,Técnico profesional superior,Chile,1 años,2026-08-28,https://carozzi.trabajando.cl/trabajo-empleo/tecnico-en-prevencion-de-riesgos-junior/trabajo/6107382,En Carozzi nos mueve hacer las cosas...,"En Carozzi nos mueve hacer las cosas bien, para que todos podamos compartir y disfrutar en un mejor entorno, y es por ello que desde hace más de 127 años estamos presentes en el mercado con más de 100 marcas como Costa, Ambrosoli, Vivo, Trattoria, Master Dog, Bresler y Pancho Villa, entre otras.
Somos una Compañía donde vivimos la innovación, la pasión por el trabajo bien hecho y el respeto por las personas, valorando la diversidad e inclusión, porque creemos que nuestras diferencias nos enriquecen como organización.
¡Un nuevo desafío te espera! 🚀😊 Buscamos a personas con formación profesional de las carreras Técnico en Prevención de Riesgo, con al menos 1 año de experiencia en el área de prevención e idealmente en la industria de producción de alimentos para trabajar en nuestro Centro Industrial de San Bernando.
¿Qué tienes que hacer?📘🖋
Realizar actividades establecidas en el programa de prevención, así como capacitaciones, revisión de equipos de protección personal, inspecciones, observaciones de seguridad en terreno, entre otros.
Realizar la revisión en terreno de actividades preventivas, desarrolladas por empresas Contratistas.
Realizar actividades de apoyo en la investigación de accidentes y desarrollo de inspecciones, como levantamiento de información, en conjunto con la jefatura directa de turno.
Realizar Inspecciones a los sistemas de emergencias (salidas y vías de evacuación, extintores, redes húmedas).
Tenemos distintos beneficios para ti🎁🎉
Casino.
Buses de acercamiento.
Seguro complementario, de vida entre otros
Descuento en productos.
Gym y canchas deportivas.
Reajuste por IPC.
Estabilidad laboral y buen ambiente laboral.
Entre muchos más que te invitamos a descubrir.😎",1,"Estudios Técnico nivel superior en prevención de riesgo.
Al menos 1 año de experiencia en el área de prevención. (excluyente)
Experiencia en la industria de producción de alimentos. (deseable)"
Administrativo de Existencias,Otra Área,"San Bernardo, Metropolitana de Santiago",San Bernardo,Metropolitana de Santiago,2026-07-28,6106593,carozzi,2026-07-28,2026-08-08,0.3366,Administrativo,Jornada Completa,Empresas Carozzi S.A.,Técnico medio/ colegio técnico,Chile,1 años,2026-08-27,https://carozzi.trabajando.cl/trabajo-empleo/administrativo-de-existencias/trabajo/6106593,En Carozzi nos mueve hacer las cosas...,"En Carozzi nos mueve hacer las cosas bien, para que todos podamos compartir y disfrutar en un mejor entorno, y es por ello que desde hace más de 127 años estamos presentes en el mercado con más de 100 marcas como Costa, Ambrosoli, Vivo, Trattoria, Master Dog, Bresler y Pancho Villa, entre otras.
Somos una Compañía donde vivimos la innovación, la pasión por el trabajo bien hecho y el respeto por las personas, valorando la diversidad e inclusión, porque creemos que nuestras diferencias nos enriquecen como organización.
¡Un nuevo desafío te espera! 🚀😊 Buscamos personas con formación técnica en Administración, Contabilidad o carreras afines, con al menos 1 año de experiencia en cargos similares, para desempeñarse como Administrativo(a) de Existencias en nuestro Centro de Distribución.
¿Cuál será tu misión? 📘🖋Realizar actividades de control sobre la recepción, almacenamiento y despacho de existencias en Centros de Distribución, Autoventas, Sucursales, Bodegas de Materiales y Productos Terminados, contribuyendo al orden, control y registro efectivo de insumos y productos, apoyando así la disminución de pérdidas operacionales.
¿Qué tendrás que hacer? 📦📊Realizar inventarios y conteos físicos de insumos y productos terminados.
Elaborar reportes mensuales de existencias en Centros de Distribución, Autoventas, Sucursales y Bodegas.
Ejecutar controles asociados a la recepción y despacho de productos terminados.
Verificar y controlar los movimientos de existencias, asegurando la correcta trazabilidad de los productos.
Apoyar la gestión y control de decomisos en bodegas de materiales.
Mantener actualizados los registros de inventario y apoyar en la identificación de diferencias de stock.
Colaborar con las distintas áreas operativas para garantizar la exactitud de la información relacionada con existencias.
Cumplir con los procedimientos establecidos para el control y administración de inventarios.
Tenemos distintos beneficios para ti 🎁🎉Casino.
Buses de acercamiento.
Seguro complementario de salud y seguro de vida.
Descuento en productos.
Gym y canchas deportivas.
Reajuste por IPC.
Estabilidad laboral y excelente ambiente de trabajo.
Entre muchos más que te invitamos a descubrir. 😎",1,"Técnico Nivel Medio en Administración y/o Contabilidad o Técnico nivel superior en Curso.
Al menos 1 año de experiencia en cargos relacionados.
Conocimientos en control de inventarios y gestión de stock.
Manejo de Microsoft Office.
Conocimientos de SAP. (Deseable, no excluyente).
Conocimientos de Power BI. (Deseable, no excluyente).
Capacidad de análisis, orden y atención al detalle."
Auxiliar de Producción - San Bernardo,Otra Área,"San Bernardo, Metropolitana de Santiago",San Bernardo,Metropolitana de Santiago,2026-07-27,6106007,carozzi,2026-07-27,2026-08-08,0.33,Auxiliar,Por Turnos,Empresas Carozzi S.A.,Media,Chile,,2026-09-25,https://carozzi.trabajando.cl/trabajo-empleo/auxiliar-de-produccion-san-bernardo/trabajo/6106007,En Carozzi nos mueve hacer las cosas...,"En Carozzi nos mueve hacer las cosas bien, para que todos podamos compartir y disfrutar en un mejor entorno, y es por ello que desde hace más de 127 años estamos presentes en el mercado con más de 100 marcas como Costa, Ambrosoli, Vivo, Trattoria, Master Dog, Bresler y Pancho Villa, entre otras.
Somos una Compañía donde vivimos la innovación, la pasión por el trabajo bien hecho y el respeto por las personas, valorando la diversidad e inclusión, porque creemos que nuestras diferencias nos enriquecen como organización.
Un nuevo desafío te espera! 🚀😊 El equipo de Planta Galletas está en busca de sus próximos Auxiliares de Producción.",1,"¿Qué tienes que hacer?
Realizar inspección visual a materias primas y productos durante cada etapa del proceso productivo.
Realizar inspección visual a materias primas y productos durante cada etapa del proceso productivo.
Realizar labores de embalaje, envasado, paletizar y separar productos defectuosos y proveer de pallets vacíos y material de envasados a las líneas de producción según requerimientos.
Realizar propuestas de acciones de mejora a su superviso directo y detectar oportunidades de mejora en procesos con fallas o anomalías.
Tenemos distintos beneficios para ti:
Casino.
Buses de acercamiento.
Seguro complementario, de vida, entre otros...
Descuentos en productos.
Gym.
Reajuste por IPC.
Estabilidad y buen ambiente laboral.
Entre muchos más que te invitamos a descubrir."
Técnico Eléctrico - San Bernardo,Otra Área,"San Bernardo, Metropolitana de Santiago",San Bernardo,Metropolitana de Santiago,2026-07-27,6105940,carozzi,2026-07-27,2026-08-08,0.3486,Mantenedor,Por Turnos,Empresas Carozzi S.A.,Técnico profesional superior,Chile,2 años,2026-08-26,https://carozzi.trabajando.cl/trabajo-empleo/tecnico-electrico-san-bernardo/trabajo/6105940,En Carozzi tenemos como propósito dar...,"En Carozzi tenemos como propósito dar lo mejor de nosotros para que las personas puedan disfrutar más la vida, y es por ello que desde hace más de 125 años estamos presente en el mercado con más de 100 marcas como Costa🍫, Ambrosoli🍬, Vivo🥃, Trattoria🍝, Master Dog🐶, Bresler🍧 y Pancho Villa🌯, entre otras.
Somos una Compañía donde nos mueve la innovación, el respeto por las personas y la pasión por el trabajo bien hecho y queremos invitarte a postular al cargo Eléctrico para nuestra Planta ubicada en la Planta de Teno.
Misión: Serás responsable de realizar diagnóstico, reparación y acondicionamiento sobre equipos, maquinarias de componentes eléctricos y electrónicos, con el propósito de contribuir a la operatividad, eficiencia y continuidad productiva de la planta.
¿Qué tienes que hacer?
Realizar diagnóstico y reparación de fallas eléctricas en equipos, maquinarias y componentes, participando en los análisis de fallas respectivos, según corresponda.
Realizar propuestas de medidas para la mejora de los procesos de mantenimiento eléctrico y electrónicos.
Realizar la gestión de órdenes y avisos de mantenimiento en SAP.
Ejecutar la mantención eléctrica preventiva y correctiva de equipos, instalaciones y procesos automatizados, aplicando técnicas de mantenimiento que permitan dar continuidad al proceso productivo, considerando confiabilidad, calidad, seguridad y costo global.
Tenemos distintos beneficios para ti:
Casino.👩🍳
Buses de acercamiento🚍.
Descuento en productos.🛒
Gimnasio y canchas deportivas.🤸
Estabilidad laboral y buen ambiente laboral.😄Entre muchos más que te invitamos a descubrir.😎
¡Súmate a nuestro equipo y vive la Experiencia Carozzi!😊",1,"Contar con formación técnico nivel superior área eléctrica / electrónica o Ingeniería eléctrica/ en automatización.
Deseable experiencia de 2 años como electricista industrial o cargo similares
Estar dispuesto a trabajar en turnos rotativos (mañana, tarde y noche, de lunes a sábado).
Tener disponibilidad para trabajar en San Bernardo."
Auxiliar de Producción,Otra Área,"San Bernardo, Metropolitana de Santiago",San Bernardo,Metropolitana de Santiago,2026-07-27,6106470,carozzi,2026-07-28,2026-08-05,0.3497,Auxiliar,Jornada Completa,Empresas Carozzi S.A.,Media,Chile,1 años,2026-09-25,https://carozzi.trabajando.cl/trabajo-empleo/auxiliar-de-produccion/trabajo/6106470,En Carozzi tenemos como propósito dar...,"En Carozzi tenemos como propósito dar lo mejor de nosotros para que las personas puedan disfrutar más la vida, y es por ello que desde hace más de 126 años estamos presente en el mercado con más de 100 marcas como Costa🍫, Ambrosoli🍬, Vivo🥃, Trattoria🍝, Master Dog🐶, Bresler🍧 y Pancho Villa🌯, entre otras.
Somos una Compañía donde nos mueve la innovación, el respeto por las personas y la pasión por el trabajo bien hecho y queremos invitarte a postular al cargo Auxiliar de Producción para nuestra Planta de Galletas ubicada en San Bernardo.
Buscamos a personas con enseñanza media terminada y que tenga experiencia en el área.
Misión: Realizar tareas de apoyo directamente relacionadas con el proceso productivo de la planta con el fin de contribuir al proceso productivo,
según el estándar de calidad definido.
¿Qué tienes que hacer?
Realizar inspección visual de materias primas y productos en cada etapa del proceso productivo.
Ejecutar labores de limpieza de equipos y revisión de parámetros de funcionamiento.
Apoyar en embalaje, envasado, paletizado, separación de productos defectuosos y provisión de pallets y materiales a las líneas de producción.
Proponer acciones de mejora al supervisor directo y detectar oportunidades en procesos con fallas o anomalías.
Tenemos distintos beneficios para ti:
Casino.👩🍳
Buses de acercamiento🚍.
Descuento en productos.🛒
Gimnasio y canchas deportivas.🤸
Estabilidad laboral y buen ambiente laboral.😄
Entre muchos más que te invitamos a descubrir.😎
¡Súmate a nuestro equipo y vive la Experiencia Carozzi!😊",19,"¿Qué necesitas para desempeñar este cargo?
Contar con alguna experiencia en área de alimentos."
Crew Local Heladería - La Florida,Otra Área,"La Florida, Metropolitana de Santiago",La Florida,Metropolitana de Santiago,2026-07-24,6100762,carozzi,2026-07-17,2026-08-08,0.3329,Operario,Part Time,Bresler,Técnico profesional superior,Chile,1 años,2026-09-08,https://carozzi.trabajando.cl/trabajo-empleo/crew-local-heladeria-la-florida/trabajo/6100762,🌟 ¡Súmate a nuestro equipo y crece...,"🌟 ¡Súmate a nuestro equipo y crece con nosotros! 🌟
En nuestra reconocida heladería con presencia a nivel nacional buscamos personas responsables, comprometidas y con muchas ganas de aprender.
Si disfrutas trabajar con personas, entregar un servicio de calidad y formar parte de un ambiente dinámico y acogedor ¡esta es tu oportunidad! 🙌🍦
🍨¿Qué harás?
Mantener operativas todas las áreas del local (barra, cocina, bodegas, copería).
Preparar, montar y servir productos siguiendo recetas y normas de higiene.
Atender de manera cordial y resolutiva a los clientes, impulsando productos y cumpliendo metas.
Apoyar en la recepción y almacenamiento de productos.
Realizar tareas de caja (cobros, arqueos y cierres).
Si tienes energía, actitud y ganas de aprender, este es tu lugar. ¡Postula ahora y únete a nuestra familia gastronómica!",10,"Enseñanza media completa (excluyente).
Experiencia en atención al cliente, montar platos, mantener limpieza de espacios y manejo de caja.
Buena disposición, adaptabilidad y trabajo en equipo."
Auxiliar de Producción - San Bernardo,Otra Área,"San Bernardo, Metropolitana de Santiago",San Bernardo,Metropolitana de Santiago,2026-07-24,6105472,carozzi,2026-07-24,2026-08-08,0.3356,Auxiliar,Por Turnos,Empresas Carozzi S.A.,Media,Chile,1 años,2026-09-22,https://carozzi.trabajando.cl/trabajo-empleo/auxiliar-de-produccion-san-bernardo/trabajo/6105472,En Carozzi nos mueve hacer las cosas...,"En Carozzi nos mueve hacer las cosas bien, para que todos podamos compartir y disfrutar en un mejor entorno, y es por ello que desde hace más de 127 años estamos presentes en el mercado con más de 100 marcas como Costa, Ambrosoli, Vivo, Trattoria, Master Dog, Bresler y Pancho Villa, entre otras.
Somos una Compañía donde vivimos la innovación, la pasión por el trabajo bien hecho y el respeto por las personas, valorando la diversidad e inclusión, porque creemos que nuestras diferencias nos enriquecen como organización.
Un nuevo desafío te espera! 🚀😊 El equipo de Planta Galletas está en busca de sus próximos Auxiliares de Producción.",1,"¿Qué tienes que hacer?
Realizar inspección visual a materias primas y productos durante cada etapa del proceso productivo.
Realizar inspección visual a materias primas y productos durante cada etapa del proceso productivo.
Realizar labores de embalaje, envasado, paletizar y separar productos defectuosos y proveer de pallets vacíos y material de envasados a las líneas de producción según requerimientos.
Realizar propuestas de acciones de mejora a su superviso directo y detectar oportunidades de mejora en procesos con fallas o anomalías.
Tenemos distintos beneficios para ti:
Casino.
Buses de acercamiento.
Seguro complementario, de vida, entre otros...
Descuentos en productos.
Gym.
Reajuste por IPC.
Estabilidad y buen ambiente laboral.
Entre muchos más que te invitamos a descubrir."
Administrativo Expedición,Prevención de Riesgos,"Osorno, Los Lagos",Osorno,Los Lagos,2026-07-24,6105542,carozzi,2026-07-24,2026-08-08,0.3008,Administrativo,Jornada Completa,Empresas Carozzi,Técnico medio/ colegio técnico,Chile,1 años,2026-08-23,https://carozzi.trabajando.cl/trabajo-empleo/administrativo-expedicion/trabajo/6105542,En Carozzi nos mueve hacer las cosas...,"En Carozzi nos mueve hacer las cosas bien, para que todos podamos compartir y disfrutar en un mejor entorno, y es por ello que desde hace más de 127 años estamos presentes en el mercado con más de 100 marcas como Costa, Ambrosoli, Vivo, Trattoria, Master Dog, Bresler y Pancho Villa, entre otras.
Somos una Compañía donde vivimos la innovación, la pasión por el trabajo bien hecho y el respeto por las personas, valorando la diversidad e inclusión, porque creemos que nuestras diferencias nos enriquecen como organización.
¡Un nuevo desafío te espera! 🚀😊 Buscamos a personas con formación profesional de las carreras Técnico nivel medio en administración o contabilidad para trabajar en nuestra sucursal de Osorno.
¿Qué tienes que hacer?📘🖋
Planificación diaria de las rutas logísticas
Gestión y recepción de documentos
Registro y control de devoluciones
Manejo de SAP.",1,"¿Qué necesitas para desempeñar este cargo?
Estudios Técnicos nivel medio en administración o contabilidad.
Al menos 1 años de experiencia en el área.
Experiencia y conocimiento en el área de logística. (deseable)"
Crew Local Heladería - Rancagua,Otra Área,"Rancagua, Lib. Gral. Bdo. O'Higgins",Rancagua,Lib. Gral. Bdo. O'Higgins,2026-07-24,6100767,carozzi,2026-07-17,2026-08-08,0.334,Operario,Part Time,Bresler,Técnico profesional superior,Chile,1 años,2026-09-08,https://carozzi.trabajando.cl/trabajo-empleo/crew-local-heladeria-rancagua/trabajo/6100767,🌟 ¡Súmate a nuestro equipo y crece...,"🌟 ¡Súmate a nuestro equipo y crece con nosotros! 🌟
En nuestra reconocida heladería con presencia a nivel nacional buscamos personas responsables, comprometidas y con muchas ganas de aprender.
Si disfrutas trabajar con personas, entregar un servicio de calidad y formar parte de un ambiente dinámico y acogedor ¡esta es tu oportunidad! 🙌🍦
🍨¿Qué harás?
Mantener operativas todas las áreas del local (barra, cocina, bodegas, copería).
Preparar, montar y servir productos siguiendo recetas y normas de higiene.
Atender de manera cordial y resolutiva a los clientes, impulsando productos y cumpliendo metas.
Apoyar en la recepción y almacenamiento de productos.
Realizar tareas de caja (cobros, arqueos y cierres).
Si tienes energía, actitud y ganas de aprender, este es tu lugar. ¡Postula ahora y únete a nuestra familia gastronómica!",10,"Enseñanza media completa (excluyente).
Experiencia en atención al cliente, montar platos, mantener limpieza de espacios y manejo de caja.
Buena disposición, adaptabilidad y trabajo en equipo."
Crew Local Heladería - Concepción,Otra Área,"Concepción, Biobío",Concepción,Biobío,2026-07-24,6100772,carozzi,2026-07-17,2026-08-08,0.312,Operario,Part Time,Bresler,Técnico profesional superior,Chile,1 años,2026-09-08,https://carozzi.trabajando.cl/trabajo-empleo/crew-local-heladeria-concepcion/trabajo/6100772,🌟 ¡Súmate a nuestro equipo y crece...,"🌟 ¡Súmate a nuestro equipo y crece con nosotros! 🌟
En nuestra reconocida heladería con presencia a nivel nacional buscamos personas responsables, comprometidas y con muchas ganas de aprender.
Si disfrutas trabajar con personas, entregar un servicio de calidad y formar parte de un ambiente dinámico y acogedor ¡esta es tu oportunidad! 🙌🍦
🍨¿Qué harás?
Mantener operativas todas las áreas del local (barra, cocina, bodegas, copería).
Preparar, montar y servir productos siguiendo recetas y normas de higiene.
Atender de manera cordial y resolutiva a los clientes, impulsando productos y cumpliendo metas.
Apoyar en la recepción y almacenamiento de productos.
Realizar tareas de caja (cobros, arqueos y cierres).
Si tienes energía, actitud y ganas de aprender, este es tu lugar. ¡Postula ahora y únete a nuestra familia gastronómica!",1,"Enseñanza media completa (excluyente).
Experiencia en atención al cliente, montar platos, mantener limpieza de espacios y manejo de caja.
Buena disposición, adaptabilidad y trabajo en equipo."
Ayudante Logístico con Licencia Clase D - MERSAN Lo Espejo,Otra Área,"Lo Espejo, Metropolitana de Santiago",Lo Espejo,Metropolitana de Santiago,2026-07-23,6105329,carozzi,2026-07-23,2026-09-06,0.3809,Ayudante,Jornada Completa,Cantabria,Técnico profesional superior,Chile,2 años,2026-09-21,https://carozzi.trabajando.cl/trabajo-empleo/ayudante-logistico-con-licencia-clase-d-mersan-lo-espejo/trabajo/6105329,🚛 ¡Buscamos Ayudante de Logística...,"🚛 ¡Buscamos Ayudante de Logística para Bodega de Frío!
Nos encontramos en búsqueda de un/a Ayudante de Logística para integrarse a nuestra operación en bodega, donde se trabaja en ambientes de temperatura controlada, incluyendo zonas secas y cámaras de congelación de hasta -23 °C.
🔎 Principales funciones
Apoyar la operación logística en bodega de frío y zonas secas, realizando picking, orden y preparación de pedidos.
Operar grúa horquilla u otros equipos asociados a la función, según procedimientos internos.
Recepcionar productos de proveedores y clientes, verificando estado, cantidades y cumplimiento de estándares.
Registrar y controlar ingresos, salidas y movimientos de productos en sistema.
Apoyar la revisión de documentación operativa, como facturas, guías y registros internos.
Participar en inventarios, controles internos y mantención del orden de la bodega.",1,"Formación Técnico Profesional en Logística, Administración o carrera afín.
Excluyente contar con al menos 2 años de experiencia en operaciones logísticas, realizando funciones como picking, orden de bodega, manejo de pallets, preparación de pedidos y/o labores administrativas asociadas a la operación.
Excluyente tener experiencia trabajando en cámaras de frío o ambientes de congelación, desarrollando tareas operativas como picking, inventarios u otras funciones similares.
Excluyente contar con licencia de conducir clase D vigente.
Deseable manejar herramientas informáticas y/o sistemas de gestión logística."
¡Buscamos Ayudante de Bodega de Frío con Licencia Clase D - Lo Espejo!,Otra Área,"Lo Espejo, Metropolitana de Santiago",Lo Espejo,Metropolitana de Santiago,2026-07-23,6105328,carozzi,2026-07-23,2026-09-06,0.3602,Ayudante,Jornada Completa,Cantabria,Técnico profesional superior,Chile,2 años,2026-09-21,https://carozzi.trabajando.cl/trabajo-empleo/buscamos-ayudante-de-bodega-de-frio-con-licencia-clase-d-lo-espejo/trabajo/6105328,🚛 ¡Buscamos Ayudante de Logística...,"🚛 ¡Buscamos Ayudante de Logística para Bodega de Frío!
Nos encontramos en búsqueda de un/a Ayudante de Logística para integrarse a nuestra operación en bodega, donde se trabaja en ambientes de temperatura controlada, incluyendo zonas secas y cámaras de congelación de hasta -23 °C.
🔎 Principales funciones
Apoyar la operación logística en bodega de frío y zonas secas, realizando picking, orden y preparación de pedidos.
Operar grúa horquilla u otros equipos asociados a la función, según procedimientos internos.
Recepcionar productos de proveedores y clientes, verificando estado, cantidades y cumplimiento de estándares.
Registrar y controlar ingresos, salidas y movimientos de productos en sistema.
Apoyar la revisión de documentación operativa, como facturas, guías y registros internos.
Participar en inventarios, controles internos y mantención del orden de la bodega.",1,"Formación Técnico Profesional en Logística, Administración o carrera afín.
Excluyente contar con al menos 2 años de experiencia en operaciones logísticas, realizando funciones como picking, orden de bodega, manejo de pallets, preparación de pedidos y/o labores administrativas asociadas a la operación.
Excluyente tener experiencia trabajando en cámaras de frío o ambientes de congelación, desarrollando tareas operativas como picking, inventarios u otras funciones similares.
Excluyente contar con licencia de conducir clase D vigente.
Deseable manejar herramientas informáticas y/o sistemas de gestión logística."
Ayudante de Bodega de Frío / Conductor de Grúa   MERSAN Lo Espejo,Otra Área,"Lo Espejo, Metropolitana de Santiago",Lo Espejo,Metropolitana de Santiago,2026-07-23,6105326,carozzi,2026-07-23,2026-09-06,0.362,Ayudante,Jornada Completa,Cantabria,Técnico profesional superior,Chile,2 años,2026-09-21,https://carozzi.trabajando.cl/trabajo-empleo/ayudante-de-bodega-de-frio-conductor-de-grua-mersan-lo-espejo/trabajo/6105326,🚛 ¡Buscamos Ayudante de Logística...,"🚛 ¡Buscamos Ayudante de Logística para Bodega de Frío!
Nos encontramos en búsqueda de un/a Ayudante de Logística para integrarse a nuestra operación en bodega, donde se trabaja en ambientes de temperatura controlada, incluyendo zonas secas y cámaras de congelación de hasta -23 °C.
🔎 Principales funciones
Apoyar la operación logística en bodega de frío y zonas secas, realizando picking, orden y preparación de pedidos.
Operar grúa horquilla u otros equipos asociados a la función, según procedimientos internos.
Recepcionar productos de proveedores y clientes, verificando estado, cantidades y cumplimiento de estándares.
Registrar y controlar ingresos, salidas y movimientos de productos en sistema.
Apoyar la revisión de documentación operativa, como facturas, guías y registros internos.
Participar en inventarios, controles internos y mantención del orden de la bodega.",1,"Formación Técnico Profesional en Logística, Administración o carrera afín.
Excluyente contar con al menos 2 años de experiencia en operaciones logísticas, realizando funciones como picking, orden de bodega, manejo de pallets, preparación de pedidos y/o labores administrativas asociadas a la operación.
Excluyente tener experiencia trabajando en cámaras de frío o ambientes de congelación, desarrollando tareas operativas como picking, inventarios u otras funciones similares.
Excluyente contar con licencia de conducir clase D vigente.
Deseable manejar herramientas informáticas y/o sistemas de gestión logística."
Conserje de Planta Productiva Alimentos,Otra Área,"San Bernardo, Metropolitana de Santiago",San Bernardo,Metropolitana de Santiago,2026-07-23,6105344,carozzi,2026-07-23,2026-08-08,0.3011,Otro Profesional,Jornada Completa,Empresas Carozzi,Técnico medio/ colegio técnico,Chile,2 años,2026-08-22,https://carozzi.trabajando.cl/trabajo-empleo/conserje-de-planta-productiva-alimentos/trabajo/6105344,En Carozzi tenemos como propósito dar...,"En Carozzi tenemos como propósito dar lo mejor de nosotros para que las personas puedan disfrutar más la vida, y es por ello que desde hace más de 126 años estamos presente en el mercado con más de 100 marcas como Costa, Ambrosoli, Vivo, Trattoria, Master Dog, Bresler y Pancho Villa, entre otras
Somos una Compañía donde nos mueve la innovación, el respeto por las personas y la pasión por el trabajo bien hecho y queremos invitarte a postular al cargo de Mayordomo de Planta.
La misión del cargo es Realizar control de asistencia, ingreso y servicios generales, entre otros, en la planta asignada, con el fin de mantener el cumplimiento de normas, procedimientos y estándares definidos por Carozzi.
¿Qué tienes que hacer?
Realizar control de ingreso de personal interno y externo a la planta productiva, así como entrega de implementos a las personas que los requieran, como cofias, mascarillas, entre otros.
Realizar registro y control de asistencia y disciplina de los colaboradores de la planta (ingresos y salidas), así como recepción y registro de licencias médicas
Realizar revisión de los servicios generales prestados, así como tambien de los servicios de aseo y casino en planta, distribuyendo materiales de aseo según corresponda
Realizar coordinación de traslado de colaboradores desde y hacia la empresa, según actividades programadas por las áreas de producción y calidad.",2,"Requisitos:
Experiencia: Mínimo 2 años en cargos de conserjería, administración, guardia de seguridad o similar.
Conocimientos y habilidades:  -Curso de seguridad y control
- Habilidad en el manejo de conflictos.
Disponibilidad para trabajar en turnos rotativos de Lunes a Sábado.
Tenemos distintos beneficios para ti:
- Casino.
- Buses de acercamiento.
- Seguro complementario, de vida, entre otros...
- Descuentos en productos.
- Gym.
- Reajuste por IPC.
- Estabilidad y buen ambiente laboral.
Entre muchos más que te invitamos a descubrir."
Operador de Caldera,Otra Área,"San Bernardo, Metropolitana de Santiago",San Bernardo,Metropolitana de Santiago,2026-07-23,6105113,carozzi,2026-07-23,2026-08-08,0.3158,Mantenedor,Jornada Completa,Empresas Carozzi S.A.,Media,Chile,3 años,2026-08-22,https://carozzi.trabajando.cl/trabajo-empleo/operador-de-caldera/trabajo/6105113,En Carozzi nos mueve hacer las cosas...,"En Carozzi nos mueve hacer las cosas bien, para que todos podamos compartir y disfrutar en un mejor entorno, y es por ello que desde hace más de 127 años estamos presentes en el mercado con más de 100 marcas como Costa, Ambrosoli, Vivo, Trattoria, Master Dog, Bresler y Pancho Villa, entre otras.
Somos una Compañía donde vivimos la innovación, la pasión por el trabajo bien hecho y el respeto por las personas, valorando la diversidad e inclusión, porque creemos que nuestras diferencias nos enriquecen como organización.
¡Un nuevo desafío te espera! 🚀😊 Buscamos Operador de Caldera.
Misión🌟
Ejecutar y supervisar el manejo de la operación de las calderas de mayor tamaño y/o complejidad de acuerdo con el decreto 10 (DS10) con el fin de mantener su funcionamiento de acuerdo con los parámetros establecidos en la organización.
¿Qué tienes que hacer?
Realizar el cumplimiento del decreto DS 10 mediante la actualización del libro de operación diaria de las calderas, incluyendo la toma de parámetros y la reportabilidad, de acuerdo con los lineamientos de la compañía y la normativa vigente.
Realizar el abastecimiento de combustible y agua a las calderas, suministrar vapor a las líneas de la sala de proceso.
Realizar la puesta en servicio y detención de las calderas, cumpliendo con los requerimientos de las diferentes Plantas.
Controlar dispositivos de seguridad, válvulas, alarmas, de acuerdo con lo establecido en el procedimiento, para evitar algún contingente de seguridad
Verificar y ejecutar el funcionamiento de las calderas mediante pruebas funcionales, desmontaje y ensamblaje de componentes, y coordinar su mantenimiento preventivo y la operación de servicios industriales según los procedimientos establecidos.
Tenemos distintos beneficios para ti:
Casino👩🍳
Buses de acercamiento🚍.
Descuento en productos.🛒
Gimnasio y canchas deportivas.🤸
Estabilidad laboral y buen ambiente laboral.😄
Entre muchos más que te invitamos a descubrir.😎
¡Súmate a nuestro equipo y vive la Experiencia Carozzi!😊",1,"¿Qué necesitas para desempeñar este cargo?
Enseñanza Media Completa
Certificado de competencia de operadores de calderas (DS10)
Al menos 2 años de experiencia en funciones similares.
Manejo de Excel."
Maestro de Cocina - RM,Otra Área,"Las Condes, Metropolitana de Santiago",Las Condes,Metropolitana de Santiago,2026-07-22,6101481,carozzi,2026-07-17,2026-08-08,0.2801,Ayudante,Part Time,Le Fournil,Técnico medio/ colegio técnico,Chile,1 años,2026-12-08,https://carozzi.trabajando.cl/trabajo-empleo/maestro-de-cocina-rm/trabajo/6101481,🌟 ¡Únete a nuestro equipo en Cantabria!...,"🌟 ¡Únete a nuestro equipo en Cantabria! 🌟
En Cantabria trabajamos con marcas que seguro conoces y disfrutas: Bonafide , Palettas 🍡, Emporio La Rosa 🍨, Cory 🍰 y Le Fournil 🥖, entre muchas otras.
Con más de 120 locales en todo Chile y siempre creciendo, somos una empresa líder en el rubro y queremos invitarte a ser parte de nuestro equipo. 💫
Si te apasiona entregar un buen servicio y buscas un lugar donde crecer, ¡te estamos esperando! 🙌 En esta ocasión, buscamos a nuestro próximo/a Ayudante de Cocina.
🍳 Funciones:
Apoyar en la ejecución de recetas, asegurando mise en place ordenado y preparaciones de calidad.
Mantener la limpieza y desinfección de utensilios, equipos y superficies, cumpliendo normas sanitarias.
Colaborar en el almacenamiento y control de insumos, reportando cualquier irregularidad.
🌟 ¿Qué te ofrecemos?
Un equipo comprometido con la calidad y el orden.
Estabilidad laboral y oportunidades de desarrollo.
Un entorno donde tu trabajo es valorado y tu crecimiento es posible.
💬 ¿Listo/a para dar el siguiente paso en tu carrera gastronómica?
¡Postula ahora y sé parte de una cocina que inspira!",3,"Enseñanza media completa o formación en escuelas gastronómicas.
Experiencia previa como ayudante de cocina (cocina caliente, fría o pastelería).
Conocimiento en higiene, manipulación de alimentos y técnicas básicas de cocina.
Disponibilidad para trabajar días de semana y fin de semana."
Ayudante de Cocina - RM,Otra Área,"Las Condes, Metropolitana de Santiago",Las Condes,Metropolitana de Santiago,2026-07-22,6101444,carozzi,2026-07-17,2026-08-08,0.2612,Ayudante,Part Time,Le Fournil,Técnico medio/ colegio técnico,Chile,1 años,2026-08-21,https://carozzi.trabajando.cl/trabajo-empleo/ayudante-de-cocina-rm/trabajo/6101444,🌟 ¡Únete a nuestro equipo en Cantabria!...,"🌟 ¡Únete a nuestro equipo en Cantabria! 🌟
En Cantabria trabajamos con marcas que seguro conoces y disfrutas: Bonafide , Palettas 🍡, Emporio La Rosa 🍨, Cory 🍰 y Le Fournil 🥖, entre muchas otras.
Con más de 120 locales en todo Chile y siempre creciendo, somos una empresa líder en el rubro y queremos invitarte a ser parte de nuestro equipo. 💫
Si te apasiona entregar un buen servicio y buscas un lugar donde crecer, ¡te estamos esperando! 🙌 En esta ocasión, buscamos a nuestro próximo/a Ayudante de Cocina.
🍳 Funciones:
Apoyar en la ejecución de recetas, asegurando mise en place ordenado y preparaciones de calidad.
Mantener la limpieza y desinfección de utensilios, equipos y superficies, cumpliendo normas sanitarias.
Colaborar en el almacenamiento y control de insumos, reportando cualquier irregularidad.
🌟 ¿Qué te ofrecemos?
Un equipo comprometido con la calidad y el orden.
Estabilidad laboral y oportunidades de desarrollo.
Un entorno donde tu trabajo es valorado y tu crecimiento es posible.
💬 ¿Listo/a para dar el siguiente paso en tu carrera gastronómica?
¡Postula ahora y sé parte de una cocina que inspira!",3,"Enseñanza media completa o formación en escuelas gastronómicas.
Experiencia previa como ayudante de cocina (cocina caliente, fría o pastelería).
Conocimiento en higiene, manipulación de alimentos y técnicas básicas de cocina.
Disponibilidad para trabajar días de semana y fin de semana."
Monitor de Prevención de Riesgos Junior,Otra Área,"San Bernardo, Metropolitana de Santiago",San Bernardo,Metropolitana de Santiago,2026-07-22,6104299,carozzi,2026-07-22,2026-08-08,0.3336,Administrativo,Jornada Completa,Empresas Carozzi S.A.,Técnico profesional superior,Chile,1 años,2026-08-21,https://carozzi.trabajando.cl/trabajo-empleo/monitor-de-prevencion-de-riesgos-junior/trabajo/6104299,En Carozzi nos mueve hacer las cosas...,"En Carozzi nos mueve hacer las cosas bien, para que todos podamos compartir y disfrutar en un mejor entorno, y es por ello que desde hace más de 127 años estamos presentes en el mercado con más de 100 marcas como Costa, Ambrosoli, Vivo, Trattoria, Master Dog, Bresler y Pancho Villa, entre otras.
Somos una Compañía donde vivimos la innovación, la pasión por el trabajo bien hecho y el respeto por las personas, valorando la diversidad e inclusión, porque creemos que nuestras diferencias nos enriquecen como organización.
¡Un nuevo desafío te espera! 🚀😊 Buscamos a personas con formación profesional de las carreras Técnico en Prevención de Riesgo, con al menos 1 año de experiencia en el área de prevención e idealmente en la industria de producción de alimentos para trabajar en nuestro Centro Industrial de San Bernando.
¿Qué tienes que hacer?📘🖋
Realizar actividades establecidas en el programa de prevención, así como capacitaciones, revisión de equipos de protección personal, inspecciones, observaciones de seguridad en terreno, entre otros.
Realizar la revisión en terreno de actividades preventivas, desarrolladas por empresas Contratistas.
Realizar actividades de apoyo en la investigación de accidentes y desarrollo de inspecciones, como levantamiento de información, en conjunto con la jefatura directa de turno.
Realizar Inspecciones a los sistemas de emergencias (salidas y vías de evacuación, extintores, redes húmedas).
Tenemos distintos beneficios para ti🎁🎉
Casino.
Buses de acercamiento.
Seguro complementario, de vida entre otros
Descuento en productos.
Gym y canchas deportivas.
Reajuste por IPC.
Estabilidad laboral y buen ambiente laboral.
Entre muchos más que te invitamos a descubrir.😎",1,"Estudios Técnico nivel superior en prevención de riesgo.
Al menos 1 año de experiencia en el área de prevención. (excluyente)
Experiencia en la industria de producción de alimentos. (deseable)"
Monitor Prevención de Riesgo - Planta Lontue,Otra Área,"Curicó, Maule",Curicó,Maule,2026-07-22,6104693,carozzi,2026-07-22,2026-08-08,0.3391,Técnico,Jornada Completa,Empresas Carozzi,Técnico profesional superior,Chile,2 años,2026-08-21,https://carozzi.trabajando.cl/trabajo-empleo/monitor-prevencion-de-riesgo-planta-lontue/trabajo/6104693,En Carozzi tenemos como propósito dar...,"En Carozzi tenemos como propósito dar lo mejor de nosotros para que las personas puedan disfrutar más la vida, y es por ello que desde hace más de 126 años estamos presente en el mercado con más de 100 marcas como Costa🍫, Ambrosoli🍬, Vivo🥃, Trattoria🍝, Master Dog🐶, Bresler🍧 y Pancho Villa🌯, entre otras.
Somos una Compañía donde nos mueve la innovación, el respeto por las personas y la pasión por el trabajo bien hecho y queremos invitarte a postular al cargo Monitor Prevención de Riesgo para nuestra Planta ubicada en Lontue.
Misión: Realizar en terreno actividades de apoyo al área de Prevención de Riesgos, con el propósito de contribuir a la seguridad y salud laboral de los colaboradores de la planta.
¿Qué tienes que hacer?
Realizar actividades establecidas en el programa de prevención, así como capacitaciones, revisión de equipos de protección personal, inspecciones, observaciones de seguridad en terreno, entre otros.
Realizar la revisión en terreno de actividades preventivas, desarrolladas por empresas Contratistas.
Realizar actividades de apoyo en la investigación de accidentes y desarrollo de inspecciones, como levantamiento de información, en conjunto con la jefatura directa de turno.
Realizar Inspecciones a los sistemas de emergencias (salidas y vías de evacuación, extintores, redes húmedas).
Tenemos distintos beneficios para ti:
Casino.👩?🍳
Buses de acercamiento🚍.
Descuento en productos.🛒
Gimnasio y canchas deportivas.🤸
Estabilidad laboral y buen ambiente laboral.😄
Entre muchos más que te invitamos a descubrir.😎",1,"Con formación Técnica/Profesional del área Prevención de Riesgos o similar.
Experiencia: mínimo 2 año de experiencia en un cargo similar.
Conocimientos en:
Conocimiento de Legislación y normativa legal vigente de SST"
Administrativo de Expedición,Otra Área,"San Bernardo, Metropolitana de Santiago",San Bernardo,Metropolitana de Santiago,2026-07-22,6104775,carozzi,2026-07-22,2026-08-08,0.3405,Administrativo,Por Turnos,Empresas Carozzi S.A.,Técnico medio/ colegio técnico,Chile,1 años,2026-08-21,https://carozzi.trabajando.cl/trabajo-empleo/administrativo-de-expedicion/trabajo/6104775,En Carozzi nos mueve hacer las cosas...,"En Carozzi nos mueve hacer las cosas bien, para que todos podamos compartir y disfrutar en un mejor entorno, y es por ello que desde hace más de 127 años estamos presentes en el mercado con más de 100 marcas como Costa, Ambrosoli, Vivo, Trattoria, Master Dog, Bresler y Pancho Villa, entre otras.
Somos una Compañía donde vivimos la innovación, la pasión por el trabajo bien hecho y el respeto por las personas, valorando la diversidad e inclusión, porque creemos que nuestras diferencias nos enriquecen como organización.
¡Un nuevo desafío te espera! 🚀😊 Buscamos personas con enseñanza media completa y formación técnica en Administración, Contabilidad o carreras afines, con al menos 1 año de experiencia en cargos similares, para desempeñarse como Administrativo(a) de Expedición en nuestro Centro de Distribución.
¿Cuál será tu misión? 📘🖋Realizar la administración de los pool de pedidos de venta y traslado del Centro de Distribución, contribuyendo a la optimización de los recursos de transporte, la disponibilidad de productos en las sucursales y la correcta facturación a clientes.
¿Qué tendrás que hacer? 📦🚚Gestionar pedidos de abastecimiento para sucursales a través de SAP.
Administrar y tratar los pool de pedidos, ejecutando cargas manuales o mediante Rodnet.
Crear grupos de carga y grupos de referencia WMS para dar inicio a los procesos operativos del sistema.
Emitir y gestionar documentación asociada al proceso de expedición y facturación.
Apoyar el control administrativo de aproximadamente 130 cargas diarias distribuidas en distintos turnos.
Realizar la impresión y entrega de documentación necesaria para el despacho de cargas.
Gestionar y cargar documentación en portales de clientes cuando sea requerido.
Apoyar en la resolución de situaciones excepcionales que puedan afectar la continuidad operacional del área.
Ejecutar tareas administrativas inherentes al cargo y apoyar los distintos procesos del área de expedición.
Tenemos distintos beneficios para ti 🎁🎉Casino.
Buses de acercamiento.
Seguro complementario de salud y seguro de vida.
Descuento en productos.
Gym y canchas deportivas.
Reajuste por IPC.
Estabilidad laboral y excelente ambiente de trabajo.
Entre muchos más que te invitamos a descubrir. 😎",1,"Enseñanza Media Completa.
Deseable formación Técnico Nivel Medio o Superior en Administración, Contabilidad o carreras afines.
Al menos 1 año de experiencia en cargos administrativos similares. (Excluyente)
Conocimientos en procesos de expedición, facturación y documentación logística.
Manejo de SAP. (Deseable)
Manejo de herramientas Office nivel usuario.
Conocimientos de conceptos contables y administrativos."
 Analista Inteligencia Comercial - San Bernardo,Otra Área,"San Bernardo, Metropolitana de Santiago",San Bernardo,Metropolitana de Santiago,2026-07-22,6104402,carozzi,2026-07-22,2026-08-06,0.3487,Ingeniero,Mixta (Teletrabajo + Presencial),Empresas Carozzi S.A.,Universitaria,Chile,,2026-08-21,https://carozzi.trabajando.cl/trabajo-empleo/analista-inteligencia-comercial-san-bernardo/trabajo/6104402,En Carozzi nos mueve hacer las cosas...,"En Carozzi nos mueve hacer las cosas bien, para que todos podamos compartir y disfrutar en un mejor entorno, y es por ello que desde hace más de 128 años estamos presentes en el mercado con más de 100 marcas como Costa, Ambrosoli, Vivo, Trattoria, Master Dog, Bresler y Pancho Villa, entre otras.
Somos una Compañía donde vivimos la innovación, la pasión por el trabajo bien hecho y el respeto por las personas, valorando la diversidad e inclusión, porque creemos que nuestras diferencias nos enriquecen como organización.
Un nuevo desafío te espera! 🚀😊 El equipo de Inteligencia Comercial está en busca de su próximo Analista Inteligencia Comercial.
Buscamos a personas con Formación Universitaria de las carreras de Ingeniería Comercial, Ingeniería Civil Industrial y/o carrera afín.
Misión: Analizar, elaborar y coordinar la información comercial, reportes de desempeño por canal y categoría, manteniendo actualizadas las plataformas de indicadores clave de ventas, las actividades relacionadas con datos del punto de venta y las mejoras en sistemas de control, contribuyendo a la toma de decisiones estratégicas y al fortalecimiento del desempeño comercial de la organización.
¿Qué tienes que hacer?
Realizar análisis y reportes de ventas en distintos canales, incluyendo la cobertura por categoría de productos.
Realizar la mantención de plataformas con información sobre precios, servicio en góndolas, participación de mercado, ventas, cabinets y otras variables relacionadas, coordinando con áreas internas, proveedores y clientes.
Elaborar distintos reportes sobre metas, cumplimiento de campañas y resultados de concursos dirigidos a la fuerza de ventas, entre otros.
Evaluar mejoras en los sistemas vinculados al control de gestión de ventas.
Tenemos distintos beneficios para ti:
Casino.
Buses de acercamiento.
Seguro complementario.
Descuentos en productos.
Gym.
Reajuste por IPC.
Estabilidad y buen ambiente laboral.
Entre muchos más que te invitamos a descubrir...
Si te atraen los desafíos, te invitamos a postular y vivir la experiencia Carozzi.",1,"Formación Universitaria de las carreras de Ingeniería Comercial, Ingeniería Civil Industrial y/o carrera afín.
Manejo de Microsoft Office nivel intermedio (excluyente).
Conocimiento en Access/SQL/Python (deseable).
Manejo Power BI nivel intermedio (excluyente).
Manejo en herramientas de IA."
Mecánico - Planta Lontue,Otra Área,"Curicó, Maule",Curicó,Maule,2026-07-21,6103836,carozzi,2026-07-21,2026-08-08,0.3372,Técnico,Jornada Completa,Empresas Carozzi,Técnico profesional superior,Chile,2 años,2026-08-20,https://carozzi.trabajando.cl/trabajo-empleo/mecanico-planta-lontue/trabajo/6103836,En Carozzi tenemos como propósito dar...,"En Carozzi tenemos como propósito dar lo mejor de nosotros para que las personas puedan disfrutar más la vida, y es por ello que desde hace más de 126 años estamos presente en el mercado con más de 100 marcas como Costa🍫, Ambrosoli🍬, Vivo🥃, Trattoria🍝, Master Dog🐶, Bresler🍧 y Pancho Villa🌯, entre otras.
Somos una Compañía donde nos mueve la innovación, el respeto por las personas y la pasión por el trabajo bien hecho y queremos invitarte a postular al cargo Mecánico para nuestra Planta ubicada en Lontue.
Misión: Realizar diagnóstico, reparación y acondicionamiento sobre equipos y maquinarias de componentes mecánicos y electromecánicos, con el propósito de contribuir a la operatividad, eficiencia y continuidad productiva de los equipos y maquinarias de la planta.
¿Qué tienes que hacer?
Realizar diagnóstico y reparación de fallas mecánicas en equipos, maquinarias y componentes, participando en los análisis de falla respectivos.
Ejecutar mantenciones preventivas y correctivas a equipos, maquinarias e instalaciones, aplicando técnicas de mantenimiento que permitan dar continuidad a los procesos productivos, considerando confiabilidad, calidad, seguridad y costo global.
Realizar la modificación y/o construcción de componentes mecánicos según se requiera.
Realizar propuestas de medidas para la mejora de los procesos de mantenimiento mecánico.
Tenemos distintos beneficios para ti:
Casino.👩?🍳
Buses de acercamiento🚍.
Descuento en productos.🛒
Gimnasio y canchas deportivas.🤸
Estabilidad laboral y buen ambiente laboral.😄
Entre muchos más que te invitamos a descubrir.😎",1,"Con formación Técnica/Profesional del área Mecánica / mantenimiento industrial o similar.
Experiencia: mínimo 3 año de experiencia en un cargo similar.
Conocimientos en:
Mecánica (nivel avanzado: Hidráulica, Neumática, elementos de control de vapor, etc.).
- Electricidad y electrónica (nivel medio).
- Desarmado y armado de componentes mecánicos complejos.
- Diagnóstico y reparación de fallas mecánicas complejas.
- Desarmado y armado de componentes mecánicos.
- Limpieza de piezas mecánicas.
- Soldadura (arco manual, TIG, MIG).
- Conocimientos de gestión de mantenimiento (KPI &KAI)."
Administrativo de Personal (2 años proyecto),Otra Área,"San Bernardo, Metropolitana de Santiago",San Bernardo,Metropolitana de Santiago,2026-07-20,6103335,carozzi,2026-07-20,2026-09-06,0.3405,Otro Profesional,Jornada Completa,Empresas Carozzi S.A.,Técnico profesional superior,Chile,1 años,2026-09-18,https://carozzi.trabajando.cl/trabajo-empleo/administrativo-de-personal-2-anos-proyecto/trabajo/6103335,En Carozzi tenemos como propósito dar...,"En Carozzi tenemos como propósito dar lo mejor de nosotros para que las personas puedan disfrutar más la vida, y es por ello que desde hace más de 126 años estamos presente en el mercado con más de 100 marcas como Costa🍫, Ambrosoli🍬, Vivo🥃, Trattoria🍝, Master Dog🐶, Bresler🍧 y Pancho Villa🌯, entre otras.
Somos una Compañía donde nos mueve la innovación, el respeto por las personas y la pasión por el trabajo bien hecho y queremos invitarte a postular al cargo de Administrativo de Personal para nuestra área de Gerencia de Personas en nuestra Planta ubicada en San Bernardo.
Buscamos a personas con formación Técnico o Ingeniero en Recursos Humanos, Administración de Recursos Humanos o similar,  entre 1 a 3 años de experiencia en el área.
Misión: Realizar actividades de gestión de tiempos, registrando y analizando información de asistencia, permisos y licencias medicas, con el propósito de contribuir al correcto cierre mensual de la nomina de pagos y la aplicación de normas establecidas en el reglamento interno y legislación laboral, en las distintas áreas de la compañía.
¿Qué tienes que hacer?
Administrar y controlar la asistencia del personal, gestionando turnos, permisos, licencias médicas y registros en el sistema SAP.
Analizar y validar la información de asistencia y descuentos para apoyar el cierre de nómina de remuneraciones.
Revisar y gestionar el proceso de pago de beneficios, como el bono de vacaciones.
Apoyar el proceso de ingreso de nuevos colaboradores, realizando enrolamiento, creación de credenciales e inducción sobre el registro de asistencia y herramientas internas.
Elaborar reportes administrativos y brindar apoyo en los procesos del área de Personal, asegurando el cumplimiento de los procedimientos internos.
Tenemos distintos beneficios para ti:
Casino.👩🍳
Buses de acercamiento🚍.
Descuento en productos.🛒
Gimnasio y canchas deportivas.🤸
Estabilidad laboral y buen ambiente laboral.😄
Entre muchos más que te invitamos a descubrir.😎
¡Súmate a nuestro equipo y vive la Experiencia Carozzi!😊",2,"¿Qué necesitas para desempeñar este cargo?
Contar con Formación Técnico de Recursos Humanos, Administración de Recursos Humanos o similar.
Tener entre 1 a 3 años de experiencia en el área.
Conocimientos de SAP."
Ingeniero  Comercial Trainee - San Bernardo,Otra Área,"San Bernardo, Metropolitana de Santiago",San Bernardo,Metropolitana de Santiago,2026-07-20,6103285,carozzi,2026-07-20,2026-08-08,0.3718,Ingeniero,Jornada Completa,Empresas Carozzi S.A.,Universitaria,Chile,,2026-08-19,https://carozzi.trabajando.cl/trabajo-empleo/ingeniero-comercial-trainee-san-bernardo/trabajo/6103285,En Carozzi nos mueve hacer las cosas...,"En Carozzi nos mueve hacer las cosas bien, para que todos podamos compartir y disfrutar en un mejor entorno, y es por ello que desde hace más de 128 años estamos presentes en el mercado con más de 100 marcas como Costa, Ambrosoli, Vivo, Trattoria, Master Dog, Bresler y Pancho Villa, entre otras.
Somos una Compañía donde vivimos la innovación, la pasión por el trabajo bien hecho y el respeto por las personas, valorando la diversidad e inclusión, porque creemos que nuestras diferencias nos enriquecen como organización.
Un nuevo desafío te espera! 🚀😊 El equipo de Marketing está en busca de su próximo Trainee Comercial.
Buscamos a personas con Formación Universitaria de las carreras de Ingeniería Comercial, Ingeniería Civil Industrial, Ingeniería en Administración de Empresas y/o carrera afín.
Misión: Contribuir al desempeño del negocio comercial mediante el análisis de información, ejecución de iniciativas tácticas y coordinación operativa entre áreas de Marketing, Trade Marketing y Ventas, asegurando la calidad de la información, la correcta ejecución en punto de venta y el cumplimiento de los planes comerciales, desarrollando competencias para asumir roles profesionales dentro de la organización.
¿Qué tienes que hacer?
Apoyar el levantamiento, análisis y consolidación de información de ventas, precios, promociones, rotación de productos, stock y rentabilidad, según requerimientos del área.
Realizar reportes de seguimiento, dashboards, informes y presentaciones para reuniones de equipo, subgerencias y gerencias.
Colaborar en la ejecución de iniciativas definidas por Marketing, Trade Marketing o Ventas; tales como campañas, promociones, acciones de visibilidad o actividades comerciales con clientes.
Colaborar con áreas internas en la ejecución de actividades comerciales y operativas.
Examinar e investigar procesos, ejecución comercial, información y coordinación interna, comunicando oportunidades de mejora a la jefatura.
Tenemos distintos beneficios para ti:
Casino.
Buses de acercamiento.
Descuentos en productos.
Gym.
Estabilidad y buen ambiente laboral.
Entre muchos más que te invitamos a descubrir...
Si te atraen los desafíos, te invitamos a postular y vivir la experiencia Carozzi.",3,"Formación Universitaria de las carreras de Ingeniería Comercial, Ingeniería Civil Industrial, Ingeniería en Administración de Empresas y/o carrera afín.
Manejo de Microsoft Office nivel intermedio.
Conocimiento en sistema SAP (deseable).
Manejo Power BI (deseable).
Manejo en herramientas de IA."
Crew Local Heladería - Curicó,Otra Área,"Santiago, Metropolitana de Santiago",Santiago,Metropolitana de Santiago,2026-07-20,6100785,carozzi,2026-07-17,2026-08-08,0.3547,Operario,Part Time,Bresler,Técnico profesional superior,Chile,1 años,2026-09-08,https://carozzi.trabajando.cl/trabajo-empleo/crew-local-heladeria-curico/trabajo/6100785,🌟 ¡Súmate a nuestro equipo y crece...,"🌟 ¡Súmate a nuestro equipo y crece con nosotros! 🌟
En nuestra reconocida heladería con presencia a nivel nacional buscamos personas responsables, comprometidas y con muchas ganas de aprender.
Si disfrutas trabajar con personas, entregar un servicio de calidad y formar parte de un ambiente dinámico y acogedor ¡esta es tu oportunidad! 🙌🍦
🍨¿Qué harás?
Mantener operativas todas las áreas del local (barra, cocina, bodegas, copería).
Preparar, montar y servir productos siguiendo recetas y normas de higiene.
Atender de manera cordial y resolutiva a los clientes, impulsando productos y cumpliendo metas.
Apoyar en la recepción y almacenamiento de productos.
Realizar tareas de caja (cobros, arqueos y cierres).
Si tienes energía, actitud y ganas de aprender, este es tu lugar. ¡Postula ahora y únete a nuestra familia gastronómica!",10,"Enseñanza media completa (excluyente).
Experiencia en atención al cliente, montar platos, mantener limpieza de espacios y manejo de caja.
Buena disposición, adaptabilidad y trabajo en equipo."
Crew Local Heladería - Temuco,Otra Área,"Temuco, La Araucanía",Temuco,La Araucanía,2026-07-20,6100775,carozzi,2026-07-17,2026-08-08,0.3589,Operario,Part Time,Bresler,Técnico profesional superior,Chile,1 años,2026-09-08,https://carozzi.trabajando.cl/trabajo-empleo/crew-local-heladeria-temuco/trabajo/6100775,🌟 ¡Súmate a nuestro equipo y crece...,"🌟 ¡Súmate a nuestro equipo y crece con nosotros! 🌟
En nuestra reconocida heladería con presencia a nivel nacional buscamos personas responsables, comprometidas y con muchas ganas de aprender.
Si disfrutas trabajar con personas, entregar un servicio de calidad y formar parte de un ambiente dinámico y acogedor ¡esta es tu oportunidad! 🙌🍦
🍨¿Qué harás?
Mantener operativas todas las áreas del local (barra, cocina, bodegas, copería).
Preparar, montar y servir productos siguiendo recetas y normas de higiene.
Atender de manera cordial y resolutiva a los clientes, impulsando productos y cumpliendo metas.
Apoyar en la recepción y almacenamiento de productos.
Realizar tareas de caja (cobros, arqueos y cierres).
Si tienes energía, actitud y ganas de aprender, este es tu lugar. ¡Postula ahora y únete a nuestra familia gastronómica!",10,"Enseñanza media completa (excluyente).
Experiencia en atención al cliente, montar platos, mantener limpieza de espacios y manejo de caja.
Buena disposición, adaptabilidad y trabajo en equipo."
Auxiliar de Producción - San Bernardo,Otra Área,"San Bernardo, Metropolitana de Santiago",San Bernardo,Metropolitana de Santiago,2026-07-20,6103176,carozzi,2026-07-20,2026-08-08,0.3352,Auxiliar,Por Turnos,Empresas Carozzi S.A.,Media,Chile,1 años,2026-08-19,https://carozzi.trabajando.cl/trabajo-empleo/auxiliar-de-produccion-san-bernardo/trabajo/6103176,En Carozzi nos mueve hacer las cosas...,"En Carozzi nos mueve hacer las cosas bien, para que todos podamos compartir y disfrutar en un mejor entorno, y es por ello que desde hace más de 127 años estamos presentes en el mercado con más de 100 marcas como Costa, Ambrosoli, Vivo, Trattoria, Master Dog, Bresler y Pancho Villa, entre otras.
Somos una Compañía donde vivimos la innovación, la pasión por el trabajo bien hecho y el respeto por las personas, valorando la diversidad e inclusión, porque creemos que nuestras diferencias nos enriquecen como organización.
Un nuevo desafío te espera! 🚀😊 El equipo de Planta Galletas está en busca de sus próximos Auxiliares de Producción.",1,"¿Qué tienes que hacer?
Realizar inspección visual a materias primas y productos durante cada etapa del proceso productivo.
Realizar inspección visual a materias primas y productos durante cada etapa del proceso productivo.
Realizar labores de embalaje, envasado, paletizar y separar productos defectuosos y proveer de pallets vacíos y material de envasados a las líneas de producción según requerimientos.
Realizar propuestas de acciones de mejora a su superviso directo y detectar oportunidades de mejora en procesos con fallas o anomalías.
Tenemos distintos beneficios para ti:
Casino.
Buses de acercamiento.
Seguro complementario, de vida, entre otros...
Descuentos en productos.
Gym.
Reajuste por IPC.
Estabilidad y buen ambiente laboral.
Entre muchos más que te invitamos a descubrir."
Crew Local Heladería - Concepción,Otra Área,"Concepción, Biobío",Concepción,Biobío,2026-07-20,6096728,carozzi,2026-07-17,2026-08-01,0.3124,Operario,Part Time,Bresler,Técnico profesional superior,Chile,1 años,2026-07-31,https://carozzi.trabajando.cl/trabajo-empleo/crew-local-heladeria-concepcion/trabajo/6096728,🌟 ¡Súmate a nuestro equipo y crece...,"🌟 ¡Súmate a nuestro equipo y crece con nosotros! 🌟
En nuestra reconocida heladería con presencia a nivel nacional buscamos personas responsables, comprometidas y con muchas ganas de aprender.
Si disfrutas trabajar con personas, entregar un servicio de calidad y formar parte de un ambiente dinámico y acogedor ¡esta es tu oportunidad! 🙌🍦
🍨¿Qué harás?
Mantener operativas todas las áreas del local (barra, cocina, bodegas, copería).
Preparar, montar y servir productos siguiendo recetas y normas de higiene.
Atender de manera cordial y resolutiva a los clientes, impulsando productos y cumpliendo metas.
Apoyar en la recepción y almacenamiento de productos.
Realizar tareas de caja (cobros, arqueos y cierres).
Si tienes energía, actitud y ganas de aprender, este es tu lugar. ¡Postula ahora y únete a nuestra familia gastronómica!",1,"Enseñanza media completa (excluyente).
Experiencia en atención al cliente, montar platos, mantener limpieza de espacios y manejo de caja.
Buena disposición, adaptabilidad y trabajo en equipo."
Crew Local Heladería - Calama,Otra Área,"Calama, Antofagasta",Calama,Antofagasta,2026-07-20,6086722,carozzi,2026-07-17,2026-07-25,0.3436,Operario,Part Time,Bresler,Técnico profesional superior,Chile,1 años,2026-07-24,https://carozzi.trabajando.cl/trabajo-empleo/crew-local-heladeria-calama/trabajo/6086722,🌟 ¡Súmate a nuestro equipo y crece...,"🌟 ¡Súmate a nuestro equipo y crece con nosotros! 🌟
En nuestra reconocida heladería con presencia a nivel nacional buscamos personas responsables, comprometidas y con muchas ganas de aprender.
Si disfrutas trabajar con personas, entregar un servicio de calidad y formar parte de un ambiente dinámico y acogedor ¡esta es tu oportunidad! 🙌🍦
🍨¿Qué harás?
Mantener operativas todas las áreas del local (barra, cocina, bodegas, copería).
Preparar, montar y servir productos siguiendo recetas y normas de higiene.
Atender de manera cordial y resolutiva a los clientes, impulsando productos y cumpliendo metas.
Apoyar en la recepción y almacenamiento de productos.
Realizar tareas de caja (cobros, arqueos y cierres).
Si tienes energía, actitud y ganas de aprender, este es tu lugar. ¡Postula ahora y únete a nuestra familia gastronómica!",1,"Enseñanza media completa (excluyente).
Experiencia en atención al cliente, montar platos, mantener limpieza de espacios y manejo de caja.
Buena disposición, adaptabilidad y trabajo en equipo."
Crew Local Heladería - La Florida,Otra Área,"La Florida, Metropolitana de Santiago",La Florida,Metropolitana de Santiago,2026-07-20,6086264,carozzi,2026-07-17,2026-07-24,0.3337,Operario,Part Time,Bresler,Técnico profesional superior,Chile,1 años,2026-07-23,https://carozzi.trabajando.cl/trabajo-empleo/crew-local-heladeria-la-florida/trabajo/6086264,🌟 ¡Súmate a nuestro equipo y crece...,"🌟 ¡Súmate a nuestro equipo y crece con nosotros! 🌟
En nuestra reconocida heladería con presencia a nivel nacional buscamos personas responsables, comprometidas y con muchas ganas de aprender.
Si disfrutas trabajar con personas, entregar un servicio de calidad y formar parte de un ambiente dinámico y acogedor ¡esta es tu oportunidad! 🙌🍦
🍨¿Qué harás?
Mantener operativas todas las áreas del local (barra, cocina, bodegas, copería).
Preparar, montar y servir productos siguiendo recetas y normas de higiene.
Atender de manera cordial y resolutiva a los clientes, impulsando productos y cumpliendo metas.
Apoyar en la recepción y almacenamiento de productos.
Realizar tareas de caja (cobros, arqueos y cierres).
Si tienes energía, actitud y ganas de aprender, este es tu lugar. ¡Postula ahora y únete a nuestra familia gastronómica!",10,"Enseñanza media completa (excluyente).
Experiencia en atención al cliente, montar platos, mantener limpieza de espacios y manejo de caja.
Buena disposición, adaptabilidad y trabajo en equipo."
Crew Local Heladería - Rancagua,Otra Área,"Rancagua, Lib. Gral. Bdo. O'Higgins",Rancagua,Lib. Gral. Bdo. O'Higgins,2026-07-20,6086212,carozzi,2026-07-17,2026-07-24,0.3357,Operario,Part Time,Bresler,Técnico profesional superior,Chile,1 años,2026-07-23,https://carozzi.trabajando.cl/trabajo-empleo/crew-local-heladeria-rancagua/trabajo/6086212,🌟 ¡Súmate a nuestro equipo y crece...,"🌟 ¡Súmate a nuestro equipo y crece con nosotros! 🌟
En nuestra reconocida heladería con presencia a nivel nacional buscamos personas responsables, comprometidas y con muchas ganas de aprender.
Si disfrutas trabajar con personas, entregar un servicio de calidad y formar parte de un ambiente dinámico y acogedor ¡esta es tu oportunidad! 🙌🍦
🍨¿Qué harás?
Mantener operativas todas las áreas del local (barra, cocina, bodegas, copería).
Preparar, montar y servir productos siguiendo recetas y normas de higiene.
Atender de manera cordial y resolutiva a los clientes, impulsando productos y cumpliendo metas.
Apoyar en la recepción y almacenamiento de productos.
Realizar tareas de caja (cobros, arqueos y cierres).
Si tienes energía, actitud y ganas de aprender, este es tu lugar. ¡Postula ahora y únete a nuestra familia gastronómica!",10,"Enseñanza media completa (excluyente).
Experiencia en atención al cliente, montar platos, mantener limpieza de espacios y manejo de caja.
Buena disposición, adaptabilidad y trabajo en equipo."
Crew Local Heladería - Los Ángeles,Otra Área,"Los Ángeles, Biobío",Los Ángeles,Biobío,2026-07-20,6086199,carozzi,2026-07-17,2026-07-24,0.3675,Operario,Part Time,Bresler,Técnico profesional superior,Chile,1 años,2026-07-23,https://carozzi.trabajando.cl/trabajo-empleo/crew-local-heladeria-los-angeles/trabajo/6086199,🌟 ¡Súmate a nuestro equipo y crece...,"🌟 ¡Súmate a nuestro equipo y crece con nosotros! 🌟
En nuestra reconocida heladería con presencia a nivel nacional buscamos personas responsables, comprometidas y con muchas ganas de aprender.
Si disfrutas trabajar con personas, entregar un servicio de calidad y formar parte de un ambiente dinámico y acogedor ¡esta es tu oportunidad! 🙌🍦
🍨¿Qué harás?
Mantener operativas todas las áreas del local (barra, cocina, bodegas, copería).
Preparar, montar y servir productos siguiendo recetas y normas de higiene.
Atender de manera cordial y resolutiva a los clientes, impulsando productos y cumpliendo metas.
Apoyar en la recepción y almacenamiento de productos.
Realizar tareas de caja (cobros, arqueos y cierres).
Si tienes energía, actitud y ganas de aprender, este es tu lugar. ¡Postula ahora y únete a nuestra familia gastronómica!",10,"Enseñanza media completa (excluyente).
Experiencia en atención al cliente, montar platos, mantener limpieza de espacios y manejo de caja.
Buena disposición, adaptabilidad y trabajo en equipo."
Crew Local Heladería - Temuco,Otra Área,"Temuco, La Araucanía",Temuco,La Araucanía,2026-07-20,6085678,carozzi,2026-07-17,2026-07-23,0.3602,Operario,Part Time,Bresler,Técnico profesional superior,Chile,1 años,2026-07-22,https://carozzi.trabajando.cl/trabajo-empleo/crew-local-heladeria-temuco/trabajo/6085678,🌟 ¡Súmate a nuestro equipo y crece...,"🌟 ¡Súmate a nuestro equipo y crece con nosotros! 🌟
En nuestra reconocida heladería con presencia a nivel nacional buscamos personas responsables, comprometidas y con muchas ganas de aprender.
Si disfrutas trabajar con personas, entregar un servicio de calidad y formar parte de un ambiente dinámico y acogedor ¡esta es tu oportunidad! 🙌🍦
🍨¿Qué harás?
Mantener operativas todas las áreas del local (barra, cocina, bodegas, copería).
Preparar, montar y servir productos siguiendo recetas y normas de higiene.
Atender de manera cordial y resolutiva a los clientes, impulsando productos y cumpliendo metas.
Apoyar en la recepción y almacenamiento de productos.
Realizar tareas de caja (cobros, arqueos y cierres).
Si tienes energía, actitud y ganas de aprender, este es tu lugar. ¡Postula ahora y únete a nuestra familia gastronómica!",10,"Enseñanza media completa (excluyente).
Experiencia en atención al cliente, montar platos, mantener limpieza de espacios y manejo de caja.
Buena disposición, adaptabilidad y trabajo en equipo."
Asistente Control de Procesos ,Otra Área,"San Bernardo, Metropolitana de Santiago",San Bernardo,Metropolitana de Santiago,2026-07-17,6102670,carozzi,2026-07-17,2026-09-06,0.3362,Asistente,Jornada Completa,Empresas Carozzi S.A.,Técnico medio/ colegio técnico,Chile,1 años,2026-09-15,https://carozzi.trabajando.cl/trabajo-empleo/asistente-control-de-procesos/trabajo/6102670,En Carozzi nos mueve hacer las cosas...,"En Carozzi nos mueve hacer las cosas bien, para que todos podamos compartir y disfrutar en un mejor entorno, y es por ello que desde hace más de 128 años estamos presentes en el mercado con más de 100 marcas como Costa, Ambrosoli, Vivo, Trattoria, Master Dog, Bresler y Pancho Villa, entre otras.
Somos una Compañía donde vivimos la innovación, la pasión por el trabajo bien hecho y el respeto por las personas, valorando la diversidad e inclusión, porque creemos que nuestras diferencias nos enriquecen como organización.
Un nuevo desafío te espera! 🚀😊 El equipo está en busca de su próximo Asistente Control de Procesos.
Buscamos a personas con formación académica en Técnico Medio del área Química, Alimentos o similar.
¿Qué tienes que hacer?
Realizar la verificación de los procesos productivos mediante la toma de datos de parámetros de productos en proceso y terminados durante el turno.
Realizar la verificación del funcionamiento de los equipos utilizados en el autocontrol de los procesos en el área productiva.
Registrar desviaciones en la fabricación de productos en la planta de producción, realizando seguimiento específico y recopilación de datos de descartes a través de la toma de datos.
Coordinar las capacitaciones y la inducción del personal de la planta sobre equipos nuevos o modificados y/o sobre la reingeniería de procesos, según se requiera.
Tenemos distintos beneficios para ti:
- Casino.
- Buses de acercamiento.
- Seguro complementario, de vida, entre otros...
- Descuentos en productos.
- Gym.
- Reajuste por IPC.
- Estabilidad y buen ambiente laboral.
Entre muchos más que te invitamos a descubrir.",1,"Requisitos:
Formación académica: Técnico Medio del área Química, Alimentos o similar.
Experiencia: Mínimo 1 año en cargo similares.
Conocimientos y habilidades: Microsoft Office."
Mecánico Industrial - San Bernardo NOS,Otra Área,"San Bernardo, Metropolitana de Santiago",San Bernardo,Metropolitana de Santiago,2026-07-17,6102671,carozzi,2026-07-17,2026-08-05,0.3739,Técnico,Jornada Completa,Empresas Carozzi,Técnico profesional superior,Chile,2 años,2026-09-15,https://carozzi.trabajando.cl/trabajo-empleo/mecanico-industrial-san-bernardo-nos/trabajo/6102671,En Carozzi tenemos como propósito dar...,"En Carozzi tenemos como propósito dar lo mejor de nosotros para que las personas puedan disfrutar más la vida, y es por ello que desde hace más de 128 años estamos presente en el mercado con más de 100 marcas como Costa🍫, Ambrosoli🍬, Vivo🥃, Trattoria🍝, Master Dog🐶, Bresler🍧 y Pancho Villa🌯, entre otras.
Somos una Compañía donde nos mueve la innovación, el respeto por las personas y la pasión por el trabajo bien hecho y queremos invitarte a postular al cargo Mecánico para nuestra Planta ubicada en San Bernardo.
Misión: Realizar diagnóstico, reparación y acondicionamiento sobre equipos y maquinarias de componentes mecánicos y electromecánicos, con el propósito de contribuir a la operatividad, eficiencia y continuidad productiva de los equipos y maquinarias de la planta.
¿Qué tienes que hacer?
Realizar diagnóstico y reparación de fallas mecánicas en equipos, maquinarias y componentes, participando en los análisis de falla respectivos.
Ejecutar mantenciones preventivas y correctivas a equipos, maquinarias e instalaciones, aplicando técnicas de mantenimiento que permitan dar continuidad a los procesos productivos, considerando confiabilidad, calidad, seguridad y costo global.
Realizar la modificación y/o construcción de componentes mecánicos según se requiera.
Realizar propuestas de medidas para la mejora de los procesos de mantenimiento mecánico.
Tenemos distintos beneficios para ti:
Casino.👩?🍳
Buses de acercamiento🚍.
Descuento en productos.🛒
Gimnasio y canchas deportivas.🤸
Estabilidad laboral y buen ambiente laboral.😄
Entre muchos más que te invitamos a descubrir.😎",1,"Con formación Técnica/Profesional del área Mecánica / mantenimiento industrial o similar.
Experiencia: mínimo 2 año de experiencia en un cargo similar.
Conocimientos en:
- Mecánica (nivel avanzado: Hidráulica, Neumática, elementos de control de vapor, etc.).
- Desarmado y armado de componentes mecánicos complejos.
- Diagnóstico y reparación de fallas mecánicas complejas.
- Desarmado y armado de componentes mecánicos.
- Limpieza de piezas mecánicas.
- Conocimientos de gestión de mantenimiento (KPI &KAI)."
Mecánico - Planta Lontue,Otra Área,"Curicó, Maule",Curicó,Maule,2026-07-17,6083493,carozzi,2026-07-17,2026-07-21,0.3331,Técnico,Jornada Completa,Empresas Carozzi,Técnico profesional superior,Chile,2 años,2026-08-16,https://carozzi.trabajando.cl/trabajo-empleo/mecanico-planta-lontue/trabajo/6083493,En Carozzi tenemos como propósito dar...,"En Carozzi tenemos como propósito dar lo mejor de nosotros para que las personas puedan disfrutar más la vida, y es por ello que desde hace más de 126 años estamos presente en el mercado con más de 100 marcas como Costa🍫, Ambrosoli🍬, Vivo🥃, Trattoria🍝, Master Dog🐶, Bresler🍧 y Pancho Villa🌯, entre otras.
Somos una Compañía donde nos mueve la innovación, el respeto por las personas y la pasión por el trabajo bien hecho y queremos invitarte a postular al cargo Mecánico para nuestra Planta ubicada en Lontue.
Misión: Realizar diagnóstico, reparación y acondicionamiento sobre equipos y maquinarias de componentes mecánicos y electromecánicos, con el propósito de contribuir a la operatividad, eficiencia y continuidad productiva de los equipos y maquinarias de la planta.
¿Qué tienes que hacer?
Realizar diagnóstico y reparación de fallas mecánicas en equipos, maquinarias y componentes, participando en los análisis de falla respectivos.
Ejecutar mantenciones preventivas y correctivas a equipos, maquinarias e instalaciones, aplicando técnicas de mantenimiento que permitan dar continuidad a los procesos productivos, considerando confiabilidad, calidad, seguridad y costo global.
Realizar la modificación y/o construcción de componentes mecánicos según se requiera.
Realizar propuestas de medidas para la mejora de los procesos de mantenimiento mecánico.
Tenemos distintos beneficios para ti:
Casino.👩?🍳
Buses de acercamiento🚍.
Descuento en productos.🛒
Gimnasio y canchas deportivas.🤸
Estabilidad laboral y buen ambiente laboral.😄
Entre muchos más que te invitamos a descubrir.😎",1,"Con formación Técnica/Profesional del área Mecánica / mantenimiento industrial o similar.
Experiencia: mínimo 3 año de experiencia en un cargo similar.
Conocimientos en:
Mecánica (nivel avanzado: Hidráulica, Neumática, elementos de control de vapor, etc.).
- Electricidad y electrónica (nivel medio).
- Desarmado y armado de componentes mecánicos complejos.
- Diagnóstico y reparación de fallas mecánicas complejas.
- Desarmado y armado de componentes mecánicos.
- Limpieza de piezas mecánicas.
- Soldadura (arco manual, TIG, MIG).
- Conocimientos de gestión de mantenimiento (KPI &KAI)."
Ingeniero de Proyectos,Otra Área,"San Bernardo, Metropolitana de Santiago",San Bernardo,Metropolitana de Santiago,2026-07-15,6102168,carozzi,2026-07-17,2026-09-06,0.3488,Ingeniero,Jornada Completa,Empresas Carozzi S.A.,Universitaria,Chile,5 años,2026-09-13,https://carozzi.trabajando.cl/trabajo-empleo/ingeniero-de-proyectos/trabajo/6102168,En Carozzi nos mueve hacer las cosas...,"En Carozzi nos mueve hacer las cosas bien, para que todos podamos compartir y disfrutar en un mejor entorno, y es por ello que desde hace más de 127 años estamos presentes en el mercado con más de 100 marcas como Costa, Ambrosoli, Vivo, Trattoria, Master Dog, Bresler y Pancho Villa, entre otras.
Somos una Compañía donde vivimos la innovación, la pasión por el trabajo bien hecho y el respeto por las personas, valorando la diversidad e inclusión, porque creemos que nuestras diferencias nos enriquecen como organización.
¡Un nuevo desafío te espera! 🚀😊 Para una trabajar en nuestro Centro Industrial ubicado en San Bernardo, buscamos Ingeniero de Proyectos Industriales Semi Sr. Buscamos a persona con formación universitaria en Ingeniería Civil Eléctrica, Electrónica o afines. Con al menos 3 años de experiencia en cargo similar.
Misión🌟
Programar y evaluar proyectos del área mecánica, eléctrica, electrónica, automatización y obras civiles para la mantención de los servicios y maquinarias, según corresponda, con el fin de contribuir a la continuidad, seguridad y optimización de procesos y equipos de la Planta, así como al incremento de las capacidades de producción.
¿Qué tienes que hacer? 🖋
Supervisar la implementación de los proyectos y monitorear el desarrollo de los mismos de acuerdo a procedimientos definidos y carta Gantt establecida.
Asesorar técnicamente a las diferentes áreas y plantas en lo que concierne a proyectos relacionados a las áreas de mecánica, eléctrica, electrónica y automatización.
Coordinar la contratación de empresas proveedoras, estableciendo el alcance técnico de los procesos de licitación.
Inspeccionar la ejecución de los trabajos realizados por las empresas contratistas.
Tenemos distintos beneficios para ti🎁🎉
Casino.
Buses de acercamiento.
Seguro complementario, de vida, entre otros.
Descuento en productos.
Gym y canchas deportivas.
Reajuste por IPC.
Estabilidad laboral y buen ambiente laboral.
Entre muchos más que te invitamos a descubrir.",1,"Contar con formación profesional en Ingeniería Civil Eléctrica, Electrónica o afines
5 o más años en cargo similar.
Experiencia en industria alimentaria (deseable)
Inglés (deseable)
Manejo de SAP y Microsoft Project (deseable)"
Ingeniero de Proyectos Industriales,Otra Área,"San Bernardo, Metropolitana de Santiago",San Bernardo,Metropolitana de Santiago,2026-07-13,6086589,carozzi,2026-07-17,2026-08-08,0.3694,Ingeniero,Jornada Completa,Empresas Carozzi S.A.,Universitaria,Chile,5 años,2026-08-23,https://carozzi.trabajando.cl/trabajo-empleo/ingeniero-de-proyectos-industriales/trabajo/6086589,En Carozzi nos mueve hacer las cosas...,"En Carozzi nos mueve hacer las cosas bien, para que todos podamos compartir y disfrutar en un mejor entorno, y es por ello que desde hace más de 127 años estamos presentes en el mercado con más de 100 marcas como Costa, Ambrosoli, Vivo, Trattoria, Master Dog, Bresler y Pancho Villa, entre otras.
Somos una Compañía donde vivimos la innovación, la pasión por el trabajo bien hecho y el respeto por las personas, valorando la diversidad e inclusión, porque creemos que nuestras diferencias nos enriquecen como organización.
¡Un nuevo desafío te espera! 🚀😊 Para una trabajar en nuestro Centro Industrial ubicado en San Bernardo, buscamos Ingeniero de Proyectos Industriales Semi Sr. Buscamos a persona con formación universitaria en Ingeniería Civil Eléctrica, Electrónica o afines. Con al menos 3 años de experiencia en cargo similar.
Misión🌟
Programar y evaluar proyectos del área mecánica, eléctrica, electrónica, automatización y obras civiles para la mantención de los servicios y maquinarias, según corresponda, con el fin de contribuir a la continuidad, seguridad y optimización de procesos y equipos de la Planta, así como al incremento de las capacidades de producción.
¿Qué tienes que hacer? 🖋
Supervisar la implementación de los proyectos y monitorear el desarrollo de los mismos de acuerdo a procedimientos definidos y carta Gantt establecida.
Asesorar técnicamente a las diferentes áreas y plantas en lo que concierne a proyectos relacionados a las áreas de mecánica, eléctrica, electrónica y automatización.
Coordinar la contratación de empresas proveedoras, estableciendo el alcance técnico de los procesos de licitación.
Inspeccionar la ejecución de los trabajos realizados por las empresas contratistas.
Tenemos distintos beneficios para ti🎁🎉
Casino.
Buses de acercamiento.
Seguro complementario, de vida, entre otros.
Descuento en productos.
Gym y canchas deportivas.
Reajuste por IPC.
Estabilidad laboral y buen ambiente laboral.
Entre muchos más que te invitamos a descubrir.",1,"Contar con formación profesional en Ingeniería Civil Eléctrica, Electrónica o afines
5 o más años en cargo similar.
Experiencia en industria alimentaria (deseable)
Inglés (deseable)
Manejo de SAP y Microsoft Project (deseable)"
 Técnico Mecánico - Reñaca,Otra Área,"Viña del Mar, Valparaíso",Viña del Mar,Valparaíso,2026-07-13,6101223,carozzi,2026-07-17,2026-08-08,0.3129,Técnico,Por Turnos,Empresas Carozzi S.A.,Técnico profesional superior,Chile,1 años,2026-12-08,https://carozzi.trabajando.cl/trabajo-empleo/tecnico-mecanico-renaca/trabajo/6101223,En Carozzi nos mueve hacer las cosas...,"En Carozzi nos mueve hacer las cosas bien, para que todos podamos compartir y disfrutar en un mejor entorno, y es por ello que desde hace más de 127 años estamos presentes en el mercado con más de 100 marcas como Costa, Ambrosoli, Vivo, Trattoria, Master Dog, Bresler y Pancho Villa, entre otras.
Somos una Compañía donde vivimos la innovación, la pasión por el trabajo bien hecho y el respeto por las personas, valorando la diversidad e inclusión, porque creemos que nuestras diferencias nos enriquecen como organización.
Un nuevo desafío te espera! 🚀😊 El equipo de Mantenimiento en Centro Industrial Reñaca está en busca de su próximo Mecánico.
Buscamos a personas con formación Técnica Nivel Superior en área de Mecánica, Mantenimiento industrial o carrera afín. Idealmente con 1 año de experiencia en cargo similares en el rubro alimenticio o industrial.
Misión: Realizar diagnóstico, reparación y acondicionamiento sobre equipos y maquinarias de componentes mecánicos y electromecánicos, con el propósito de contribuir a la operatividad, eficiencia y continuidad productiva de los equipos y maquinarias de la planta.
¿Qué tienes que hacer?
Realizar diagnóstico y reparación de fallas mecánicas en equipos y maquinarias.
Ejecutar la mantención preventiva y correctiva de equipos e instalaciones.
Realizar asesoría en temas de seguridad y confiabilidad de equipos.
Realizar propuestas de medidas para la mejora de los procesos de mantenimiento.
Tenemos distintos tipos de beneficios para ti:
Seguro complementario de salud.
Descuento en productos.
Buses de acercamiento.
Servicio de alimentación.
Estabilidad laboral y buen ambiente laboral.
Entre muchos más que te invitamos a descubrir.
Si te atraen los desafíos te invitamos a postular y vivir la experiencia Carozzi.",1,"Formación Técnica nivel superior en área de Mecánica, Mantenimiento industrial o carrera afín.
Contar con 1 año de experiencia en cargo similares en el rubro alimenticio o industrial.
Disponibilidad para trabajar en turnos rotativos de mañana (07:00 a 15:00), tarde (15:00 a 23:00) y noche (23:00 a 07:00).
Manejo de Excel nivel usuario.
Conocimiento en TPM y/o 5S."
Crew Local Heladería - Calama,Otra Área,"Calama, Antofagasta",Calama,Antofagasta,2026-07-13,6084301,carozzi,2026-07-17,2026-07-19,0.3475,Operario,Part Time,Bresler,Técnico profesional superior,Chile,1 años,2026-07-18,https://carozzi.trabajando.cl/trabajo-empleo/crew-local-heladeria-calama/trabajo/6084301,🌟 ¡Súmate a nuestro equipo y crece...,"🌟 ¡Súmate a nuestro equipo y crece con nosotros! 🌟
En nuestra reconocida heladería con presencia a nivel nacional buscamos personas responsables, comprometidas y con muchas ganas de aprender.
Si disfrutas trabajar con personas, entregar un servicio de calidad y formar parte de un ambiente dinámico y acogedor ¡esta es tu oportunidad! 🙌🍦
🍨¿Qué harás?
Mantener operativas todas las áreas del local (barra, cocina, bodegas, copería).
Preparar, montar y servir productos siguiendo recetas y normas de higiene.
Atender de manera cordial y resolutiva a los clientes, impulsando productos y cumpliendo metas.
Apoyar en la recepción y almacenamiento de productos.
Realizar tareas de caja (cobros, arqueos y cierres).
Si tienes energía, actitud y ganas de aprender, este es tu lugar. ¡Postula ahora y únete a nuestra familia gastronómica!",1,"Enseñanza media completa (excluyente).
Experiencia en atención al cliente, montar platos, mantener limpieza de espacios y manejo de caja.
Buena disposición, adaptabilidad y trabajo en equipo."
Monitor Sistema Inocuidad,Ventas,"San Bernardo, Metropolitana de Santiago",San Bernardo,Metropolitana de Santiago,2026-07-09,6083692,carozzi,2026-07-17,2026-08-08,0.3549,Técnico,Jornada Completa,Empresas Carozzi,Técnico medio/ colegio técnico,Chile,,2026-08-16,https://carozzi.trabajando.cl/trabajo-empleo/monitor-sistema-inocuidad/trabajo/6083692,En Carozzi tenemos como propósito dar...,"En Carozzi tenemos como propósito dar lo mejor de nosotros para que las personas puedan disfrutar más la vida, y es por ello que desde hace más de 128 años estamos presente en el mercado con más de 100 marcas como Costa🍫, Ambrosoli🍬, Vivo🥃, Trattoria🍝, Master Dog🐶, Bresler🍧 y Pancho Villa🌯, entre otras.
Somos una Compañía donde nos mueve la innovación, el respeto por las personas y la pasión por el trabajo bien hecho y queremos invitarte a postular al cargo de Monitor Sistema Inocuidad.
Buscamos a personas con formación en las carreras Técnico Medio en Industrias de Alimentos o afín. Desde 0 a 2 años de experiencia en el área.
Misión🌟
Realizar control del Sistema Aseguramiento de Inocuidad, en equipos, instalaciones y personal que participa en el proceso productivo, con el objetivo de mantener el cumplimiento de los requerimientos establecidos.
¿Qué tienes que hacer?📘🖋
Realizar recolección y revisión de planillas de control de normas de inocuidad dentro de la planta.
Realizar inspección de instalaciones y equipos de plantas productivas, tanto a nivel interno como externo a ellas.
Realizar revisión de la higiene de los colaboradores que trabajan en el proceso productivo, así como control a la disponibilidad de útiles de aseo.
Realizar el registro de la información recopilada dentro de la planta al sistema, según requerimientos del Sistema Aseguramiento de Inocuidad respectivo.
Realizar capacitaciones, a colaboradores de las áreas de producción, referentes a normas de inocuidad.
Tenemos distintos beneficios para ti🎁🎉
Casino.
Buses de acercamiento.
Seguro complementario, de vida entre otros
Descuento en productos.
Gym y canchas deportivas.
Reajuste por IPC.
Estabilidad laboral y buen ambiente laboral.
Entre muchos más que te invitamos a descubrir.",1,"Contar con formación Técnico Medio de Industria de Alimentos o similar.
Deseable con 0 a 2 años de experiencia.
Manejo de Microsoft Excel, nivel básico.
Deseable manejo de SAP."
Ingeniero de Procesos - Reñaca,Otra Área,"Viña del Mar, Valparaíso",Viña del Mar,Valparaíso,2026-07-08,6099832,carozzi,2026-07-17,2026-09-06,0.3495,Ingeniero,Jornada Completa,Empresas Carozzi S.A.,Universitaria,Chile,,2026-06-09,https://carozzi.trabajando.cl/trabajo-empleo/ingeniero-de-procesos-renaca/trabajo/6099832,En Carozzi nos mueve hacer las cosas...,"En Carozzi nos mueve hacer las cosas bien, para que todos podamos compartir y disfrutar en un mejor entorno, y es por ello que desde hace más de 128 años estamos presentes en el mercado con más de 100 marcas como Costa, Ambrosoli, Vivo, Trattoria, Master Dog, Bresler y Pancho Villa, entre otras.
Somos una Compañía donde vivimos la innovación, la pasión por el trabajo bien hecho y el respeto por las personas, valorando la diversidad e inclusión, porque creemos que nuestras diferencias nos enriquecen como organización.
¡Un nuevo desafío te espera! 🚀😊 La Planta de Caramelos está en busca de su próximo Ingeniero de Procesos. Buscamos a personas con formación universitaria en Ingeniería Civil Industrial o carrera afín. Idealmente con un año de experiencia en el rubro de alimentos.
Misión: Analizar y evaluar la elaboración e implementación de proyectos de nuevos procesos, productos o modificaciones de los actuales, con el fin de contribuir en el desarrollo de mejoras en los procesos productivos, según costos, calidad y seguridad definidos.
¿Qué tienes que hacer?
Evaluar y supervisar la ejecución de los procesos de producción, monitoreando continuamente las medidas de seguridad de los alimentos.
Realizar procedimientos estableciendo la secuencia de tareas para la ejecución de trabajos, identificando riesgos asociados a las tareas, definiendo acciones que minimicen dichos riesgos e incorporando cambios tecnológicos, acciones de mejoramiento continuo y normativa de riesgo, ambiente y calidad.
Diseñar, evaluar e implementar alternativas de optimización y cambios en procesos productivos, analizando condiciones de proceso, calidad y costo.
Coordinar puesta en marcha de equipos nuevos y/o modificados, productos nuevos, reingenierías de productos, evaluación de mejoras continuas, entre otros, llevando el control y el seguimiento, en conjunto con jefaturas respectivas, de los objetivos definidos según estándares determinados por la Gerencia de Operaciones.
Coordinar con las diferentes áreas la planificación e implementación de la metodología TPM en la planta.
Realizar las funciones que sean necesarias, producto de la ocurrencia de situaciones excepcionales que alteren el curso normal del proceso administrativo del área, junto con aquellas que según la práctica, naturaleza o descripción respectiva, corresponden a dicho cargo.
Tenemos distintos beneficios para ti🎁🎉
Casino.
Buses de acercamiento.
Seguro complementario, de vida, entre otros.
Descuento en productos.
Gym y canchas deportivas.
Reajuste por IPC.
Estabilidad laboral y buen ambiente laboral.
Entre muchos más que te invitamos a descubrir.",1,"Contar con formación profesional en las carreras Ingeniería Civil Industrial, Bioquímica, Química, Ingeniería en Ejecución y/o carrera afín.
Contar con un año de experiencia en cargos similares. (no excluyente)
Manejo de Microsoft Office nivel intermedio. (no excluyente)
Conocimiento en SAP. (deseable)
Conocimiento en Metodología TPM y/o 5S. (no excluyente)"
Movilizador - Sucursal Coquimbo,Otra Área,"Coquimbo, Coquimbo",Coquimbo,Coquimbo,2026-07-08,6099905,carozzi,2026-07-17,2026-08-08,0.2914,Operario,Jornada Completa,Empresas Carozzi S.A.,Media,Chile,,2026-07-08,https://carozzi.trabajando.cl/trabajo-empleo/movilizador-sucursal-coquimbo/trabajo/6099905,En Carozzi nos mueve hacer las cosas...,"En Carozzi nos mueve hacer las cosas bien, para que todos podamos compartir y disfrutar en un mejor entorno, y es por ello que desde hace más de 127 años estamos presentes en el mercado con más de 100 marcas como Costa, Ambrosoli, Vivo, Trattoria, Master Dog, Bresler y Pancho Villa, entre otras.
Somos una Compañía donde vivimos la innovación, la pasión por el trabajo bien hecho y el respeto por las personas, valorando la diversidad e inclusión, porque creemos que nuestras diferencias nos enriquecen como organización.
¡Un nuevo desafío te espera! 🚀😊 Buscamos Movilizador en Coquimbo. con formación de Enseñanza Media Completa.
¿Qué tienes que hacer?
Realizar la recepción, almacenaje y depacho de materiales y/o productos que se mantienen en el centro de distribución o bodega, con el fin de mantener el orden y fluidez de los procesos operacionales al interior del CD o bodega.
¡Súmate a nuestro equipo y vive la Experiencia Carozzi!😊",1,"¿Qué necesitas para desempeñar este cargo?
Egresado (a) enseñanza media completa
Al menos un año de experiencia en funciones similares."
Bodeguero Grúa Horquilla - Bresler,Otra Área,"San Bernardo, Metropolitana de Santiago",San Bernardo,Metropolitana de Santiago,2026-07-08,6099398,carozzi,2026-07-17,2026-08-08,0.304,Operario,Jornada Completa,Empresas Carozzi S.A.,Media,Chile,2 años,2026-07-08,https://carozzi.trabajando.cl/trabajo-empleo/bodeguero-grua-horquilla-bresler/trabajo/6099398,En Carozzi nos mueve hacer las cosas...,"En Carozzi nos mueve hacer las cosas bien, para que todos podamos compartir y disfrutar en un mejor entorno, y es por ello que desde hace más de 127 años estamos presente en el mercado con más de 100 marcas como Costa, Ambrosoli, Vivo, Trattoria, Master Dog, Bresler y Pancho Villa, entre otras.
Somos una Compañía donde vivimos la innovación, el respeto por las personas y la pasión por el trabajo bien hecho y queremos invitarte a postular al cargo de Bodeguero
Misión: Realizar recepción, almacenamiento y despacho de materiales en la bodega de materiales respectiva, con el fin de lograr el abastecimiento de los pedidos de clientes internos en los tiempos acordados y de acuerdo a los procedimientos establecidos.
¿Qué tienes que hacer?
-Mantener control y orden en la recepción y almacenamiento de materiales y productos terminados.
-Mantener orden en bodega de acuerdo a las normas y procedimientos establecidos
-Realizar despacho de materiales y productos terminados según requerimientos.
-Cumplir con despachos siguiendo metodologías FIFO
-Apoyar proceso de control de inventario
-Ingreso de información al sistema
-Manejo de grúa horquilla.
Tenemos distintos beneficios que podrás disfrutar, acá te señalamos algunos de ellos:
-Seguro complementario, de vida entre otros
-Descuento en productos.
-Reajuste por IPC.
-Estabilidad laboral.
-Entre muchos más que te invitamos a descubrir.
Sí te atraen los desafíos te invitamos a postular y vivir la experiencia Carozzi.",1,"Contar con Enseñanza Media Completa.
Contar con Licencia Clase D Vigente (Excluyente)
Deseable experiencia de 2 años en cargo de bodeguero o cargos similares.
Conocimiento en Microsoft Office
Tener disponibilidad para trabajar en San Bernardo."
Eléctrico - Planta San Bernardo Nos,Otra Área,"San Bernardo, Metropolitana de Santiago",San Bernardo,Metropolitana de Santiago,2026-07-07,6099245,carozzi,2026-07-17,2026-08-08,0.3253,Técnico,Jornada Completa,Empresas Carozzi S.A.,Técnico medio/ colegio técnico,Chile,1 años,2026-05-09,https://carozzi.trabajando.cl/trabajo-empleo/electrico-planta-san-bernardo-nos/trabajo/6099245,En Carozzi tenemos como propósito dar...,"En Carozzi tenemos como propósito dar lo mejor de nosotros para que las personas puedan disfrutar más la vida, y es por ello que desde hace más de 128 años estamos presente en el mercado con más de 100 marcas como Costa🍫, Ambrosoli🍬, Vivo🥃, Trattoria🍝, Master Dog🐶, Bresler🍧 y Pancho Villa🌯, entre otras.
Somos una Compañía donde nos mueve la innovación, el respeto por las personas y la pasión por el trabajo bien hecho y queremos invitarte a postular al cargo Eléctrico para nuestra Planta ubicada en San Bernardo.
Misión: Realizar diagnóstico, reparación y acondicionamiento sobre equipos, maquinarias de componentes eléctricos de alta complejidad, con el
propósito de contribuir a la operatividad, eficiencia y continuidad productiva de los equipos y maquinarias de la planta.
¿Qué tienes que hacer?
Realizar diagnóstico y reparación de fallas eléctricas de alta complejidad en equipos y maquinarias.
Ejecutar la mantención eléctrica preventiva y correctiva de equipos e instalaciones de alta complejidad.
Realizar propuestas de medidas para la mejora de los procesos de mantenimiento eléctrico.
Tenemos distintos beneficios para ti:
Casino.👩🍳
Buses de acercamiento🚍.
Descuento en productos.🛒
Gimnasio y canchas deportivas.🤸
Estabilidad laboral y buen ambiente laboral.😄
Entre muchos más que te invitamos a descubrir.😎
¡Súmate a nuestro equipo y vive la Experiencia Carozzi!😊",1,"¿Qué necesitas para desempeñar este cargo?
Con formación Técnica/Profesional del área eléctrica / automatización industrial o similar.
Experiencia: de 0 a 2 años de experiencia en un cargo similar.
Conocimientos en:
Electricidad y electrónica.
Diagnóstico y reparación de fallas eléctricas complejas.
Neumática.
Seguridad Industrial: Normativas Legales, riesgos en el área de trabajo y su prevención, políticas corporativas y detección, análisis y tratamiento de riesgos.
Control y comando.
Interpretación de planos eléctricos.
Parametrización de variadores de frecuencia, partidores suaves y puesta en marcha.
Manejo de corrientes débiles (4-20 mili amperes y 0-10 volts)."
Analista de Remuneraciones,Otra Área,"San Bernardo, Metropolitana de Santiago",San Bernardo,Metropolitana de Santiago,2026-07-02,6097439,carozzi,2026-07-17,2026-08-08,0.3501,Otro Profesional,Jornada Completa,Empresas Carozzi S.A.,Técnico profesional superior,Chile,2 años,2026-08-31,https://carozzi.trabajando.cl/trabajo-empleo/analista-de-remuneraciones/trabajo/6097439,En Carozzi tenemos como propósito dar...,"En Carozzi tenemos como propósito dar lo mejor de nosotros para que las personas puedan disfrutar más la vida, y es por ello que desde hace más de 126 años estamos presente en el mercado con más de 100 marcas como Costa🍫, Ambrosoli🍬, Vivo🥃, Trattoria🍝, Master Dog🐶, Bresler🍧 y Pancho Villa🌯, entre otras.
Somos una Compañía donde nos mueve la innovación, el respeto por las personas y la pasión por el trabajo bien hecho y queremos invitarte a postular al cargo de Analista de Remuneraciones para nuestra área de Gerencia de Personas en nuestra Planta ubicada en San Bernardo.
Buscamos a personas con formación Técnico o Ingeniero en Recursos Humanos, Administración de Recursos Humanos, contador o similar,  entre 2 a 3 años de experiencia en el área.
Misión: Analizar y mantener los procesos contables así como de remuneraciones de la compañía actualizados de acuerdo a las políticas de la
compañía con el fin de contribuir al cumplimiento del control interno y de la normativa legal.
¿Qué tienes que hacer?
Analizar y verificar el cálculo de remuneraciones, finiquitos, gratificaciones, leyes sociales y otros procesos de nómina.
Ejecutar y controlar los registros contables asociados a las remuneraciones, asegurando la correcta contabilización de los pagos.
Elaborar informes del área, como libros de remuneraciones, costos, pagos, provisiones, declaraciones e indicadores de gestión.
Administrar y actualizar la parametrización de estructuras de renta y configuraciones del sistema según los requerimientos del negocio.
Gestionar el proceso de remuneraciones de empresas relacionadas, realizando análisis, registros contables y coordinación de pagos.
Tenemos distintos beneficios para ti:
Casino.👩🍳
Buses de acercamiento🚍.
Descuento en productos.🛒
Gimnasio y canchas deportivas.🤸
Estabilidad laboral y buen ambiente laboral.😄
Entre muchos más que te invitamos a descubrir.😎
¡Súmate a nuestro equipo y vive la Experiencia Carozzi!😊",1,"¿Qué necesitas para desempeñar este cargo?
Contar con Formación Técnico de Recursos Humanos, Administración de Recursos Humanos, contador o similar.
Tener entre 2 a 3 años de experiencia en el área.
Conocimientos de SAP."
Mecánico Industrial - Mantenedor Mecánico  ,Otra Área,"San Bernardo, Metropolitana de Santiago",San Bernardo,Metropolitana de Santiago,2026-07-02,6097267,carozzi,2026-07-17,2026-08-08,0.3583,Operario,Jornada Completa,Empresas Carozzi,Técnico profesional superior,Chile,2 años,2026-08-31,https://carozzi.trabajando.cl/trabajo-empleo/mecanico-industrial-mantenedor-mecanico/trabajo/6097267,En Carozzi nos mueve hacer las cosas...,"En Carozzi nos mueve hacer las cosas bien, para que todos podamos compartir y disfrutar en un mejor entorno, y es por ello que desde hace más de 127 años estamos presentes en el mercado con más de 100 marcas como Costa, Ambrosoli, Vivo, Trattoria, Master Dog, Bresler y Pancho Villa, entre otras.
Somos una Compañía donde vivimos la innovación, la pasión por el trabajo bien hecho y el respeto por las personas, valorando la diversidad e inclusión, porque creemos que nuestras diferencias nos enriquecen como organización.
Un nuevo desafío te espera! 🚀😊 El equipo de Mantención de una de nuestras plantas está en busca de su próximo Mecánico.
Buscamos a personas con formación Técnico nivel superior del área de mecánica o mantenimiento industrial en mecánica, con al menos 2 años de experiencia en Mantenimiento Industrial.
¿Qué tienes que hacer?
Realizar diagnóstico y reparación de fallas mecánicas en equipos, maquinarias y componentes, participando en los análisis de falla respectivos.
Ejecutar mantenciones preventivas y correctivas a equipos, maquinarias e instalaciones, aplicando técnicas de mantenimiento que permitan dar continuidad a los procesos productivos, considerando confiabilidad, calidad, seguridad y costo global.
Realizar la modificación y/o construcción de componentes mecánicos según se requiera.
Realizar propuestas de medidas para la mejora de los procesos de mantenimiento mecánico.
Tenemos distintos beneficios para ti:
Casino.
Buses de acercamiento.
Seguro complementario, de vida, entre otros...
Descuentos en productos.
Gym.
Reajuste por IPC.
Estabilidad y buen ambiente laboral.
Entre muchos más que te invitamos a descubrir.",1,"¿Qué necesitas para desempeñar este cargo?
Contar con formación Técnico nivel superior del área de mecánica o mantenimiento industrial en mecánica.
Experiencia de 2 años en Mantenimiento Industrial.
Tener disponibilidad para trabajar en San Bernardo."
Asistente de Planificación Producción - San Bernardo NOS,Otra Área,"San Bernardo, Metropolitana de Santiago",San Bernardo,Metropolitana de Santiago,2026-07-02,6097358,carozzi,2026-07-17,2026-08-05,0.3587,Técnico,Jornada Completa,Empresas Carozzi,Técnico profesional superior,Chile,1 años,2026-08-31,https://carozzi.trabajando.cl/trabajo-empleo/asistente-de-planificacion-produccion-san-bernardo-nos/trabajo/6097358,En Carozzi tenemos como propósito dar...,"En Carozzi tenemos como propósito dar lo mejor de nosotros para que las personas puedan disfrutar más la vida, y es por ello que desde hace más de 128 años estamos presente en el mercado con más de 100 marcas como Costa🍫, Ambrosoli🍬, Vivo🥃, Trattoria🍝, Master Dog🐶, Bresler🍧 y Pancho Villa🌯, entre otras.
Somos una Compañía donde nos mueve la innovación, el respeto por las personas y la pasión por el trabajo bien hecho y queremos invitarte a postular al cargo Asistente de Planificación Producción para nuestra Planta de Cereales ubicada en San Bernardo.
Misión: Realizar análisis de planificación y control de producción de la planta y costos asociados, con el fin de contribuir con disponibilidad de información y actualización de stock de insumos, materias primas y productos por sistema, cumpliendo con los estándares definidos por la compañía.
¿Qué tienes que hacer?
Ejecutar el control de los costos de las órdenes de fabricación, detectando desviaciones y errores sistemáticos asociados a la producción, identificando las causas de dichas desviaciones.
Realizar el inventario diario y mensual de insumos y materias primas de la planta, consolidando la información y contabilizando por sistema.
Realizar el cierre semanal y mensual de las ordenes de fabricación, revisando desviaciones de costos y analizando sus causas, además de realizar los balances de masa respectivos.
Contabilizar a través del sistema los reprocesos de la planta, informando los niveles de pérdida y el porcentaje de eficiencia que logran las líneas de producción y envasado.
Realizar propuestas de medidas para la mejora de los procesos de planificación de producción.
Tenemos distintos beneficios para ti:
Casino.👩?🍳
Buses de acercamiento🚍.
Descuento en productos.🛒
Gimnasio y canchas deportivas.🤸
Estabilidad laboral y buen ambiente laboral.😄
Entre muchos más que te invitamos a descubrir.😎",1,"Con formación Técnica/Profesional del área de alimentos o en área Mecánica, Química, Industrial o similar.
Experiencia: mínimo 1 año de experiencia en un cargo similar.
Conocimientos en:
Herramientas de planificación y control de costos de producción.
Excel nivel intermedio.
SAP básico / intermedio."
Técnico en Electricidad Industrial y Mantención - San Bernardo,Otra Área,"San Bernardo, Metropolitana de Santiago",San Bernardo,Metropolitana de Santiago,2026-07-01,6097065,carozzi,2026-07-17,2026-08-08,0.4177,Técnico,Jornada Completa,Cantabria,Técnico profesional superior,Chile,2 años,2026-08-30,https://carozzi.trabajando.cl/trabajo-empleo/tecnico-en-electricidad-industrial-y-mantencion-san-bernardo/trabajo/6097065,📢Funciones principales: Ejecutar mantenimientos...,"📢Funciones principales:
Ejecutar mantenimientos preventivos, correctivos y predictivos en equipos productivos.
Diagnosticar y solucionar fallas eléctricas, mecánicas y de automatización.
Interpretar planos eléctricos y realizar intervenciones en sistemas de baja tensión.
Revisar y reparar componentes eléctricos, neumáticos y mecánicos.
Calibrar sensores, actuadores y variadores de frecuencia.
Registrar intervenciones y fallas en los sistemas de mantenimiento.
Proponer mejoras que contribuyan a la eficiencia y confiabilidad de los equipos.
Brindar apoyo integral en mantención general de planta, participando de manera polifuncional en distintos tipos de intervenciones.",1,"Técnico Nivel Superior en Electricidad, Automatización, Electromecánica o carrera afín.
Experiencia de al menos 2 años en mantención eléctrica y general.
Conocimiento sólido en interpretación de planos eléctricos y sistemas de baja tensión (excluyente).
Disponibilidad para desempeñarse en funciones de mantención polifuncional."
Técnico de Mantención Eléctrica Industrial - San Bernardo,Otra Área,"San Bernardo, Metropolitana de Santiago",San Bernardo,Metropolitana de Santiago,2026-07-01,6097064,carozzi,2026-07-17,2026-08-08,0.4235,Técnico,Jornada Completa,Cantabria,Técnico profesional superior,Chile,2 años,2026-08-30,https://carozzi.trabajando.cl/trabajo-empleo/tecnico-de-mantencion-electrica-industrial-san-bernardo/trabajo/6097064,📢Funciones principales: Ejecutar mantenimientos...,"📢Funciones principales:
Ejecutar mantenimientos preventivos, correctivos y predictivos en equipos productivos.
Diagnosticar y solucionar fallas eléctricas, mecánicas y de automatización.
Interpretar planos eléctricos y realizar intervenciones en sistemas de baja tensión.
Revisar y reparar componentes eléctricos, neumáticos y mecánicos.
Calibrar sensores, actuadores y variadores de frecuencia.
Registrar intervenciones y fallas en los sistemas de mantenimiento.
Proponer mejoras que contribuyan a la eficiencia y confiabilidad de los equipos.
Brindar apoyo integral en mantención general de planta, participando de manera polifuncional en distintos tipos de intervenciones.",1,"Técnico Nivel Superior en Electricidad, Automatización, Electromecánica o carrera afín.
Experiencia de al menos 2 años en mantención eléctrica y general.
Conocimiento sólido en interpretación de planos eléctricos y sistemas de baja tensión (excluyente).
Disponibilidad para desempeñarse en funciones de mantención polifuncional."
Técnico de Mantención Eléctrica y Automatización - San Bernardo,Otra Área,"San Bernardo, Metropolitana de Santiago",San Bernardo,Metropolitana de Santiago,2026-07-01,6097063,carozzi,2026-07-17,2026-08-08,0.4185,Técnico,Jornada Completa,Cantabria,Técnico profesional superior,Chile,2 años,2026-08-30,https://carozzi.trabajando.cl/trabajo-empleo/tecnico-de-mantencion-electrica-y-automatizacion-san-bernardo/trabajo/6097063,📢Funciones principales: Ejecutar mantenimientos...,"📢Funciones principales:
Ejecutar mantenimientos preventivos, correctivos y predictivos en equipos productivos.
Diagnosticar y solucionar fallas eléctricas, mecánicas y de automatización.
Interpretar planos eléctricos y realizar intervenciones en sistemas de baja tensión.
Revisar y reparar componentes eléctricos, neumáticos y mecánicos.
Calibrar sensores, actuadores y variadores de frecuencia.
Registrar intervenciones y fallas en los sistemas de mantenimiento.
Proponer mejoras que contribuyan a la eficiencia y confiabilidad de los equipos.
Brindar apoyo integral en mantención general de planta, participando de manera polifuncional en distintos tipos de intervenciones.",1,"Técnico Nivel Superior en Electricidad, Automatización, Electromecánica o carrera afín.
Experiencia de al menos 2 años en mantención eléctrica y general.
Conocimiento sólido en interpretación de planos eléctricos y sistemas de baja tensión (excluyente).
Disponibilidad para desempeñarse en funciones de mantención polifuncional."
Supervisor de Producción,Otra Área,"San Bernardo, Metropolitana de Santiago",San Bernardo,Metropolitana de Santiago,2026-07-01,6097024,carozzi,2026-07-17,2026-08-08,0.3784,Otro Profesional,Por Turnos,Empresas Carozzi S.A.,Técnico profesional superior,Chile,3 años,2026-08-30,https://carozzi.trabajando.cl/trabajo-empleo/supervisor-de-produccion/trabajo/6097024,En Carozzi tenemos como propósito dar...,"En Carozzi tenemos como propósito dar lo mejor de nosotros para que las personas puedan disfrutar más la vida, y es por ello que desde hace más de 126 años estamos presente en el mercado con más de 100 marcas como Costa🍫, Ambrosoli🍬, Vivo🥃, Trattoria🍝, Master Dog🐶, Bresler🍧 y Pancho Villa🌯, entre otras.
Somos una Compañía donde nos mueve la innovación, el respeto por las personas y la pasión por el trabajo bien hecho y queremos invitarte a postular al cargo Supervisor de Producción para nuestra Planta ubicada en San Bernardo.
Buscamos a personas con formación Técnico Superior del área Mecánica, Eléctrica, Química, Alimentos o similar, con 3 años de experiencia en el área.
Misión: Serás responsable de supervisar y coordinar en terreno, al grupo de turno asignado, en cuanto a los procesos involucrados en la producción con el fin de mantener operativas las líneas productivas y lograr el cumplimiento del programa de acuerdo a los estándares de calidad productividad establecidos.
¿Qué tienes que hacer?
Inspeccionar y monitorear el avance del programa de producción de las líneas a su cargo, asignando personal de operación en los equipos, revisando las condiciones de entrega y recibo de turno y realizando cambios en la secuencia de trabajo previniendo sobrecargas en los procesos posteriores.
Analizar el programa de producción, revisando su secuencia, congestiones, solucionando problemas de procesos e investigando reclamos internos y externos que pudieran afectar la calidad de los productos.
Revisar el funcionamiento de instalaciones y equipos en la planta, así como monitorear los tiempos de trabajo del personal y equipos a cargos e implementar procesos de mejora continua.
Tenemos distintos beneficios para ti:
Casino.👩🍳
Buses de acercamiento🚍.
Descuento en productos.🛒
Gimnasio y canchas deportivas.🤸
Estabilidad laboral y buen ambiente laboral.😄
Entre muchos más que te invitamos a descubrir.😎
¡Súmate a nuestro equipo y vive la Experiencia Carozzi!😊",1,"¿Qué necesitas para desempeñar este cargo?
Contar con formación Técnico Superior del área Mecánica, Eléctrica, Química, Alimentos o similar.
3 años de experiencia en un cargo similar en la industria de Alimentos.
Conocimientos en TPM."
Analista de Calidad - Reñaca,Otra Área,"Viña del Mar, Valparaíso",Viña del Mar,Valparaíso,2026-07-01,6097210,carozzi,2026-07-17,2026-08-01,0.3324,Técnico,Por Turnos,Empresas Carozzi S.A.,Técnico profesional superior,Chile,1 años,2026-07-31,https://carozzi.trabajando.cl/trabajo-empleo/analista-de-calidad-renaca/trabajo/6097210,En Carozzi nos mueve hacer las cosas...,"En Carozzi nos mueve hacer las cosas bien, para que todos podamos compartir y disfrutar en un mejor entorno, y es por ello que desde hace más de 127 años estamos presentes en el mercado con más de 100 marcas como Costa, Ambrosoli, Vivo, Trattoria, Master Dog, Bresler y Pancho Villa, entre otras.
Somos una Compañía donde vivimos la innovación, la pasión por el trabajo bien hecho y el respeto por las personas, valorando la diversidad e inclusión, porque creemos que nuestras diferencias nos enriquecen como organización.
Un nuevo desafío te espera! 🚀😊 El equipo de Planta Reñaca está en busca de su próximo Analista de Calidad.
Buscamos a personas con formación Técnica Nivel Superior en Alimentos, Calidad de Alimentos, Gestión Calidad y Ambiente y/o carrera afín.
Misión: Realizar la extracción de muestras de materias primas, materiales y envases, así como el análisis de menor complejidad de controles básicos como temperatura, densidad, PH, entre otros, con el fin de contribuir al funcionamiento del Sistema de Gestión de Calidad de acuerdo a la normativa vigente y requerimientos específicos de cada planta.
¿Qué tienes que hacer?
Ejecutar la extracción y análisis de muestras de materias primas, materiales, envases, productos en proceso y/o terminados, según los procedimientos establecidos.
Realizar la revisión de condiciones ambientales en procesos productivos, tales como temperatura, humedad relativa y cloro entre otros.
Realizar seguimiento y registro de materias primas, envases, embalajes, productos en proceso y/o terminados, rechazados y/o bloqueados para su uso en producción o distribución.
Realizar calibraciones y mantenciones de baja complejidad a equipos e insumos utilizados por el área.
Realizar el ingreso de la información recopilada al sistema (SAP).
Realizar la preparación de materiales y muestras para el análisis según corresponda.
Tenemos distintos tipos de beneficios para ti:
Seguro complementario de salud.
Descuento en productos.
Buses de acercamiento.
Servicio de alimentación.
Estabilidad laboral y buen ambiente laboral.
Entre muchos más que te invitamos a descubrir.
Si te atraen los desafíos te invitamos a postular y vivir la experiencia Carozzi.",2,"Formación Técnica Nivel Superior en Alimentos, Calidad de Alimentos, Gestión Calidad y Ambiente y/o carrera afín.
Contar con al menos 6 meses de experiencia en cargo similares en el rubro alimenticio o industrial.
Disponibilidad para trabajar de lunes a sábado en turnos rotativos de mañana (07:00 a 15:00), tarde (15:00 a 23:00) y noche (23:00 a 07:00).
Manejo de Office nivel usuario.
Conocimientos en HACCP y BRC.
Conocimiento Norma 44 y 1650 (No excluyente).
Conocimiento SAP (No excluyente)."
Auxiliar de Aseo - Reñaca,Otra Área,"Viña del Mar, Valparaíso",Viña del Mar,Valparaíso,2026-07-01,6097223,carozzi,2026-07-17,2026-08-01,0.3206,Auxiliar,Por Turnos,Empresas Carozzi,Media,Chile,1 años,2026-07-31,https://carozzi.trabajando.cl/trabajo-empleo/auxiliar-de-aseo-renaca/trabajo/6097223,En Carozzi nos mueve hacer las cosas...,"En Carozzi nos mueve hacer las cosas bien, para que todos podamos compartir y disfrutar en un mejor entorno, y es por ello que desde hace más de 127 años estamos presentes en el mercado con más de 100 marcas como Costa, Ambrosoli, Vivo, Trattoria, Master Dog, Bresler y Pancho Villa, entre otras.
Somos una Compañía donde vivimos la innovación, la pasión por el trabajo bien hecho y el respeto por las personas, valorando la diversidad e inclusión, porque creemos que nuestras diferencias nos enriquecen como organización.
Un nuevo desafío te espera! 🚀😊 Buscamos a personas con enseñanza media completa que tengan disponibilidad para trabajar en planta productiva por turnos rotativos de mañana, tarde y noche.
Misión: Ejecutar labores de limpieza y aseo, con el propósito de mantener orden e higiene en instalaciones de Planta de Producción.
¿Qué tienes que hacer?
Mantener el área de la planta productiva despejada, tanto en pasillos, ventanas.
Sacar residuos: cartones y plásticos
Cumplir con la planificación y realizar reporte de las tareas encargadas.
Tenemos distintos tipos de beneficios para ti:
Bus de Acercamiento
Servicio de Alimentación
Gimnasio
Descuento en sala de ventas
Estabilidad laboral y buen ambiente laboral
Uniforme
Entre muchos más que te invitamos a descubrir.
Si te atraen los desafíos te invitamos a postular y vivir la experiencia Carozzi.",1,"Enseñanza media completa.
Disponibilidad para trabajar de lunes a sábado en turnos rotativos de mañana (07:00-15:00), tarde (15:00-23:00) y noche (23:00-07:00).
Experiencia de 6 meses en cargos similares.
Licencia Clase D - Vigente (No excluyente)."
Administrativo de Personal,Otra Área,"San Bernardo, Metropolitana de Santiago",San Bernardo,Metropolitana de Santiago,2026-07-01,6097050,carozzi,2026-07-17,2026-07-20,0.3556,Otro Profesional,Jornada Completa,Empresas Carozzi S.A.,Técnico profesional superior,Chile,1 años,2026-08-30,https://carozzi.trabajando.cl/trabajo-empleo/administrativo-de-personal/trabajo/6097050,En Carozzi tenemos como propósito dar...,"En Carozzi tenemos como propósito dar lo mejor de nosotros para que las personas puedan disfrutar más la vida, y es por ello que desde hace más de 126 años estamos presente en el mercado con más de 100 marcas como Costa🍫, Ambrosoli🍬, Vivo🥃, Trattoria🍝, Master Dog🐶, Bresler🍧 y Pancho Villa🌯, entre otras.
Somos una Compañía donde nos mueve la innovación, el respeto por las personas y la pasión por el trabajo bien hecho y queremos invitarte a postular al cargo de Administrativo de Personal para nuestra área de Gerencia de Personas en nuestra Planta ubicada en San Bernardo.
Buscamos a personas con formación Técnico o Ingeniero en Recursos Humanos, Administración de Recursos Humanos o similar,  entre 1 a 3 años de experiencia en el área.
Misión: Realizar actividades de gestión de tiempos, registrando y analizando información de asistencia, permisos y licencias medicas, con el propósito de contribuir al correcto cierre mensual de la nomina de pagos y la aplicación de normas establecidas en el reglamento interno y legislación laboral, en las distintas áreas de la compañía.
¿Qué tienes que hacer?
Administrar y controlar la asistencia del personal, gestionando turnos, permisos, licencias médicas y registros en el sistema SAP.
Analizar y validar la información de asistencia y descuentos para apoyar el cierre de nómina de remuneraciones.
Revisar y gestionar el proceso de pago de beneficios, como el bono de vacaciones.
Apoyar el proceso de ingreso de nuevos colaboradores, realizando enrolamiento, creación de credenciales e inducción sobre el registro de asistencia y herramientas internas.
Elaborar reportes administrativos y brindar apoyo en los procesos del área de Personal, asegurando el cumplimiento de los procedimientos internos.
Tenemos distintos beneficios para ti:
Casino.👩🍳
Buses de acercamiento🚍.
Descuento en productos.🛒
Gimnasio y canchas deportivas.🤸
Estabilidad laboral y buen ambiente laboral.😄
Entre muchos más que te invitamos a descubrir.😎
¡Súmate a nuestro equipo y vive la Experiencia Carozzi!😊",2,"¿Qué necesitas para desempeñar este cargo?
Contar con Formación Técnico de Recursos Humanos, Administración de Recursos Humanos o similar.
Tener entre 1 a 3 años de experiencia en el área.
Conocimientos de SAP."
Técnico Eléctrico - San Bernardo,Otra Área,"San Bernardo, Metropolitana de Santiago",San Bernardo,Metropolitana de Santiago,2026-06-30,6096175,carozzi,2026-07-17,2026-07-31,0.3525,Mantenedor,Por Turnos,Empresas Carozzi S.A.,Técnico profesional superior,Chile,2 años,2026-07-30,https://carozzi.trabajando.cl/trabajo-empleo/tecnico-electrico-san-bernardo/trabajo/6096175,En Carozzi tenemos como propósito dar...,"En Carozzi tenemos como propósito dar lo mejor de nosotros para que las personas puedan disfrutar más la vida, y es por ello que desde hace más de 125 años estamos presente en el mercado con más de 100 marcas como Costa🍫, Ambrosoli🍬, Vivo🥃, Trattoria🍝, Master Dog🐶, Bresler🍧 y Pancho Villa🌯, entre otras.
Somos una Compañía donde nos mueve la innovación, el respeto por las personas y la pasión por el trabajo bien hecho y queremos invitarte a postular al cargo Eléctrico para nuestra Planta ubicada en la Planta de Teno.
Misión: Serás responsable de realizar diagnóstico, reparación y acondicionamiento sobre equipos, maquinarias de componentes eléctricos y electrónicos, con el propósito de contribuir a la operatividad, eficiencia y continuidad productiva de la planta.
¿Qué tienes que hacer?
Realizar diagnóstico y reparación de fallas eléctricas en equipos, maquinarias y componentes, participando en los análisis de fallas respectivos, según corresponda.
Realizar propuestas de medidas para la mejora de los procesos de mantenimiento eléctrico y electrónicos.
Realizar la gestión de órdenes y avisos de mantenimiento en SAP.
Ejecutar la mantención eléctrica preventiva y correctiva de equipos, instalaciones y procesos automatizados, aplicando técnicas de mantenimiento que permitan dar continuidad al proceso productivo, considerando confiabilidad, calidad, seguridad y costo global.
Tenemos distintos beneficios para ti:
Casino.👩🍳
Buses de acercamiento🚍.
Descuento en productos.🛒
Gimnasio y canchas deportivas.🤸
Estabilidad laboral y buen ambiente laboral.😄Entre muchos más que te invitamos a descubrir.😎
¡Súmate a nuestro equipo y vive la Experiencia Carozzi!😊",1,"Contar con formación técnico nivel superior área eléctrica / electrónica o Ingeniería eléctrica/ en automatización.
Deseable experiencia de 2 años como electricista industrial o cargo similares
Estar dispuesto a trabajar en turnos rotativos (mañana, tarde y noche, de lunes a sábado).
Tener disponibilidad para trabajar en San Bernardo."
Eléctrico,Ventas,"San Bernardo, Metropolitana de Santiago",San Bernardo,Metropolitana de Santiago,2026-06-26,6083719,carozzi,2026-07-17,2026-08-08,0.3568,Técnico,Jornada Completa,Empresas Carozzi,Técnico profesional superior,Chile,2 años,2026-08-16,https://carozzi.trabajando.cl/trabajo-empleo/electrico/trabajo/6083719,En Carozzi tenemos como propósito dar...,"En Carozzi tenemos como propósito dar lo mejor de nosotros para que las personas puedan disfrutar más la vida, y es por ello que desde hace más de 126 años estamos presente en el mercado con más de 100 marcas como Costa🍫, Ambrosoli🍬, Vivo🥃, Trattoria🍝, Master Dog🐶, Bresler🍧 y Pancho Villa🌯, entre otras.
Somos una Compañía donde nos mueve la innovación, el respeto por las personas y la pasión por el trabajo bien hecho y queremos invitarte a postular al cargo de Eléctrico.
Buscamos a personas con formación en las carreras Técnico en eléctrico, ing eléctrico, ing en automatización o afín. Deseable con 2 años de experiencia en el área.
Misión🌟
Realizar diagnóstico, reparación y acondicionamiento sobre equipos, maquinarias de componentes eléctricos de alta complejidad, con el propósito de contribuir a la operatividad, eficiencia y continuidad productiva de los equipos y maquinarias de la planta.
¿Qué tienes que hacer?📘🖋
Realizar diagnóstico y reparación de fallas eléctricas de alta complejidad en equipos y maquinarias.
Ejecutar la mantención eléctrica preventiva y correctiva de equipos e instalaciones de alta complejidad.
Realizar propuestas de medidas para la mejora de los procesos de mantenimiento eléctrico.
Tenemos distintos beneficios para ti🎁🎉
Casino.
Buses de acercamiento.
Seguro complementario, de vida entre otros
Descuento en productos.
Gym y canchas deportivas.
Reajuste por IPC.
Estabilidad laboral y buen ambiente laboral.
Entre muchos más que te invitamos a descubrir.",1,"Técnico eléctrico, ing eléctrico, ing en automatización.
Deseable 2 a 3 años de experiencia.
Deseable manejo de SAP."
Planificador Producción,Otra Área,"San Bernardo, Metropolitana de Santiago",San Bernardo,Metropolitana de Santiago,2026-06-26,6078925,carozzi,2026-07-17,2026-08-05,0.3591,Analista,Jornada Completa,Empresas Carozzi S.A.,Universitaria,Chile,2 años,2026-04-08,https://carozzi.trabajando.cl/trabajo-empleo/planificador-produccion/trabajo/6078925,En Carozzi nos mueve hacer las cosas...,"En Carozzi nos mueve hacer las cosas bien, para que todos podamos compartir y disfrutar en un mejor entorno, y es por ello que desde hace más de 127 años estamos presentes en el mercado con más de 100 marcas como Costa, Ambrosoli, Vivo, Trattoria, Master Dog, Bresler y Pancho Villa, entre otras.
Somos una Compañía donde vivimos la innovación, la pasión por el trabajo bien hecho y el respeto por las personas, valorando la diversidad e inclusión, porque creemos que nuestras diferencias nos enriquecen como organización.
¡Un nuevo desafío te espera! 🚀😊 Buscamos Planificador Producción. con formación de Ingeniería en Alimentos, Civil o en Ejecución área Mecánica / Eléctrica / Química.
Misión🌟
Realizar la programación y control de la producción de la planta y costos asociados, con el propósito de apoyar en la disponibilidad de stock de productos cumpliendo con los estándares de oportunidad y costos asociados.
¿Qué tienes que hacer?
Realizar la programación de productos nacionales y de exportación de la planta en coordinación con las áreas correspondientes y compatibilizar la entrega de productos tanto en el mercado nacional como de exportación.
Analizar mecanismos de retroalimentación que permitan a los trabajadores conocer diariamente la eficiencia de la planta y los indicadores básicos de cada línea.
Realizar análisis de capacidad y personal de la planta, identificando las líneas que requieren incrementos de capacidad de producción y proyectando la dotación requerida en un horizonte de tiempo definido.
Analizar e inspeccionar el cumplimiento de los costos estándar de las órdenes de fabricación, identificando desviaciones relevantes e implementando medidas correctivas.
Realizar las funciones que sean necesarias, producto de la ocurrencia de situaciones excepcionales que alteren el curso normal del proceso administrativo del área, junto con aquellas que según la práctica, naturaleza o descripción respectiva, corresponden a dicho cargo
Tenemos distintos beneficios para ti:
Casino👩🍳
Buses de acercamiento🚍.
Descuento en productos.🛒
Gimnasio y canchas deportivas.🤸
Estabilidad laboral y buen ambiente laboral.😄
Entre muchos más que te invitamos a descubrir.😎
¡Súmate a nuestro equipo y vive la Experiencia Carozzi!😊",1,"¿Qué necesitas para desempeñar este cargo?
Ingeniero en Alimentos, Ingeniero Civil o en Ejecución área Mecánica / Eléctrica / Química.
Al menos dos años de experiencia en funciones similares.
Manejo de Excel.
Manejo de SAP. (deseable)"
Mecánico - Planta NOS,Otra Área,"San Bernardo, Metropolitana de Santiago",San Bernardo,Metropolitana de Santiago,2026-06-26,6095707,carozzi,2026-07-17,2026-07-22,0.3416,Mantenedor,Por Turnos,Empresas Carozzi S.A.,Técnico profesional superior,Chile,2 años,2026-07-26,https://carozzi.trabajando.cl/trabajo-empleo/mecanico-planta-nos/trabajo/6095707,En Carozzi tenemos como propósito dar...,"En Carozzi tenemos como propósito dar lo mejor de nosotros para que las personas puedan disfrutar más la vida, y es por ello que desde hace más de 126 años estamos presente en el mercado con más de 100 marcas como Costa🍫, Ambrosoli🍬, Vivo🥃, Trattoria🍝, Master Dog🐶, Bresler🍧 y Pancho Villa🌯, entre otras.
Somos una Compañía donde nos mueve la innovación, el respeto por las personas y la pasión por el trabajo bien hecho y queremos invitarte a postular al cargo de Mecánico.
Buscamos a personas con formación en las carreras Técnico nivel superior del área de mecánica, mantenimiento industrial o afín. Deseable con 2 años de experiencia en el área.
Misión🌟
Realizar diagnóstico, reparación y acondicionamiento sobre equipos y maquinarias de componentes mecánicos y electromecánicos, con el propósito de contribuir a la operatividad, eficiencia y continuidad productiva de los equipos y maquinarias de la planta.
¿Qué tienes que hacer?📘🖋
Realizar diagnóstico y reparación de fallas mecánicas en equipos, maquinarias y componentes, participando en los análisis de falla respectivos.
Ejecutar mantenciones preventivas y correctivas a equipos, maquinarias e instalaciones, aplicando técnicas de mantenimiento que permitan dar continuidad a los procesos productivos, considerando confiabilidad, calidad, seguridad y costo global.
Realizar la modificación y/o construcción de componentes mecánicos según se requiera.
Realizar propuestas de medidas para la mejora de los procesos de mantenimiento mecánico.
Tenemos distintos beneficios para ti🎁🎉
Casino.
Buses de acercamiento.
Seguro complementario, de vida entre otros
Descuento en productos.
Gym y canchas deportivas.
Reajuste por IPC.
Estabilidad laboral y buen ambiente laboral.
Entre muchos más que te invitamos a descubrir.",1,"Técnico nivel superior del área de mecánica, mantenimiento industrial o similar.
Deseable con 2 años de experiencia.
Deseable manejo de SAP."
Operario de Copería - Planta de Alimentos San Bernardo,Otra Área,"San Bernardo, Metropolitana de Santiago",San Bernardo,Metropolitana de Santiago,2026-06-25,6094927,carozzi,2026-07-17,2026-08-08,0.3217,Operario,Jornada Completa,Cory,Media,Chile,1 años,2026-08-24,https://carozzi.trabajando.cl/trabajo-empleo/operario-de-coperia-planta-de-alimentos-san-bernardo/trabajo/6094927,En Cantabria trabajamos junto a marcas...,"En Cantabria trabajamos junto a marcas que seguro conoces y disfrutas día a día: L'angolo 🍞, Palettas 🍡, Emporio La Rosa 🍨, Cory 🍰, Le Fournil 🥖, Bresler 🍦 y Bonafide .
Con más de 120 locales a lo largo de Chile y un crecimiento constante, nos hemos consolidado como una empresa líder en el rubro gastronómico. Nuestro propósito es llevar experiencias memorables a cada cliente, combinando sabor, calidad y dedicación.
Hoy queremos invitarte a ser parte de este camino.
Únete a Cantabria y construyamos juntos el futuro de la gastronomía. 💫
Funciones principales:
Gestión de loza en sala de copería (entrada sucia / salida limpia).
Lavado y sanitización en zona húmeda, cumpliendo normas de higiene.
Uso de EPP.
Lavado y orden de bandejas y utensilios.
Mantención del orden y limpieza en zona de acopio.
Retiro de residuos y organización de reciclaje.
Limpieza diaria del área.",1,"Disponibilidad para trabajar en turnos rotativos día y noche.
Enseñanza Media Completa.
Experiencia en plantas de alimentos, deseable desde 1 año, valorándose conocimiento en protocolos de higiene y limpieza.
Deseable experiencia previa como copero."
Analista de Tesorería,Mantención,"San Bernardo, Metropolitana de Santiago",San Bernardo,Metropolitana de Santiago,2026-06-24,6086826,carozzi,2026-07-17,2026-08-08,0.361,Administrativo,Jornada Completa,Empresas Carozzi,Técnico profesional superior,Chile,5 años,2026-08-23,https://carozzi.trabajando.cl/trabajo-empleo/analista-de-tesoreria/trabajo/6086826,En Carozzi nos mueve hacer las cosas...,"En Carozzi nos mueve hacer las cosas bien, para que todos podamos compartir y disfrutar en un mejor entorno, y es por ello que desde hace más de 127 años estamos presentes en el mercado con más de 100 marcas como Costa, Ambrosoli, Vivo, Trattoria, Master Dog, Bresler y Pancho Villa, entre otras.
Somos una Compañía donde vivimos la innovación, la pasión por el trabajo bien hecho y el respeto por las personas, valorando la diversidad e inclusión, porque creemos que nuestras diferencias nos enriquecen como organización.
Un nuevo desafío te espera! 🚀😊 Estamos en búsqueda de nuestro próximo Analista de Tesorería.
La misión del cargo es realizar procesos y actividades relacionadas con el análisis de la recaudación de valores y pago de acreedores, como depósitos, conciliaciones bancarias y otros, como también operaciones financieras, con el propósito contribuir al cumplimiento de obligaciones contraídas con terceros, acorde a procedimientos internos y legales.
Tenemos distintos beneficios para ti:
Casino.
Buses de acercamiento.
Seguro complementario, de vida, entre otros...
Descuentos en productos.
Gym.
Reajuste por IPC.
Estabilidad y buen ambiente laboral.",1,"¿Qué tienes que hacer?
Revisión, análisis y realización de pagos a proveedores ya sean clientes nacionales o extranjeros, de servicios básicos, imposiciones y otros.
Seguimiento, análisis, control y validación de las operaciones financieras, tales como conciliaciones bancarias, abonos bancarios y saldos contables diarios, antes de ser compartidas con la gerencia de finanzas.
Realizar pruebas y evaluaciones de proyectos en SAP relacionados con el área de tesorería.
Representar al área de tesorería en procesos de auditorias de registros bancarios.
Que necesitas:
Tener estudios Técnico Superior del área de Contabilidad, Administración o similar.
Tener 5 años de experiencia en el área.
Tener conocimientos de Excel intermedio y SAP."
Asistente de Transporte ,Mantención,"San Bernardo, Metropolitana de Santiago",San Bernardo,Metropolitana de Santiago,2026-06-24,6086933,carozzi,2026-07-17,2026-07-30,0.3582,Administrativo,Jornada Completa,Empresas Carozzi S.A.,Técnico profesional superior,Chile,1 años,2026-08-23,https://carozzi.trabajando.cl/trabajo-empleo/asistente-de-transporte/trabajo/6086933,En Carozzi nos mueve hacer las cosas...,"En Carozzi nos mueve hacer las cosas bien, para que todos podamos compartir y disfrutar en un mejor entorno, y es por ello que desde hace más de 127 años estamos presentes en el mercado con más de 100 marcas como Costa, Ambrosoli, Vivo, Trattoria, Master Dog, Bresler y Pancho Villa, entre otras.
Somos una Compañía donde vivimos la innovación, la pasión por el trabajo bien hecho y el respeto por las personas, valorando la diversidad e inclusión, porque creemos que nuestras diferencias nos enriquecen como organización.
Un nuevo desafío te espera! 🚀😊 Estamos en búsqueda de nuestro próximo Asistente de Transporte.
Realizar las actividades de emisión y actualización de la documentación asociada a transporte de productos terminados, con el propósito de contribuir a la disponibilidad de información, apoyando la entrega a clientes y sucursales en los plazos acordados.
Tenemos distintos beneficios para ti:
Casino.
Buses de acercamiento.
Seguro complementario, de vida, entre otros...
Descuentos en productos.
Gym.
Reajuste por IPC.
Estabilidad y buen ambiente laboral.",1,"Que necesitas:
Tener estudios técnicos nivel superior en el área logística o similar.
Tener 1 año de experiencia en el área (deseable).
Tener conocimientos de Office Básico."
Project Manager TI (SAP-FI),Otra Área,"San Bernardo, Metropolitana de Santiago",San Bernardo,Metropolitana de Santiago,2026-06-23,6086258,carozzi,2026-07-17,2026-08-08,0.3932,Otro Profesional,Jornada Completa,Empresas Carozzi S.A.,Universitaria,Chile,5 años,2026-08-22,https://carozzi.trabajando.cl/trabajo-empleo/project-manager-ti-sap-fi/trabajo/6086258,En Carozzi nos mueve hacer las cosas...,"En Carozzi nos mueve hacer las cosas bien, para que todos podamos compartir y disfrutar en un mejor entorno, y es por ello que desde hace más de 128 años estamos presente en el mercado con más de 100 marcas como Costa, Ambrosoli🍬, Vivo🥃, Trattoria🍝, Master Dog🐶, Bresler🍧 y Pancho Villa🌯, entre otras.
Somos una Compañía donde vivimos la innovación, la pasión por el trabajo bien hecho y el respeto por las personas, valorando la diversidad e inclusión, porque creemos que nuestras diferencias nos enriquecen como organización.
¡Un nuevo desafío te espera! 🚀😊 El equipo de TI está en busca de su próximo Project Manager TI (SAP-FI)
Buscamos a personas con formación profesional Ingeniero en Informática, Sistemas o carrera afín, con 5 o más años de experiencia gestión de proyectos TI (SAP módulo FI).
Misión: Serás responsable de diseñar, especificar desarrollos y mantener soluciones tecnológicas robustas en el área financiera de SAP (Módulo FI), liderando proyectos TI que aseguren la entrega exitosa en tiempo, presupuesto y calidad. Este rol combina liderazgo de proyectos con experiencia técnica avanzada en desarrollo de software e integración de múltiples plataformas con SAP.
¿Qué tienes que hacer?
Liderar proyectos tecnológicos, definiendo alcance, objetivos y recursos.
Diseñar arquitecturas de software escalables e integraciones entre sistemas.
Garantizar la disponibilidad, seguridad y evolución de los servicios tecnológicos.
Aplicar metodologías ágiles y mejores prácticas de codificación.
Coordinar equipos multidisciplinarios y gestionar comunicación con stakeholders.
Implementación de ciertos componentes de integración o modificaciones de códigos fuentes de programas ya existentes.
Realizar reingeniería de software de componentes antiguos para aplicar algún cambio.
Realizar documentación técnica de las implementaciones.
Garantizar y mantener la disponibilidad de los servicios (proyectos) tecnológicos desarrollados.
Tenemos distintos beneficios para ti:
Casino.👩?🍳
Buses de acercamiento🚍.
Descuento en productos.🛒
Gimnasio y canchas deportivas.🤸
Estabilidad laboral y buen ambiente laboral.😄
Entre muchos más que te invitamos a descubrir.😎
¡Súmate a nuestro equipo y vive la Experiencia Carozzi!😊",1,"¿Qué necesitas para desempeñar este cargo?
Contar con formación profesional Ingeniero en Informática, Sistemas o carrera afín.
5 o más años de experiencia en gestión de proyectos TI (SAP módulo FI).
Dominio de lenguaje de desarrollo ABAP (deseable conocimientos Fiori y plataforma de integración SAP BTP).
Conocimiento en metodologías Agiles."
Dibujante Proyectista,Otra Área,"Sagrada Familia, Maule",Sagrada Familia,Maule,2026-06-23,6086255,carozzi,2026-07-17,2026-08-08,0.3312,Otro Profesional,Jornada Completa,Empresas Carozzi S.A.,Universitaria,Chile,2 años,2026-08-22,https://carozzi.trabajando.cl/trabajo-empleo/dibujante-proyectista/trabajo/6086255,En Carozzi nos mueve hacer las cosas...,"En Carozzi nos mueve hacer las cosas bien, para que todos podamos compartir y disfrutar en un mejor entorno, y es por ello que desde hace más de 128 años estamos presente en el mercado con más de 100 marcas como Costa, Ambrosoli🍬, Vivo🥃, Trattoria🍝, Master Dog🐶, Bresler🍧 y Pancho Villa🌯, entre otras.
Somos una Compañía donde vivimos la innovación, la pasión por el trabajo bien hecho y el respeto por las personas, valorando la diversidad e inclusión, porque creemos que nuestras diferencias nos enriquecen como organización.
¡Un nuevo desafío te espera! 🚀😊 El equipo de Proyectos Industriales está en busca de su próximo Dibujante Proyectista para Planta Mascotas.
Buscamos a formación en Dibujante Proyectista Industrial o similar, y con 2 o más años de experiencia
Misión: Serás responsable de realizar y/o modificar diseños y layouts para la ubicación de equipos, así como el rediseño de piezas mecánicas y metalmecánicas. Además, deberá elaborar planos para las áreas de Proyectos, Ingeniería y Mantención, con el propósito de apoyar en la generación de anteproyectos, proyectos definitivos y la modificación de proyectos en curso, según los requerimientos de la compañía.
¿Qué tienes que hacer?
Analizar y evaluar los requerimientos de clientes internos, realizar visitas a terreno para proyectar y realizar bosquejos en base a los requerimientos y realizar planos y layout en función de requerimientos y mejoras definidas.
Analizar y evaluar los requerimientos de clientes internos y realizar planos de fabricación y diseño de layout de equipos y líneas de proceso.
Inspeccionar en terreno el montaje de equipos y líneas de producción de acuerdo a los planos y layout diseñados y revisar la calidad de los materiales utilizados.
Realizar propuestas de materiales a utilizar y de mejoras en los proyectos que desarrolla.
Tenemos distintos beneficios para ti:
Casino.👩?🍳
Buses de acercamiento🚍.
Descuento en productos.🛒
Gimnasio y canchas deportivas.🤸
Estabilidad laboral y buen ambiente laboral.😄
Entre muchos más que te invitamos a descubrir.😎
¡Súmate a nuestro equipo y vive la Experiencia Carozzi!😊",1,"¿Qué necesitas para desempeñar este cargo?
Contar con formación en Dibujante Proyectista Industrial o carrera afín.
2 o más años de experiencia como dibujante.
Conocimientos básicos de normas de diseño aplicables.
Manejo de software de diseño, principalmente AutoCAD o programas similares de dibujo en 2D, así como herramientas de modelamiento 3D, tales como Inventor, SolidWorks u otros equivalentes."
Jefe de Producción,Otra Área,"Viña del Mar, Valparaíso",Viña del Mar,Valparaíso,2026-06-23,6086047,carozzi,2026-07-17,2026-07-24,0.3012,Jefe Área/Sección/Depto./Local,Jornada Completa,Empresas Carozzi S.A.,Universitaria,Chile,3 años,2026-07-23,https://carozzi.trabajando.cl/trabajo-empleo/jefe-de-produccion/trabajo/6086047,En Carozzi tenemos como propósito dar...,"En Carozzi tenemos como propósito dar lo mejor de nosotros para que las personas puedan disfrutar más la vida, y es por ello que desde hace más de 128 años estamos presente en el mercado con más de 100 marcas como Costa, Ambrosoli, Vivo, Trattoria, Master Dog, Bresler y Pancho Villa, entre otras
Somos una Compañía donde vivimos la innovación, la pasión por el trabajo bien hecho y el respeto por las personas, valorando la diversidad e inclusión, porque creemos que nuestras diferencias nos enriquecen como organización.
¡Un nuevo desafío te espera! 🚀😊 Nuestro equipo está en busca de su próximo/a Jefe de Producción para nuestra Planta de Chocolates en la V región.
Buscamos a personas con formación profesional, de preferencia Ingeniería Civil Industrial, Química, Mecánica, Eléctrica y/o Ingeniería en Alimentos, con 3 a 4 años de experiencia liderando equipos productivos en el rubro de alimentos y/o industrial.
La misión del cargo es dirigir y controlar la operación de la planta, evaluando el desarrollo del proceso productivo y operativo del área a cargo, con el fin de asegurar el cumplimiento de las metas de producción de acuerdo a los estándares de volumen, eficiencia, plazos y calidad de la planta.
¿Qué tienes que hacer?
Controlar la ejecución del programa de producción y sus costos asociados, asignando recursos técnicos, diagnosticando fallas y ejecutando acciones correctivas inmediatas en caso de atrasos en el programa de producción.
Controlar y analizar los incidentes de calidad adoptando medidas para minimizar su repetición, realizando observación e inspección en terreno de la operación diaria. Así como también analizar diariamente los incidentes relacionados con ritmo de producción, continuidad y pérdidas físicas de los procesos.
Realizar estudios de racionalización y optimización de recursos y procesos, e investigar las variaciones de costo que le son informadas, adoptando medidas correctivas.
Tenemos distintos beneficios para ti:
Casino.
Buses de acercamiento.
Seguro complementario, de vida, entre otros...
Descuentos en productos.
Reajuste por IPC.
Estabilidad y buen ambiente laboral.
Entre muchos más que te invitamos a descubrir.
·  Si te atraen los desafíos, te invitamos a postular y vivir la experiencia Carozzi.",1,"- Contar con formación universitaria de las carreras de Ingeniería Civil Industrial, Química, Mecánica, Eléctrica y/o Ingeniería en Alimentos.
- Tener 3 a 4 años de experiencia liderando equipos productivos en el rubro de alimentos y/o industrial.
- Deseable conocimientos de normas HACCP, BCR, experiencia en TPM o metodología a similar.
- Manejo de Microsoft Office nivel avanzado.
- Deseable manejo SAP.
- Disponibilidad para trabajar en la V región."
Analista Contable - Huechuraba,Otra Área,"Huechuraba, Metropolitana de Santiago",Huechuraba,Metropolitana de Santiago,2026-06-22,6085838,carozzi,2026-07-17,2026-08-08,0.3431,Analista,Mixta (Teletrabajo + Presencial),Cantabria,Técnico profesional superior,Chile,1 años,2026-08-21,https://carozzi.trabajando.cl/trabajo-empleo/analista-contable-huechuraba/trabajo/6085838,En Cantabria trabajamos junto a marcas...,"En Cantabria trabajamos junto a marcas que seguro conoces y disfrutas día a día: L'angolo 🍞, Palettas 🍡, Emporio La Rosa 🍨, Cory 🍰, Le Fournil 🥖, Bresler 🍦 y Bonafide .
Con más de 140 locales a lo largo de Chile y un crecimiento constante, nos hemos consolidado como una empresa líder en el rubro gastronómico. Nuestro propósito es llevar experiencias memorables a cada cliente, combinando sabor, calidad y dedicación.
Hoy queremos invitarte a ser parte de este camino.
Únete a Cantabria y construyamos juntos el futuro de la gastronomía. 💫
📋Funciones principales:
Conciliar cajas de locales y realizar control mensual.
Supervisar cierres de caja y depósitos.
Detectar y levantar alertas oportunamente.
Apoyar y dar soporte a equipos de locales.
Realizar revisión y control financiero.
Modalidad: Híbrida (3 días presencial / 2 teletrabajo)",1,"Titulado/a en Contador Auditor, Contabilidad o carrera afín.
Al menos 1 año de experiencia en funciones similares.
Manejo de Excel intermedio (excluyente): tablas dinámicas, BUSCARV, SUMAR.SI, bases de datos.
Conocimientos contables básicos.
Perfil ordenado, proactivo y con atención al detalle."
Trade Marketing Assistant II,Otra Área,"San Bernardo, Metropolitana de Santiago",San Bernardo,Metropolitana de Santiago,2026-06-22,6085471,carozzi,2026-07-17,2026-08-08,0.3984,Comercial,Mixta (Teletrabajo + Presencial),Empresas Carozzi S.A.,Universitaria,Chile,,2026-08-21,https://carozzi.trabajando.cl/trabajo-empleo/trade-marketing-assistant-ii/trabajo/6085471,En Carozzi tenemos como propósito dar...,"En Carozzi tenemos como propósito dar lo mejor de nosotros para que las personas puedan disfrutar más la vida, y es por ello que desde hace más de 126 años estamos presente en el mercado con más de 100 marcas como Costa🍫, Ambrosoli🍬, Vivo🥃, Trattoria🍝, Master Dog🐶, Bresler🍧 y Pancho Villa🌯, entre otras.
Somos una Compañía donde nos mueve la innovación, el respeto por las personas y la pasión por el trabajo bien hecho y queremos invitarte a postular al cargo Trade Marketing para San Bernardo, Nos.
Buscamos a personas recién titulados en Ingeniería Comercial, Civil Industrial o similar.
Misión: Planificar, coordinar e implementar acciones de trade marketing y de visibilidad en el punto de venta, desarrollando materiales promocionales y elementos gráficos conforme a los lineamientos establecidos de marca, analizar la rentabilidad de las actividades, controlar inventarios de materiales promocionales, y colaborar con equipos internos y externos en la implementación de campañas, entre otros, con el fin, de contribuir al cumplimiento de los objetivos comerciales y a la presencia de marca en todos los canales.
¿Qué tienes que hacer?
Planificar y ejecutar campañas promocionales en coordinación con las áreas de Marketing y Ventas.
Desarrollar e implementar estrategias de visibilidad de marca en puntos de venta, considerando lanzamientos y fechas comerciales.
Coordinar acciones de Trade Marketing en terreno, incluyendo promociones, activaciones y material publicitario.
Gestionar proveedores, materiales POP, exhibidores y presupuestos asociados a campañas promocionales.
Analizar resultados de ventas y rentabilidad de las acciones comerciales para apoyar la toma de decisiones.
Tenemos distintos beneficios para ti:
Casino.👩🍳
Buses de acercamiento🚍.
Descuento en productos.🛒
Gimnasio y canchas deportivas.🤸
Estabilidad laboral y buen ambiente laboral.😄
Entre muchos más que te invitamos a descubrir.😎
¡Súmate a nuestro equipo y vive la Experiencia Carozzi!😊",1,"¿Qué necesitas para desempeñar este cargo?
Recien titulado en Ingeniería Comercial, Civil Industrial o similar
No se necesita experiencia.
Conocimientos en Excel / power point / Canva."
Técnico Eléctrico,Otra Área,"San Bernardo, Metropolitana de Santiago",San Bernardo,Metropolitana de Santiago,2026-06-22,6085389,carozzi,2026-07-17,2026-07-23,0.355,Mantenedor,Por Turnos,Empresas Carozzi S.A.,Técnico profesional superior,Chile,2 años,2026-07-22,https://carozzi.trabajando.cl/trabajo-empleo/tecnico-electrico/trabajo/6085389,En Carozzi tenemos como propósito dar...,"En Carozzi tenemos como propósito dar lo mejor de nosotros para que las personas puedan disfrutar más la vida, y es por ello que desde hace más de 125 años estamos presente en el mercado con más de 100 marcas como Costa🍫, Ambrosoli🍬, Vivo🥃, Trattoria🍝, Master Dog🐶, Bresler🍧 y Pancho Villa🌯, entre otras.
Somos una Compañía donde nos mueve la innovación, el respeto por las personas y la pasión por el trabajo bien hecho y queremos invitarte a postular al cargo Eléctrico para nuestra Planta ubicada en la Planta de Teno.
Misión: Serás responsable de realizar diagnóstico, reparación y acondicionamiento sobre equipos, maquinarias de componentes eléctricos y electrónicos, con el propósito de contribuir a la operatividad, eficiencia y continuidad productiva de la planta.
¿Qué tienes que hacer?
Realizar diagnóstico y reparación de fallas eléctricas en equipos, maquinarias y componentes, participando en los análisis de fallas respectivos, según corresponda.
Realizar propuestas de medidas para la mejora de los procesos de mantenimiento eléctrico y electrónicos.
Realizar la gestión de órdenes y avisos de mantenimiento en SAP.
Ejecutar la mantención eléctrica preventiva y correctiva de equipos, instalaciones y procesos automatizados, aplicando técnicas de mantenimiento que permitan dar continuidad al proceso productivo, considerando confiabilidad, calidad, seguridad y costo global.
Tenemos distintos beneficios para ti:
Casino.👩🍳
Buses de acercamiento🚍.
Descuento en productos.🛒
Gimnasio y canchas deportivas.🤸
Estabilidad laboral y buen ambiente laboral.😄Entre muchos más que te invitamos a descubrir.😎
¡Súmate a nuestro equipo y vive la Experiencia Carozzi!😊",1,"Contar con formación técnico nivel superior área eléctrica / electrónica o Ingeniería eléctrica/ en automatización.
Deseable experiencia de 2 años como electricista industrial o cargo similares
Estar dispuesto a trabajar en turnos rotativos (mañana, tarde y noche, de lunes a sábado).
Tener disponibilidad para trabajar en San Bernardo."
Analista Control de Costos,Otra Área,"San Bernardo, Metropolitana de Santiago",San Bernardo,Metropolitana de Santiago,2026-06-22,6085536,carozzi,2026-07-17,2026-07-23,0.3901,Analista,Jornada Completa,Empresas Carozzi S.A.,Universitaria,Chile,1 años,2026-07-22,https://carozzi.trabajando.cl/trabajo-empleo/analista-control-de-costos/trabajo/6085536,En Carozzi nos mueve hacer las cosas...,"En Carozzi nos mueve hacer las cosas bien, para que todos podamos compartir y disfrutar en un mejor entorno, y es por ello que desde hace más de 128 años estamos presente en el mercado con más de 100 marcas como Costa, Ambrosoli, Vivo, Trattoria, Master Dog, Bresler y Pancho Villa, entre otras.
Somos una Compañía donde vivimos la innovación, el respeto por las personas y la pasión por el trabajo bien hecho y queremos invitarte a postular al cargo de Analista Control de Costos para nuestro Complejo Industrial de San Bernardo, NOS.
Buscamos a personas con formación Profesional Universitaria en Ingeniería Civil Industrial, Ingeniería Industrial, Ingeniería de Procesos o Similar, con al menos 1 año de experiencia en cargo similar.
Misión: serás responsable de gestionar la aplicación de procedimientos y políticas corporativas de control de costos, mediante el uso de tecnologías acordes a la estrategia corporativa de digitalización.
¿Qué tienes que hacer?
Realizar el análisis, evaluación mensual y proyección anual de costos, gastos y sobre estándar a nivel de áreas de negocios y de operaciones productivas en filiales que requieran apoyo.
Mantener paneles de gestión de costos según las implementaciones realizadas en base a las necesidades de las divisiones de la compañía.
Analizar de traspasos contables de cierre de mes de centros de costos, ajustes de costos de ventas y sobre estándar a sus áreas de negocios y en todas las plantas productivas.
Tenemos distintos beneficios para ti:
Casino.👩🍳
Buses de acercamiento🚍.
Descuento en productos.🛒
Gimnasio y canchas deportivas.🤸
Estabilidad laboral y buen ambiente laboral.😄
Entre muchos más que te invitamos a descubrir.😎
¡Súmate a nuestro equipo y vive la Experiencia Carozzi!😊",1,"¿Qué necesitas para desempeñar este cargo?
Contar con formación Profesional Universitaria en Ingeniería Civil Industrial, Ingeniería Industrial, Ingeniería de Procesos o Similar, con al menos 1 año de experiencia en cargo similar.
Microsoft Office nivel intermedio (Excel).
SAP
Power BI
Conocimientos:
-Análisis de Costos.(Deseable)
- Procesos productivos.(Excluyente)
- Planificación de Producción"
Supervisor de Mantenimiento,Otra Área,"San Bernardo, Metropolitana de Santiago",San Bernardo,Metropolitana de Santiago,2026-06-22,6085493,carozzi,2026-07-17,2026-07-21,0.377,Supervisor,Jornada Completa,Empresas Carozzi S.A.,Técnico profesional superior,Chile,3 años,2026-08-21,https://carozzi.trabajando.cl/trabajo-empleo/supervisor-de-mantenimiento/trabajo/6085493,En Carozzi tenemos como propósito dar...,"En Carozzi tenemos como propósito dar lo mejor de nosotros para que las personas puedan disfrutar más la vida, y es por ello que desde hace más de 126 años estamos presente en el mercado con más de 100 marcas como Costa🍫, Ambrosoli🍬, Vivo🥃, Trattoria🍝, Master Dog🐶, Bresler🍧 y Pancho Villa🌯, entre otras.
Somos una Compañía donde nos mueve la innovación, el respeto por las personas y la pasión por el trabajo bien hecho y queremos invitarte a postular al cargo Supervisor de Mantenimiento para nuestra Planta de Galletas ubicada en San Bernardo.
Buscamos a personas con formación Técnico Superior del área Mecánica, Eléctrica, Química, Alimentos o similar, con 3 años de experiencia en el área.
Misión: Coordinar y ejecutar las actividades de mantenimiento con los recursos disponibles, con el fin de lograr la disponibilidad de las instalaciones,
apoyando la continuidad y eficiencia de los procesos productivos.
¿Qué tienes que hacer?
Supervisar la ejecución del programa de mantenimiento, asegurando el cumplimiento de la planificación, plazos y uso eficiente de los recursos.
Controlar y analizar fallas de equipos y maquinarias, implementando acciones correctivas para mejorar la continuidad operacional.
Verificar el cumplimiento de estándares de calidad, seguridad y confiabilidad de los equipos e instalaciones.
Liderar inspecciones periódicas y monitorear el estado de equipos críticos, sistemas de emergencia y programas de mantenimiento preventivo.
Impulsar iniciativas de mejora continua en los procesos y procedimientos de mantenimiento para optimizar la gestión del área.
Tenemos distintos beneficios para ti:
Casino.👩🍳
Buses de acercamiento🚍.
Descuento en productos.🛒
Gimnasio y canchas deportivas.🤸
Estabilidad laboral y buen ambiente laboral.😄
Entre muchos más que te invitamos a descubrir.😎
¡Súmate a nuestro equipo y vive la Experiencia Carozzi!😊",1,"¿Qué necesitas para desempeñar este cargo?
Contar con formación Técnico Superior del área Mecánica, Eléctrica, Química, Alimentos o similar.
3 años de experiencia en un cargo similar en la industria de Alimentos.
Conocimientos / experiencia en supervisión de proyectos, montajes y mantenimiento industrial."
Planificador de Mantenimiento - Planta Mascota ,Otra Área,"Sagrada Familia, Maule",Sagrada Familia,Maule,2026-06-19,6085014,carozzi,2026-07-17,2026-08-08,0.3077,Otro Profesional,Jornada Completa,Empresas Carozzi S.A.,Universitaria,Chile,2 años,2026-08-18,https://carozzi.trabajando.cl/trabajo-empleo/planificador-de-mantenimiento-planta-mascota/trabajo/6085014,En Carozzi nos mueve hacer las cosas...,"En Carozzi nos mueve hacer las cosas bien, para que todos podamos compartir y disfrutar en un mejor entorno, y es por ello que desde hace más de 127 años estamos presente en el mercado con más de 100 marcas como Costa, Ambrosoli🍬, Vivo🥃, Trattoria🍝, Master Dog🐶, Bresler🍧 y Pancho Villa🌯, entre otras.
Somos una Compañía donde vivimos la innovación, la pasión por el trabajo bien hecho y el respeto por las personas, valorando la diversidad e inclusión, porque creemos que nuestras diferencias nos enriquecen como organización.
¡Un nuevo desafío te espera! 🚀😊 El equipo de Mantenimiento está en busca de su próximo Planificador de Mantenimiento.
Buscamos a personas con formación universitaria en Ingeniería Mecánica / Eléctrica / Industrial o similar, con más de 2 años de experiencia en el área de mantenimiento, desempeñando funciones en roles similares, y con manejo de SAP en el módulo de mantenimiento.
Misión: Serás responsable de realizar a la planificación y programación del mantenimiento correctivo y preventivo de los equipos de la planta, con el fin de contribuir a la disponibilidad y operatividad de los equipos y maquinarias productivas, apoyando la continuidad y eficiencia de los procesos productivos.
¿Qué tienes que hacer?
Realizar la planificación de las mantenciones preventivas y correctivas para los equipos de la planta, junto con inspeccionar el cumplimiento del Ciclo de Mantención Preventiva.
Realizar actividades de coordinación en los procedimientos de compra de repuestos, materiales y servicios para la ejecución de mantenciones y cuando corresponda, realizar el control de stock de la bodega de repuestos y herramientas.
Realizar actividades de control sobre los tiempos de ejecución empleados para mantenciones correctivas, así como también control de costos de HH, repuestos y servicios, entre otros.
Realizar propuestas de mejora continua a los procedimientos de mantenimiento, participando activamente en la metodología de trabajo TPM y otras herramientas de gestión según corresponda.
Tenemos distintos beneficios para ti:
Casino.👩?🍳
Buses de acercamiento🚍.
Descuento en productos.🛒
Gimnasio y canchas deportivas.🤸
Estabilidad laboral y buen ambiente laboral.😄
Entre muchos más que te invitamos a descubrir.😎
¡Súmate a nuestro equipo y vive la Experiencia Carozzi!😊",1,"¿Qué necesitas para desempeñar este cargo?
Contar con formación universitaria en Ingeniería Mecánica / Eléctrica / Industrial o similar.
Experiencia: mínimo 2 años de experiencia en el área de mantenimiento en un cargo similar.
Experiencia trabajando con SAP en el módulo de mantenimiento.
Conocimientos en:
SAP.
Microsoft Excel (nivel intermedio).
MS Project."
Crew Local Heladería - Chillan,Otra Área,"Chillán, Ñuble",Chillán,Ñuble,2026-06-18,6084340,carozzi,2026-07-17,2026-07-19,0.3248,Operario,Part Time,Bresler,Técnico profesional superior,Chile,1 años,2026-07-18,https://carozzi.trabajando.cl/trabajo-empleo/crew-local-heladeria-chillan/trabajo/6084340,🌟 ¡Súmate a nuestro equipo y crece...,"🌟 ¡Súmate a nuestro equipo y crece con nosotros! 🌟
En nuestra reconocida heladería con presencia a nivel nacional buscamos personas responsables, comprometidas y con muchas ganas de aprender.
Si disfrutas trabajar con personas, entregar un servicio de calidad y formar parte de un ambiente dinámico y acogedor ¡esta es tu oportunidad! 🙌🍦
🍨¿Qué harás?
Mantener operativas todas las áreas del local (barra, cocina, bodegas, copería).
Preparar, montar y servir productos siguiendo recetas y normas de higiene.
Atender de manera cordial y resolutiva a los clientes, impulsando productos y cumpliendo metas.
Apoyar en la recepción y almacenamiento de productos.
Realizar tareas de caja (cobros, arqueos y cierres).
Si tienes energía, actitud y ganas de aprender, este es tu lugar. ¡Postula ahora y únete a nuestra familia gastronómica!",1,"Enseñanza media completa (excluyente).
Experiencia en atención al cliente, montar platos, mantener limpieza de espacios y manejo de caja.
Buena disposición, adaptabilidad y trabajo en equipo."
Crew Local Heladería - San Antonio Valparaíso,Otra Área,"San Antonio, Valparaíso",San Antonio,Valparaíso,2026-06-18,6084344,carozzi,2026-07-17,2026-07-19,0.3533,Operario,Part Time,Bresler,Técnico profesional superior,Chile,1 años,2026-07-18,https://carozzi.trabajando.cl/trabajo-empleo/crew-local-heladeria-san-antonio-valparaiso/trabajo/6084344,🌟 ¡Súmate a nuestro equipo y crece...,"🌟 ¡Súmate a nuestro equipo y crece con nosotros! 🌟
En nuestra reconocida heladería con presencia a nivel nacional buscamos personas responsables, comprometidas y con muchas ganas de aprender.
Si disfrutas trabajar con personas, entregar un servicio de calidad y formar parte de un ambiente dinámico y acogedor ¡esta es tu oportunidad! 🙌🍦
🍨¿Qué harás?
Mantener operativas todas las áreas del local (barra, cocina, bodegas, copería).
Preparar, montar y servir productos siguiendo recetas y normas de higiene.
Atender de manera cordial y resolutiva a los clientes, impulsando productos y cumpliendo metas.
Apoyar en la recepción y almacenamiento de productos.
Realizar tareas de caja (cobros, arqueos y cierres).
Si tienes energía, actitud y ganas de aprender, este es tu lugar. ¡Postula ahora y únete a nuestra familia gastronómica!",1,"Enseñanza media completa (excluyente).
Experiencia en atención al cliente, montar platos, mantener limpieza de espacios y manejo de caja.
Buena disposición, adaptabilidad y trabajo en equipo."
 Analista Inteligencia Comercial - San Bernardo,Otra Área,"San Bernardo, Metropolitana de Santiago",San Bernardo,Metropolitana de Santiago,2026-06-18,6084389,carozzi,2026-07-17,2026-07-19,0.3503,Ingeniero,Mixta (Teletrabajo + Presencial),Empresas Carozzi S.A.,Universitaria,Chile,,2026-07-18,https://carozzi.trabajando.cl/trabajo-empleo/analista-inteligencia-comercial-san-bernardo/trabajo/6084389,En Carozzi nos mueve hacer las cosas...,"En Carozzi nos mueve hacer las cosas bien, para que todos podamos compartir y disfrutar en un mejor entorno, y es por ello que desde hace más de 127 años estamos presentes en el mercado con más de 100 marcas como Costa, Ambrosoli, Vivo, Trattoria, Master Dog, Bresler y Pancho Villa, entre otras.
Somos una Compañía donde vivimos la innovación, la pasión por el trabajo bien hecho y el respeto por las personas, valorando la diversidad e inclusión, porque creemos que nuestras diferencias nos enriquecen como organización.
Un nuevo desafío te espera! 🚀😊 El equipo de Inteligencia Comercial está en busca de su próximo Analista Inteligencia Comercial.
Buscamos a personas con Formación Universitaria de las carreras de Ingeniería Comercial, Ingeniería Civil Industrial y/o carrera afín.
Misión: Analizar, elaborar y coordinar la información comercial, reportes de desempeño por canal y categoría, manteniendo actualizadas las plataformas de indicadores clave de ventas, las actividades relacionadas con datos del punto de venta y las mejoras en sistemas de control, contribuyendo a la toma de decisiones estratégicas y al fortalecimiento del desempeño comercial de la organización.
¿Qué tienes que hacer?
Realizar análisis y reportes de ventas en distintos canales, incluyendo la cobertura por categoría de productos.
Realizar la mantención de plataformas con información sobre precios, servicio en góndolas, participación de mercado, ventas, cabinets y otras variables relacionadas, coordinando con áreas internas, proveedores y clientes.
Elaborar distintos reportes sobre metas, cumplimiento de campañas y resultados de concursos dirigidos a la fuerza de ventas, entre otros.
Evaluar mejoras en los sistemas vinculados al control de gestión de ventas.
Tenemos distintos beneficios para ti:
Casino.
Buses de acercamiento.
Seguro complementario.
Descuentos en productos.
Gym.
Reajuste por IPC.
Estabilidad y buen ambiente laboral.
Entre muchos más que te invitamos a descubrir...
Si te atraen los desafíos, te invitamos a postular y vivir la experiencia Carozzi.",1,"Formación Universitaria de las carreras de Ingeniería Comercial, Ingeniería Civil Industrial y/o carrera afín.
Manejo de Microsoft Office nivel intermedio (excluyente).
Conocimiento en Access/SQL/Python (deseable).
Manejo Power BI nivel intermedio (excluyente).
Manejo en herramientas de IA."
Supervisor de Mantención Heladería - Huechuraba,Otra Área,"Huechuraba, Metropolitana de Santiago",Huechuraba,Metropolitana de Santiago,2026-06-17,6083605,carozzi,2026-07-17,2026-08-08,0.3635,Supervisor,Jornada Completa,Emporio La Rosa,Técnico profesional superior,Chile,3 años,2026-08-16,https://carozzi.trabajando.cl/trabajo-empleo/supervisor-de-mantencion-heladeria-huechuraba/trabajo/6083605,"En esta oportunidad, nos encontramos...","En esta oportunidad, nos encontramos en búsqueda de un/a Supervisor de Mantención para nuestra operación de heladería, quien será responsable de asegurar la continuidad operativa, eficiencia de los equipos y el correcto funcionamiento de nuestras instalaciones productivas.
🔎 ¿Cuál será tu desafío?
Liderar la ejecución del plan de mantención de planta, asegurando el cumplimiento de los programas preventivos y correctivos, minimizando tiempos de detención y optimizando el desempeño de los equipos, junto con liderar al equipo de mantención y gestionar proveedores del área.
🛠 Funciones principalesDiseñar y ejecutar el plan de mantención de la planta y equipos (chiller, compresores, pasteurizador, mantecadora, línea continua, cámaras, entre otros).
Asegurar el cumplimiento de mantenciones preventivas y correctivas, minimizando detenciones y asegurando continuidad operacional.
Supervisar y coordinar al equipo de mantención y contratistas (planificación de tareas, turnos y trabajos en terreno).
Liderar al equipo promoviendo seguridad, orden y mejora continua, incluyendo capacitación técnica.
Gestionar registros, documentación e indicadores del área, elaborando reportes y propuestas de mejora.
Coordinar proveedores y participar en proyectos e iniciativas de optimización de la planta.",1,"Título técnico en Mantención o carrera afín
Experiencia desde 3 años liderando equipos
Experiencia desde 3 años en sistemas eléctricos y de refrigeración
Experiencia desde 1 año en maquinaria de heladería y/o productos congelados (chiller, evaporadores, pasteurizador, compresores, mantecadora, línea continua, cámaras de congelación, abatidores)
Experiencia desde 1 año en control presupuestario
Conocimientos en mejora continua y control de gestión
Deseable manejo de SAP (módulo MM)"
Operador de Grúa Horquilla con licencia Clase D  - Planta Lontue,Otra Área,"Curicó, Maule",Curicó,Maule,2026-06-17,6083526,carozzi,2026-07-17,2026-07-17,0.3133,Chofer,Por Turnos,Empresas Carozzi S.A.,Media,Chile,1 años,2026-07-17,https://carozzi.trabajando.cl/trabajo-empleo/operador-de-grua-horquilla-con-licencia-clase-d-planta-lontue/trabajo/6083526,En Carozzi nos mueve hacer las cosas...,"En Carozzi nos mueve hacer las cosas bien, para que todos podamos compartir y disfrutar en un mejor entorno, y es por ello que desde hace más de 127 años estamos presentes en el mercado con más de 100 marcas como Costa🍫, Ambrosoli🍬, Vivo🥃, Trattoria🍝, Master Dog🐶, Bresler🍧 y Pancho Villa🌯, entre otras.
Somos una Compañía donde vivimos la innovación, la pasión por el trabajo bien hecho y el respeto por las personas, valorando la diversidad e inclusión, porque creemos que nuestras diferencias nos enriquecen como organización. Por eso queremos invitarte a postular al cargo Operador de Grúa Horquilla para nuestra Planta ubicada en Lontue.
Misión: Realizar recepción, almacenamiento y despacho de materiales en la bodega de materiales respectiva, con el fin de lograr el abastecimiento de los pedidos de clientes internos en los tiempos acordados y de acuerdo con los procedimientos establecidos.
Funciones:
Realizar el control en la recepción de productos, inspeccionando visualmente su embalado, rotulación y autorización por sistema (SAP), junto con el almacenamiento de materiales en bodega, operando grúa horquilla según se requiera.
Ejecutar la preparación de cargas y pedidos en el área de picking asignada, realizando el control de la trazabilidad de los productos y registrando en el sistema todos los movimientos.
Realizar las funciones que sean necesarias, producto de la ocurrencia de situaciones excepcionales que alteren el curso normal del proceso administrativo del área, junto con aquellas que, según la práctica, naturaleza o descripción respectiva, corresponden a dicho cargo.
Realizar inventarios de productos terminados, materiales e insumos, según los procedimientos y la planificación definida.
Realizar movimiento de pallet de productos y/o materiales a través de la operación de grúa horquilla, en los procesos de almacenaje, reposición y picking, según se requiera
Tenemos distintos beneficios para ti:
Casino.👩?🍳
Buses de acercamiento🚍.
Descuento en productos.🛒
Gimnasio y canchas deportivas.🤸??
Estabilidad laboral y buen ambiente laboral.😄
Entre muchos más que te invitamos a descubrir.😎
¡Súmate a nuestro equipo y vive la Experiencia Carozzi!😊",15,"¿Qué necesitas para desempeñar este cargo?
Enseñanza media completa
Contar con disponibilidad para trabajar en turnos rotativos
Licencia clase D (excluyente)"
Técnico de Soporte,Alimentos y Bebidas,"San Bernardo, Metropolitana de Santiago",San Bernardo,Metropolitana de Santiago,2026-06-17,6083557,carozzi,2026-07-17,2026-07-17,0.3297,Administrativo,Jornada Completa,Empresas Carozzi,Técnico medio/ colegio técnico,Chile,1 años,2026-07-17,https://carozzi.trabajando.cl/trabajo-empleo/tecnico-de-soporte/trabajo/6083557,En Carozzi tenemos como propósito dar...,"En Carozzi tenemos como propósito dar lo mejor de nosotros para que las personas puedan disfrutar más la vida, y es por ello que desde hace más de 125 años estamos presente en el mercado con más de 100 marcas como Costa🍫, Ambrosoli🍬, Vivo🥃, Trattoria🍝, Master Dog🐶, Bresler🍧 y Pancho Villa🌯, entre otras.
Somos una Compañía donde vivimos la innovación, la pasión por el trabajo bien hecho y el respeto por las personas, valorando la diversidad e inclusión, porque creemos que nuestras diferencias nos enriquecen como organización.
¡Un nuevo desafío te espera! 🚀😊 Buscamos a personas con al menos 1 año de experiencia en el área de informática para trabajar en nuestro Centro Industrial de Santiago, San Bernando como Técnico de Soporte.
Funciones:
Realizar soporte técnico de software, hardware e impresoras, así como solicitudes de reparación de equipos a proveedores externos.
Realizar capacitación a usuarios en el uso de equipos computacionales.
Realizar instalación de software en equipos nuevos
Tenemos distintos beneficios para ti:
Casino.
Buses de acercamiento🚍.
Descuento en productos.🛒
Gimnasio y canchas deportivas.🤸
Estabilidad laboral y buen ambiente laboral.😄
Entre muchos más que te invitamos a descubrir. 😎
¡Súmate a nuestro equipo y vive la Experiencia Carozzi! 😊",1,"¿Qué necesitas para desempeñar este cargo?
Técnico nivel medio de informática o telecomunicaciones con 1 año de experiencia en el área.
Conocimientos en:
Hardware y armado de equipos.
Conocimientos básicos de comunicaciones (Cisco o similar).
Protocolos, normas y estándares redes LAN/WAN.
Conocimientos básicos Telefonías IP, análoga y digital.
Conocimientos avanzados de sistemas operativos (Windows y Macintosh).
Deseable Outlook nivel intermedio."
Ingeniero de Colaboración y Gestión (CPFR),Otra Área,"San Bernardo, Metropolitana de Santiago",San Bernardo,Metropolitana de Santiago,2026-06-16,6083293,carozzi,2026-07-17,2026-08-07,0.353,Otro Profesional,Jornada Completa,Empresas Carozzi S.A.,Universitaria,Chile,2 años,2026-08-15,https://carozzi.trabajando.cl/trabajo-empleo/ingeniero-de-colaboracion-y-gestion-cpfr/trabajo/6083293,En Carozzi nos mueve hacer las cosas...,"En Carozzi nos mueve hacer las cosas bien, para que todos podamos compartir y disfrutar en un mejor entorno, y es por ello que desde hace más de 127 años estamos presente en el mercado con más de 100 marcas como Costa, Ambrosoli🍬, Vivo🥃, Trattoria🍝, Master Dog🐶, Bresler🍧 y Pancho Villa🌯, entre otras.
Somos una Compañía donde vivimos la innovación, la pasión por el trabajo bien hecho y el respeto por las personas, valorando la diversidad e inclusión, porque creemos que nuestras diferencias nos enriquecen como organización.
¡Un nuevo desafío te espera! 🚀😊 El equipo de Supply Chain está en busca de su próximo Ingeniero de Colaboración y Gestión.
Buscamos a personas con formación Profesional universitario del área Comercial o afín, de preferencia Ingeniero Comercial o Ingeniero Civil Industrial, con 2 o más años de experiencia en un rol similar.
Misión: Serás responsable de realizar la planificación y ejecución de procesos de abastecimiento de productos terminados con el cliente, con el propósito de contribuir al aumento de ventas mediante la firma de alianzas estratégicas con los mismos.
¿Qué tienes que hacer?
Realizar seguimiento de Indicadores de abastecimiento Fill Rate, Instock, DOH, así como revisión de quiebres de productos en Sucursales y Centros de distribución.
Realizar análisis de Stock, Instock, habilitación de producto en locales y orden de compra en tránsito.
Realizar revisión de estimación de demanda en conjunto con analistas del cliente.
Realizar desarrollo y análisis de planes de trabajo y nuevos proyectos de abastecimiento, en colaboración con el cliente.
Tenemos distintos beneficios para ti:
Casino.👩?🍳
Buses de acercamiento🚍.
Descuento en productos.🛒
Gimnasio y canchas deportivas.🤸
Estabilidad laboral y buen ambiente laboral.😄
Entre muchos más que te invitamos a descubrir.😎
¡Súmate a nuestro equipo y vive la Experiencia Carozzi!😊",1,"¿Qué necesitas para desempeñar este cargo?
Contar con formación Profesional universitaria del área Comercial o afín, de preferencia Ingeniero Comercial o Ingeniero Civil Industrial.
Experiencia: mínimo 2 de experiencia en un cargo similar.
Manejo de Excel intermedio.
Conocimientos en:
MS Excel nivel avanzado.
Manejo de Bases de datos.
SAP (no excluyente)."
Instrumentista Automatización - Planta Victoria,Otra Área,"Victoria, La Araucanía",Victoria,La Araucanía,2026-06-12,6081755,carozzi,2026-07-17,2026-08-08,0.373,Ingeniero,Jornada Completa,Empresas Carozzi S.A.,Universitaria,Chile,2 años,2026-11-08,https://carozzi.trabajando.cl/trabajo-empleo/instrumentista-automatizacion-planta-victoria/trabajo/6081755,En Carozzi tenemos como propósito dar...,"En Carozzi tenemos como propósito dar lo mejor de nosotros para que las personas puedan disfrutar más la vida, y es por ello que desde hace más de 128 años estamos presente en el mercado con más de 100 marcas como Costa🍫, Ambrosoli🍬, Vivo🥃, Trattoria🍝, Master Dog🐶, Bresler🍧 y Pancho Villa🌯, entre otras.
Somos una Compañía donde nos mueve la innovación, el respeto por las personas y la pasión por el trabajo bien hecho y queremos invitarte a postular al cargo Ingeniero Automatización para nuestra Planta ubicada en Victoria.
Misión: Realizar diagnóstico, reparación y acondicionamiento de equipos y maquinarias con componentes eléctricos y electrónicos de alta complejidad y/o programables, con el propósito de contribuir a la operatividad, eficiencia y continuidad productiva de la planta
¿Qué tienes que hacer?
Realizar diagnóstico y reparación de fallas eléctricas de alta complejidad en equipos y maquinarias.
Realizar diagnóstico, resolución de fallas y programación de equipos o sistemas comandados por PLC, comunicación de datos y envío de variables electrónicas.
Realizar propuestas y ejecutar proyectos de mejora en los procesos y líneas de producción de la planta.
Realizar la instalación de instrumentos de control en automatización de equipos, así como la calibración de instrumentos e inspeccionar parámetros en puntos críticos de control.
Inspeccionar los parámetros de funcionamiento y respaldo de los programas de la planta, previniendo y detectando posibles fallas.
Tenemos distintos beneficios para ti:
Casino.👩🍳
Descuento en productos.🛒
Gimnasio y canchas deportivas.🤸
Estabilidad laboral y buen ambiente laboral.😄
Entre muchos más que te invitamos a descubrir.😎
¡Súmate a nuestro equipo y vive la Experiencia Carozzi!😊",1,"¿Qué necesitas para desempeñar este cargo?
Con formación Profesional del área eléctrica / automatización industrial o similar.
Experiencia: mínimo 1 año de experiencia en un cargo similar.
Conocimientos en:
Automatización y control.
Manipulación de alimentos.
Calidad en los procesos, Tecnología de Alimentos.
Mecánica (nivel básico: Hidráulica, Neumática).
Electricidad y electrónica (nivel avanzado).
Diagnóstico y reparación de fallas eléctricas complejas.
Seguridad Industrial: Normativas Legales, riesgos en el área de trabajo y su prevención, políticas corporativas y detección, análisis y tratamiento de riesgos.
Control y comando (nivel avanzado).
Interpretación de planos eléctricos.
Parametrización de variadores de frecuencia y puesta en marcha.
Diagnóstico y programación de PLC (nivel avanzado).
Manejo de corrientes débiles (4-20 mili amperes y 0-10 volts)"
Mecánico - San Bernardo NOS,Otra Área,"San Bernardo, Metropolitana de Santiago",San Bernardo,Metropolitana de Santiago,2026-06-09,6080023,carozzi,2026-07-17,2026-08-08,0.3512,Técnico,Jornada Completa,Empresas Carozzi,Técnico profesional superior,Chile,1 años,2026-08-08,https://carozzi.trabajando.cl/trabajo-empleo/mecanico-san-bernardo-nos/trabajo/6080023,En Carozzi tenemos como propósito dar...,"En Carozzi tenemos como propósito dar lo mejor de nosotros para que las personas puedan disfrutar más la vida, y es por ello que desde hace más de 128 años estamos presente en el mercado con más de 100 marcas como Costa🍫, Ambrosoli🍬, Vivo🥃, Trattoria🍝, Master Dog🐶, Bresler🍧 y Pancho Villa🌯, entre otras.
Somos una Compañía donde nos mueve la innovación, el respeto por las personas y la pasión por el trabajo bien hecho y queremos invitarte a postular al cargo Mecánico para nuestra Planta ubicada en San Bernardo.
Misión: Realizar diagnóstico, reparación y acondicionamiento sobre equipos y maquinarias de componentes mecánicos y electromecánicos, con el propósito de contribuir a la operatividad, eficiencia y continuidad productiva de los equipos y maquinarias de la planta.
¿Qué tienes que hacer?
Realizar diagnóstico y reparación de fallas mecánicas en equipos, maquinarias y componentes, participando en los análisis de falla respectivos.
Ejecutar mantenciones preventivas y correctivas a equipos, maquinarias e instalaciones, aplicando técnicas de mantenimiento que permitan dar continuidad a los procesos productivos, considerando confiabilidad, calidad, seguridad y costo global.
Realizar la modificación y/o construcción de componentes mecánicos según se requiera.
Realizar propuestas de medidas para la mejora de los procesos de mantenimiento mecánico.
Tenemos distintos beneficios para ti:
Casino.👩?🍳
Buses de acercamiento🚍.
Descuento en productos.🛒
Gimnasio y canchas deportivas.🤸
Estabilidad laboral y buen ambiente laboral.😄
Entre muchos más que te invitamos a descubrir.😎",1,"Con formación Técnica/Profesional del área Mecánica / mantenimiento industrial o similar.
Experiencia: mínimo 1 año de experiencia en un cargo similar.
Conocimientos en:
- Mecánica (nivel avanzado: Hidráulica, Neumática, elementos de control de vapor, etc.).
- Desarmado y armado de componentes mecánicos complejos.
- Diagnóstico y reparación de fallas mecánicas complejas.
- Desarmado y armado de componentes mecánicos.
- Limpieza de piezas mecánicas.
- Conocimientos de gestión de mantenimiento (KPI &KAI)."
Auxiliar de Obras y Mantención,Otra Área,"San Bernardo, Metropolitana de Santiago",San Bernardo,Metropolitana de Santiago,2026-06-05,6078597,carozzi,2026-07-17,2026-07-21,0.3215,Administrativo,Jornada Completa,Empresas Carozzi S.A.,Técnico medio/ colegio técnico,Chile,1 años,2026-04-08,https://carozzi.trabajando.cl/trabajo-empleo/auxiliar-de-obras-y-mantencion/trabajo/6078597,En Carozzi tenemos como propósito dar...,"En Carozzi tenemos como propósito dar lo mejor de nosotros para que las personas puedan disfrutar más la vida, y es por ello que desde hace más de 126 años estamos presente en el mercado con más de 100 marcas como Costa🍫, Ambrosoli🍬, Vivo🥃, Trattoria🍝, Master Dog🐶, Bresler🍧 y Pancho Villa🌯, entre otras.
Somos una Compañía donde nos mueve la innovación, el respeto por las personas y la pasión por el trabajo bien hecho y queremos invitarte a postular al cargo Mantenedor Estructural para nuestra Planta de Cereales ubicada en San Bernardo.
Buscamos a personas con Técnico en construcción o que tenga experiencia en el área.
Misión: Realizar la mantención preventiva y correctiva de estructuras menores y equipos de baja complejidad, así como también trabajos de mantenimiento de albañilería, carpintería, gasfitería y pintura según corresponda, con el fin de mantener las instalaciones e infraestructura de acuerdo a los estándares establecidos (BRC, TPM, HACCP, entre otros)
¿Qué tienes que hacer?
Ejecutar reparaciones menores de obras civiles, albañilería básica, soldadura y trabajos estructurales según necesidades de la planta.
Apoyar en inspección y mantención de infraestructura, coordinando con planificador de mantenimiento y supervisor mecánico.
Realizar levantamientos en terreno y atender requerimientos presenciales, asegurando continuidad operativa.
Proponer mejoras y acciones preventivas en procesos de mantención estructural.
Colaborar en orden y limpieza de áreas de trabajo, cumpliendo con estándares de seguridad.
Participar en capacitaciones y coordinar actividades junto al tutor asignado y jefatura directa.
Tenemos distintos beneficios para ti:
Casino.👩🍳
Buses de acercamiento🚍.
Descuento en productos.🛒
Gimnasio y canchas deportivas.🤸
Estabilidad laboral y buen ambiente laboral.😄
Entre muchos más que te invitamos a descubrir.😎
¡Súmate a nuestro equipo y vive la Experiencia Carozzi!😊",1,"¿Qué necesitas para desempeñar este cargo?
Contar con alguna experiencia en albañilería, carpintería, gasfitería y pintura."
Analista de Capacitación,Otra Área,"San Bernardo, Metropolitana de Santiago",San Bernardo,Metropolitana de Santiago,2026-06-04,6078212,carozzi,2026-07-17,2026-08-04,0.3488,Analista,Mixta (Teletrabajo + Presencial),Empresas Carozzi S.A.,Técnico profesional superior,Chile,2 años,2026-03-08,https://carozzi.trabajando.cl/trabajo-empleo/analista-de-capacitacion/trabajo/6078212,En Carozzi nos mueve hacer las cosas...,"En Carozzi nos mueve hacer las cosas bien, para que todos podamos compartir y disfrutar en un mejor entorno, y es por ello que desde hace más de 128 años estamos presentes en el mercado con más de 100 marcas como Costa, Ambrosoli, Vivo, Trattoria, Master Dog, Bresler y Pancho Villa, entre otras.
Somos una Compañía donde vivimos la innovación, la pasión por el trabajo bien hecho y el respeto por las personas, valorando la diversidad e inclusión, porque creemos que nuestras diferencias nos enriquecen como organización.
¡Un nuevo desafío te espera! 🚀😊 Nuestro equipo está en busca de su próximo/a Analista de Capacitación para un reemplazo de pre y post natal.
Buscamos a personas con formación técnica o universitaria de las carreras de Técnico en Adm. de Empresas, Ingeniería en Adm. de Empresas y/o carrera afín, idealmente 2 a 3 años de experiencia en roles similares.
¿Qué tienes que hacer? 🖋
Responsable de diseñar e implementar programas y cursos, teniendo como principal foco el desarrollo profesional de las personas y a la aplicación de nuevas tecnologías en base a los presupuestos asignados.
Levantar y detectar las necesidades de capacitación y gestionarla acorde a los procedimientos establecidos.
Realizar la coordinación y programación de las actividades del pilar de educación y entrenamiento.
Controlar los indicadores de avances de cada uno de los pilares de TPM realizando el seguimiento de estos de acuerdo a la matriz de habilidades.
Preparar y desarrollar informes de avance e indicadores de gestión, asociados a las capacitaciones realizadas.
Planificar y coordinar actividades contempladas en los programas de capacitación definidos, realizando seguimiento y evaluando los resultados obtenidos.
Tenemos distintos beneficios para ti🎁🎉
Casino.
Descuento en productos.
Buses de acercamiento.
Estabilidad laboral y buen ambiente laboral.
Entre muchos más que te invitamos a descubrir.
¡Súmate a nuestro equipo y vive la Experiencia Carozzi!",1,"Contar con formación técnica o universitaria de las carreras de Técnico en Adm. de Empresas, Ingeniería en Adm. de Empresas y/o carrera afín.
Tener idealmente 2 a 3 años de experiencia en áreas de Capacitación.
Manejo de Excel nivel intermedio (excluyente).
Uso de plataformas digitales vinculadas a capacitación (deseable)."
Maquinista Industrial en Area de Elaboración,Operaciones,"San Bernardo, Metropolitana de Santiago",San Bernardo,Metropolitana de Santiago,2026-06-03,6077767,carozzi,2026-07-17,2026-08-03,0.3156,Operario,Jornada Completa,Empresas Carozzi,Técnico medio/ colegio técnico,Chile,3 años,2026-02-08,https://carozzi.trabajando.cl/trabajo-empleo/maquinista-industrial-en-area-de-elaboracion/trabajo/6077767,En Carozzi nos mueve hacer las cosas...,"En Carozzi nos mueve hacer las cosas bien, para que todos podamos compartir y disfrutar en un mejor entorno, y es por ello que desde hace más de 127 años estamos presentes en el mercado con más de 100 marcas como Costa, Ambrosoli, Vivo, Trattoria, Master Dog, Bresler y Pancho Villa, entre otras.
Somos una Compañía donde vivimos la innovación, la pasión por el trabajo bien hecho y el respeto por las personas, valorando la diversidad e inclusión, porque creemos que nuestras diferencias nos enriquecen como organización.
Un nuevo desafío te espera! 🚀😊 El equipo de Atracción de Talentos está en busca de su próximo Maquinista Industrial
Buscamos a personas con formación técnica (Liceo Industrial) en electromecánica / maquinaria, mecánica industrial o similar, con 3 o más años de experiencia operando máquinas en empresas de alimentos.
¿Qué tienes que hacer?
Ejecutar la operación de maquinarias, equipos y/o instrumentos semicomplejos, revisando y ajustando sus parámetros de funcionamiento, así como monitoreando la producción del equipo para cada orden de trabajo.
Inspeccionar la calidad y cantidad de los insumos, materiales y materias primas de los procesos productivos y realizar acciones correctivas en caso de anomalías.
Realizar pruebas funcionales a los equipos, inspeccionando su lubricaje, limpieza y coordinando su mantención preventiva
Apoyo en la limpieza del área de trabajo.
Tenemos distintos beneficios que podrás disfrutar, acá te señalamos algunos de ellos:
-Casino.
-Buses de acercamiento.
-Seguro complementario, de vida entre otros
-Descuento en productos.
-Gym.
-Reajuste por IPC.
-Estabilidad laboral.
-Entre muchos más que te invitamos a descubrir.
Sí te atraen los desafíos te invitamos a postular y vivir la experiencia Carozzi.",3,"¿Qué necesitas para desempeñar este cargo?
Contar con formación técnica (Liceo Industrial) en electromecánica / maquinaria, mecánica industrial o similar.
Deseable experiencia de 2 años operando máquinas en empresas de alimentos.
Estar dispuesto a trabajar en turnos rotativos (mañana, tarde y noche, de lunes a sábado).
Tener disponibilidad para trabajar en San Bernardo."
Ingeniero de Procesos,Ventas,"San Bernardo, Metropolitana de Santiago",San Bernardo,Metropolitana de Santiago,2026-06-03,6077693,carozzi,2026-07-17,2026-08-03,0.3848,Ingeniero,Jornada Completa,Empresas Carozzi,Universitaria,Chile,,2026-02-08,https://carozzi.trabajando.cl/trabajo-empleo/ingeniero-de-procesos/trabajo/6077693,En Carozzi tenemos como propósito dar...,"En Carozzi tenemos como propósito dar lo mejor de nosotros para que las personas puedan disfrutar más la vida, y es por ello que desde hace más de 128 años estamos presente en el mercado con más de 100 marcas como Costa🍫, Ambrosoli🍬, Vivo🥃, Trattoria🍝, Master Dog🐶, Bresler🍧 y Pancho Villa🌯, entre otras.
Somos una Compañía donde nos mueve la innovación, el respeto por las personas y la pasión por el trabajo bien hecho y queremos invitarte a postular al cargo de Ingeniero de Procesos.
Buscamos a personas con formación en las carreras Ingeniería civil Industrial, química, en Alimentos o afín. Deseable con 1 a 2 años de experiencia en el área.
Misión🌟
Analizar y evaluar la elaboración e implementación de proyectos de nuevos procesos, productos o modificaciones de los actuales, con el fin de contribuir en el desarrollo de mejoras en los procesos productivos, según costos, calidad y seguridad definidos.
¿Qué tienes que hacer?📘🖋
Evaluar y supervisar la ejecución de los procesos de producción, monitoreando continuamente las medidas de seguridad de los alimentos.
Realizar procedimientos estableciendo la secuencia de tareas para la ejecución de trabajos, identificando riesgos asociados a las tareas, definiendo acciones que minimicen dichos riesgos e incorporando cambios tecnológicos, acciones de mejoramiento continuo y normativa de riesgo, ambiente y calidad.
Diseñar, evaluar e implementar alternativas de optimización y cambios en procesos productivos, analizando condiciones de proceso, calidad y costo.
Tenemos distintos beneficios para ti🎁🎉
Casino.
Buses de acercamiento.
Seguro complementario, de vida entre otros
Descuento en productos.
Gym y canchas deportivas.
Reajuste por IPC.
Estabilidad laboral y buen ambiente laboral.
Entre muchos más que te invitamos a descubrir.",1,"Contar con formación Ingeniería civil Industrial, química, en Alimentos o afín.
Deseable con 1 a 2 años de experiencia.
Manejo de Microsoft Excel, nivel Intermedio.
Inglés Intermedio.
Deseable manejo de SAP."
Ayudante de Logística Bodega de Frío - San Bernardo,Otra Área,"San Bernardo, Metropolitana de Santiago",San Bernardo,Metropolitana de Santiago,2026-06-03,6077427,carozzi,2026-07-17,2026-08-03,0.4028,Ayudante,Jornada Completa,Cantabria,Media,Chile,2 años,2026-02-08,https://carozzi.trabajando.cl/trabajo-empleo/ayudante-de-logistica-bodega-de-frio-san-bernardo/trabajo/6077427,🚛 ¡Buscamos Ayudante de Logística...,"🚛 ¡Buscamos Ayudante de Logística San Bernardo!
Estamos en búsqueda de un/a Ayudante de Logística para integrarse a una de nuestras bodegas ubicadas en Keylogistics, San Bernardo. La operación contempla ambientes de bodega secos y congelados. Si tienes experiencia en operaciones logísticas, bodegas de frío o cámaras de congelación, y te interesa desarrollarte en un entorno dinámico, ¡esta oportunidad es para ti!
🔎 Principales funcionesApoyar la gestión logística de la bodega en ambientes de temperatura controlada, incluyendo cámaras de frío (hasta -23 °C) y zonas secas, realizando tareas como picking, orden y mantenimiento de la bodega.
Ejecutar funciones administrativas propias de la operación, como revisión de facturas, registros y documentación.
Conciliar los datos de ingresos y salidas en el sistema operativo.
Gestionar y dar respuesta a requerimientos y solicitudes de abastecimiento.
Controlar la correcta recepción de productos de proveedores y clientes, verificando su estado y rechazando aquellos que no cumplan con los estándares.
Participar en inventarios periódicos y controles internos.
Importante: Todas las funciones se desarrollan tanto en ambientes de frío (alrededor de -23 °C) como en zonas no refrigeradas, por lo que se requiere disponibilidad para trabajar en estas condiciones.",1,"Formación Técnico Profesional en Logística, Administración o carrera afín.
Al menos 2 años de experiencia en funciones de operaciones logísticas (picking, orden de bodega, manejo de pallets, preparación de pedidos, entre otras) y/o funciones administrativas relacionadas.
Deseable experiencia trabajando en cámaras de frío o ambientes de congelación (alrededor de -23 °C), considerando que deberá realizar tareas como picking, inventarios y otras funciones dentro de dichas condiciones.
Manejo de herramientas informáticas y sistemas de gestión logística (deseable)."
Analista de Calidad   Empresa de Alimentos | Huechuraba,Otra Área,"Huechuraba, Metropolitana de Santiago",Huechuraba,Metropolitana de Santiago,2026-06-02,6077101,carozzi,2026-07-17,2026-08-02,0.429,Analista,Jornada Completa,Emporio La Rosa,Técnico profesional superior,Chile,1 años,2026-01-08,https://carozzi.trabajando.cl/trabajo-empleo/analista-de-calidad-empresa-de-alimentos-huechuraba/trabajo/6077101,La misión de esta persona será asegurar...,"La misión de esta persona será asegurar que nuestros productos cumplan con los más altos estándares de calidad e inocuidad, mediante el monitoreo de los procesos, el cumplimiento de BPM y normativa vigente, y el apoyo constante a la mejora continua.
📋Funciones principales:
Monitoreo del cumplimiento de Buenas Prácticas de Manufactura (BPM).
Control de recepción y despacho de materias primas y productos terminados.
Supervisión de procesos productivos y monitoreo de programas prerrequisitos (POES/POE).
Verificación y validación de Puntos Críticos de Control (PCC).
Realización de inspecciones en planta y gestión de no conformidades.
Verificación del cumplimiento de la normativa sanitaria vigente.
Toma de muestras en proceso y de producto terminado.
Ejecución de muestreos y análisis microbiológicos en laboratorio.
Preparación y apoyo en auditorías internas y externas.
Capacitación e inducción de nuevos colaboradores en BPM.",1,"Título profesional de Tecnólogo en Alimentos o carrera afín.
Al menos 1 año de experiencia en funciones similares.
Al menos 1 año de experiencia trabajando en Buenas Prácticas de Manufactura (BPM) y normativa sanitaria vigente.
Manejo de herramientas Office nivel básico.
Disponibilidad para trabajar de manera 100% presencial."
Analista de Calidad para Empresa de Alimentos - Huechuraba,Otra Área,"Huechuraba, Metropolitana de Santiago",Huechuraba,Metropolitana de Santiago,2026-06-02,6077096,carozzi,2026-07-17,2026-08-02,0.4266,Analista,Jornada Completa,Emporio La Rosa,Técnico profesional superior,Chile,1 años,2026-01-08,https://carozzi.trabajando.cl/trabajo-empleo/analista-de-calidad-para-empresa-de-alimentos-huechuraba/trabajo/6077096,La misión de esta persona será asegurar...,"La misión de esta persona será asegurar que nuestros productos cumplan con los más altos estándares de calidad e inocuidad, mediante el monitoreo de los procesos, el cumplimiento de BPM y normativa vigente, y el apoyo constante a la mejora continua.
📋Funciones principales:
Monitoreo del cumplimiento de Buenas Prácticas de Manufactura (BPM).
Control de recepción y despacho de materias primas y productos terminados.
Supervisión de procesos productivos y monitoreo de programas prerrequisitos (POES/POE).
Verificación y validación de Puntos Críticos de Control (PCC).
Realización de inspecciones en planta y gestión de no conformidades.
Verificación del cumplimiento de la normativa sanitaria vigente.
Toma de muestras en proceso y de producto terminado.
Ejecución de muestreos y análisis microbiológicos en laboratorio.
Preparación y apoyo en auditorías internas y externas.
Capacitación e inducción de nuevos colaboradores en BPM.",1,"Título profesional de Tecnólogo en Alimentos o carrera afín.
Al menos 1 año de experiencia en funciones similares.
Al menos 1 año de experiencia trabajando en Buenas Prácticas de Manufactura (BPM) y normativa sanitaria vigente.
Manejo de herramientas Office nivel básico.
Disponibilidad para trabajar de manera 100% presencial."
Administrador/a de Local - Emporio La Rosa - Curicó,Otra Área,"Curicó, Maule",Curicó,Maule,2026-06-02,6076994,carozzi,2026-07-17,2026-08-02,0.4235,Administrador,Jornada Completa,Emporio La Rosa,Técnico medio/ colegio técnico,Chile,2 años,2026-01-08,https://carozzi.trabajando.cl/trabajo-empleo/administrador-a-de-local-emporio-la-rosa-curico/trabajo/6076994,🎯 Misión del cargo Liderar la operación...,"🎯 Misión del cargo
Liderar la operación integral del local, asegurando una gestión eficiente de recursos, un equipo motivado y una experiencia de cliente de excelencia. Será responsable de coordinar las áreas administrativas y financieras del local, manteniendo altos estándares de servicio, orden y cumplimiento de metas.
🚀Funciones principales:
Controlar ventas, gastos y rendición de caja.
Liderar al equipo: turnos, asistencia y clima laboral.
Supervisar la operación diaria del local.
Gestionar inventarios y abastecimiento.
Asegurar una atención al cliente de excelencia.",1,"🎯 Misión del cargo
Liderar la operación integral del local, asegurando una gestión eficiente de recursos, un equipo motivado y una experiencia de cliente de excelencia. Será responsable de coordinar las áreas administrativas y financieras del local, manteniendo altos estándares de servicio, orden y cumplimiento de metas.
🚀Funciones principales:
Controlar ventas, gastos y rendición de caja.
Liderar al equipo: turnos, asistencia y clima laboral.
Supervisar la operación diaria del local.
Gestionar inventarios y abastecimiento.
Asegurar una atención al cliente de excelencia."
Ingeniero de Proyectos Industriales ,Otra Área,"Sagrada Familia, Maule",Sagrada Familia,Maule,2026-05-29,6075906,carozzi,2026-07-17,2026-07-29,0.3554,Otro Profesional,Jornada Completa,Empresas Carozzi S.A.,Universitaria,Chile,5 años,2026-07-28,https://carozzi.trabajando.cl/trabajo-empleo/ingeniero-de-proyectos-industriales/trabajo/6075906,"En Carozzi nos mueve hacer las cosas bien, para que todos podamos compartir y disfrutar en un mejor entorno, y es por ello que desde hace más de 127 años estamos ...","En Carozzi nos mueve hacer las cosas bien, para que todos podamos compartir y disfrutar en un mejor entorno, y es por ello que desde hace más de 127 años estamos  presentes en el mercado con más de 100 marcas como Costa, Ambrosoli, Vivo, Trattoria, Master Dog, Bresler y Pancho Villa, entre otras.
Somos una Compañía donde vivimos la innovación, la pasión por el trabajo bien hecho y el respeto por las personas, valorando la diversidad e inclusión, porque creemos que  nuestras diferencias nos enriquecen como organización.
¡Un nuevo desafío te espera! 🚀
😊 Para una trabajar en nuestro Centro Industrial ubicado en Lontué, buscamos Ingeniero de Proyectos Industriales Sr. Buscamos a persona con formación universitaria en  Ingeniería Civil Eléctrica, Electrónica o afines. Idealmente con 5 años de experiencia en cargo similar.
Misión🌟
Responsable de programar y evaluar proyectos del área eléctrica principalmente, para la mantención de los servicios y maquinarias con el fin de contribuir a la continuidad,  seguridad y optimización de procesos y equipos de la Planta.
¿Qué tienes que hacer? 🖋
Asesorar técnicamente a las diferentes áreas y plantas en lo que concierne a proyectos relacionados a las áreas de mecánica, eléctrica, electrónica y automatización.
Coordinar la contratación de empresas proveedoras, estableciendo el alcance técnico de los procesos de licitación.
Supervisar la ejecución de los trabajos realizados por las empresas contratistas.
Realizar las funciones que sean necesarias, producto de la ocurrencia de situaciones excepcionales que alteren el curso normal del proceso administrativo del área, junto  con aquellas que, según la práctica, naturaleza o descripción respectiva, corresponden a dicho cargo.
Tenemos distintos beneficios para ti🎁🎉
Casino.
Buses de acercamiento.
Seguro complementario, de vida, entre otros.
Descuento en productos.
Gym y canchas deportivas.
Reajuste por IPC.
Estabilidad laboral y buen ambiente laboral.",1,"Es necesario que cuentes con:
Formación profesional en Ingeniería Civil Eléctrica, Electrónica o afines (excluyente).
5 o más años en cargo similar.
Experiencia en industria alimentaria (deseable).
Inglés (deseable).
Manejo de SAP y Microsoft Project (deseable)."
Jefe/a de Local - Viña del Mar,Otra Área,"Viña del Mar, Valparaíso",Viña del Mar,Valparaíso,2026-05-25,6073764,carozzi,2026-07-17,2026-07-25,0.3631,Jefe Área/Sección/Depto./Local,Jornada Completa,Bonafide,Técnico profesional superior,Chile,3 años,2026-07-24,https://carozzi.trabajando.cl/trabajo-empleo/jefe-a-de-local-vina-del-mar/trabajo/6073764,En Cantabria trabajamos con marcas...,"En Cantabria trabajamos con marcas que seguro conoces y disfrutas: Bonafide , Palettas 🍡, Emporio La Rosa 🍨, Cory 🍰 y Le Fournil 🥖, entre muchas otras.
Con más de 120 locales en todo Chile y siempre creciendo, somos una empresa líder en el rubro y queremos invitarte a ser parte de nuestro equipo. 💫
Si te apasiona entregar un buen servicio y buscas un lugar donde crecer, ¡te estamos esperando! 🙌
Ubicación: Le Fournil La Foresta
💼 ¿Qué harás en este rol?
Gestionar la operación completa del local, asegurando estándares de calidad, limpieza y presentación.
Liderar y motivar al equipo, organizando turnos, supervisando asistencia y fomentando un ambiente colaborativo.
Controlar la gestión financiera, monitoreando ventas, gastos y rentabilidad.
Administrar inventarios y abastecimiento, evitando quiebres y pérdidas.
Asegurar una experiencia de cliente memorable, resolviendo requerimientos y cuidando cada detalle.
🌟 ¿Qué ofrecemos?
Ser parte de una empresa sólida, con proyección y marcas reconocidas.
Ambiente dinámico, donde tu liderazgo marca la diferencia.
📍Si estás listo/a para dar el siguiente paso en tu carrera y liderar un equipo que vibra con el servicio, ¡queremos conocerte!",1,"Titulado/a en Administración de Empresas o carrera afín.
Experiencia comprobable de al menos 3 años liderando equipos de trabajo de retail gastronómico
Experiencia comprobable de al menos 1 año en gestión de personas, costos y abastecimiento/inventario.
Manejo intermedio de Microsoft Office y Outlook.
Perfil organizado, resolutivo, ágil y con excelente manejo numérico."
Capacitador Barista - Santiago,Otra Área,"Ñuñoa, Metropolitana de Santiago",Ñuñoa,Metropolitana de Santiago,2026-05-22,6073030,carozzi,2026-07-17,2026-07-22,0.3849,Asistente,Jornada Completa,Cory,Media,Chile,1 años,2026-07-21,https://carozzi.trabajando.cl/trabajo-empleo/capacitador-barista-santiago/trabajo/6073030,En Cantabria trabajamos junto a marcas...,"En Cantabria trabajamos junto a marcas que seguro conoces y disfrutas día a día: L'angolo 🍞, Palettas 🍡, Emporio La Rosa 🍨, Cory 🍰, Le Fournil 🥖, Bresler 🍦 y Bonafide .
Con más de 120 locales a lo largo de Chile y un crecimiento constante, nos hemos consolidado como una empresa líder en el rubro gastronómico. Nuestro propósito es llevar experiencias memorables a cada cliente, combinando sabor, calidad y dedicación.
Hoy queremos invitarte a ser parte de este camino.
Únete a Cantabria y construyamos juntos el futuro de la gastronomía. 💫
🎯Descripción del puesto
Capacitar equipos de locales propios y franquiciados en preparación de café y uso de máquinas.
Formar a nuevos colaboradores que se integren a las distintas marcas.
Diseñar y desarrollar material de apoyo para capacitaciones (manuales, guías, videos, etc.).
Realizar capacitaciones en escuela interna y en locales, tanto dentro como fuera de Santiago.
Enseñar preparaciones de barra: café caliente, café helado, bebidas frías, milkshakes, entre otros.",1,"Experiencia mínima de 1 año como barista en barra tradicional y manejo en preparación de café y bebidas de barra (excluyente)
Excelentes habilidades comunicacionales y capacidad de enseñanza (excluyente)
Disponibilidad para trabajo 100% presencial en distintas comunas de la RM y para viajar dentro y fuera de la región (excluyente)
Curso o certificación de barista (deseable)
Experiencia con máquinas de café Faema o Prestige (deseable)
Experiencia en atención de clientes (deseable)
Experiencia previa capacitando equipos o compañeros de trabajo (deseable)"
Asistente de Capacitación - Barista Experto - Santiago,Otra Área,"Ñuñoa, Metropolitana de Santiago",Ñuñoa,Metropolitana de Santiago,2026-05-22,6073025,carozzi,2026-07-17,2026-07-22,0.3532,Asistente,Jornada Completa,Bonafide,Media,Chile,1 años,2026-07-21,https://carozzi.trabajando.cl/trabajo-empleo/asistente-de-capacitacion-barista-experto-santiago/trabajo/6073025,En Cantabria trabajamos junto a marcas...,"En Cantabria trabajamos junto a marcas que seguro conoces y disfrutas día a día: L'angolo 🍞, Palettas 🍡, Emporio La Rosa 🍨, Cory 🍰, Le Fournil 🥖, Bresler 🍦 y Bonafide .
Con más de 120 locales a lo largo de Chile y un crecimiento constante, nos hemos consolidado como una empresa líder en el rubro gastronómico. Nuestro propósito es llevar experiencias memorables a cada cliente, combinando sabor, calidad y dedicación.
Hoy queremos invitarte a ser parte de este camino.
Únete a Cantabria y construyamos juntos el futuro de la gastronomía. 💫
🎯Descripción del puestoCapacitar equipos de locales propios y franquiciados en preparación de café y uso de máquinas.
Formar a nuevos colaboradores que se integren a las distintas marcas.
Diseñar y desarrollar material de apoyo para capacitaciones (manuales, guías, videos, etc.).
Realizar capacitaciones en escuela interna y en locales, tanto dentro como fuera de Santiago.
Enseñar preparaciones de barra: café caliente, café helado, bebidas frías, milkshakes, entre otros.",1,"Experiencia mínima de 1 año como barista en barra tradicional y manejo en preparación de café y bebidas de barra (excluyente)
Excelentes habilidades comunicacionales y capacidad de enseñanza (excluyente)
Disponibilidad para trabajo 100% presencial en distintas comunas de la RM y para viajar dentro y fuera de la región (excluyente)
Curso o certificación de barista (deseable)
Experiencia con máquinas de café Faema o Prestige (deseable)
Experiencia en atención de clientes (deseable)
Experiencia previa capacitando equipos o compañeros de trabajo (deseable)"
