title,team,location,city,state,posted_date,job_id,source,first_seen_date,last_seen_date,semantic_similarity,job_category,worker_type,schedule_type,company_name,education,country,experience_level,application_deadline,url,description_short,description,requirements
Operario de Patio Manantial - Antofagasta,Otra Área,"Antofagasta, Antofagasta, Chile",Antofagasta,Antofagasta,2026-09-04,6121603,ccu,2026-09-06,2026-09-06,0.3629,Operario,,Jornada Completa,CCU,Media,Chile,0,2026-11-03,https://www.trabajaenccu.cl/trabajo/6121603-operario-de-patio-manantial-antofagasta,,"En CCU nos apasiona crear experiencias para compartir juntos un mejor vivir!
Con una amplia gama de marcas de bebestibles y experiencias, mejoramos y acompañamos distintos momentos de la vida, guiados por nuestros principios, en beneficio de las personas con las que nos relacionamos y el cuidado del medio ambiente.
Actualmente estamos buscando a un/a Operario/a de Producción para desempeñarse en nuestra planta Manantial de Antofagasta.
Principales Funciones
Asegurar la Operatividad de Maquinaria y Producción: Operar, abastecer y mantener en correcto estado los equipos de la línea (soplado, producción de vasos, lavado, etiquetado y llenado de botellones). Ejecutar controles de proceso y verificación de insumos para garantizar la continuidad operativa, la eficiencia y la ausencia de elementos extraños en el producto final.
Mantenimiento Autónomo y Gestión de Desviaciones: Realizar tareas de mantenimiento autónomo, apoyar cambios de formato oportunos y reportar de manera inmediata cualquier falla o desviación en el funcionamiento de la maquinaria para evitar interrupciones en la línea.
Conservación del Orden, Limpieza y Sanitización: Ejecutar labores de orden, limpieza y sanitización del área bajo los procedimientos del Sistema Integrado de Gestión (SIG) y protocolos de la empresa, garantizando la inocuidad del producto y el cumplimiento de la normativa nacional aplicable.
Cumplimiento de Calidad, HACCP y Buenas Prácticas (BPM): Llevar a cabo los controles y registros obligatorios del sistema HACCP y licencias de la planta, asegurando la inocuidad y estándares de calidad en cada etapa de la producción.
Seguridad, Salud Ocupacional y Mejora Continua: Cumplir rigurosamente con el Reglamento Interno de Higiene y Seguridad, utilizar el EPP asignado y participar activamente en el Pilar de Seguridad y herramientas TPM (5S, hallazgos, auditorías y capacitaciones) para resguardar la salud propia y del equipo.","Requisitos:
Formación: Enseñanza media completa
Experiencia: Desde 1 año en operación de líneas de producción, idealmente en industria de alimentos o bebestibles.
Conocimientos: BPM, normas básicas de higiene y seguridad industrial."
Supervisor/a de Control y Gestión - San Bernardo,Otra Área,"San Bernardo, Metropolitana de Santiago, Chile",San Bernardo,Metropolitana de Santiago,2026-09-04,6118062,ccu,2026-09-06,2026-09-06,0.4063,Otro Profesional,,Jornada Completa,CCU,Universitaria,Chile,1,2026-10-25,https://www.trabajaenccu.cl/trabajo/6118062-supervisor-a-de-control-y-gestion-san-bernardo,,"¡En CCU nos apasiona crear experiencias para compartir juntos un mejor vivir!
Con una amplia gama de marcas de bebestibles y experiencias, mejoramos y acompañamos distintos momentos de la vida, guiados por nuestros principios, en beneficio de las personas con las que nos relacionamos y el cuidado del medio ambiente.
Estamos buscando a un Supervisor/a de Control y Gestión, para desempeñar sus funciones en nuestro Centro de Distribución ubicado en San Bernardo.
Dentro de sus principales funciones se encuentran:
Gestión y Control Presupuestario
Gestionar Ordenes de Compras en SA
Analizar desviaciones en cuentas e indicadores
Reclasificar y provisionar gastos
Elaborar Presupuestos
Implementar mejoras a pilares TPM
Elaborar Paneles y eficientar tareas usando IA.
Requisitos:
Título en Ingenería en Control gestión, Ingeniería Comercial, Ingeniería Civil Industrial, Ingeniería en Administración de Empresas.
Entre 1-3 años de experiencia.
Manejo de Office (Excel intermedio, Power Point, Word)
Power BI
SAP
Herramientas de Google
Nuestro SER CCU nos inspira a trabajar con aceptación y respeto a las diferencias de las personas, promoviendo un entorno diverso e integrador, para así contribuir a un mejor vivir. Por esto, te agradecemos que nos compartas si necesitas adaptación en alguna etapa del proceso de postulación.
¡Te invitamos a SER CCU!","Requisitos:
Título en Ingenería en Control gestión, Ingeniería Comercial, Ingeniería Civil Industrial, Ingeniería en Administración de Empresas.
Entre 1-3 años de experiencia.
Manejo de Office (Excel intermedio excluyente, avanzado deseable; Power Point, Word)
Manejo de Power BI (deseable)
Manejo de SAP (deseable)
Manejo de herramientas de Google"
Electromecánico/a - Manantial - Quilicura,Otra Área,"Quilicura, Metropolitana de Santiago, Chile",Quilicura,Metropolitana de Santiago,2026-09-03,6114498,ccu,2026-09-06,2026-09-06,0.3349,Técnico,,Por Turnos,CCU,Técnico medio/ colegio técnico,Chile,0,2026-10-17,https://www.trabajaenccu.cl/trabajo/6114498-electromecanico-a-manantial-quilicura,,"¡En CCU nos apasiona crear experiencias para compartir juntos un mejor vivir!
Nos encontramos en búsqueda de un/a Electromecánico/a para desempeñarse en nuestra unidad de negocio, Manantial, para desempeñarse en nuestra planta de Manantial ubicada en Quilicura.
Principales Funciones:
Ejecutar mantención preventiva y correctiva de maquinaria e infraestructura de la Planta, según normativa y procedimientos internos, asegurando el óptimo funcionamiento de los equipos.
Registrar las tareas de mantención realizadas conforme al plan definido, aportando a la gestión eficiente y productiva del área.
Mantener el orden y limpieza del área de trabajo, cumpliendo con los protocolos de seguridad y salud ocupacional.
Requisitos:
Título Técnico Medio o Técnico Superior en Electromecánica, Electricidad, Mantenimiento Industrial, Electricidad y Automatización o carrera afín.
Entre 0-2 años de experiencia en cargos similares.
Conocimientos en electricidad, mecánica, neumática.
Deseable conocimientos en soldadura.
Este cargo tiene una modalidad por turnos.
Turnos:
Turno mañana (lunes a sábado): de 7:00 am a 14:00 pm.
Turno tarde (lunes a viernes): 14:00 pm a 23:00 pm.
Turno noche (lunes a viernes): 23:00 pm a 7:00 am, con ingreso a las 00:15hrs los lunes.
Nuestro SER CCU nos inspira a trabajar con aceptación y respeto a las diferencias de las personas, promoviendo un entorno diverso e integrador, para así contribuir a un mejor vivir. Por esto, te agradecemos que nos compartas si necesitas adaptación en alguna etapa del proceso de postulación.
¡Te invitamos a Ser CCU!","Requisitos:
Título Técnico Medio o Técnico Superior en Electromecánica, Electricidad, Mantenimiento Industrial, Electricidad y Automatización o carrera afín.
Entre 0-2 años de experiencia en cargos similares.
Conocimientos en electricidad, mecánica, neumática.
Deseable conocimientos en soldadura."
Jefe/a Revenue Management Cervezas,Otra Área,"Las Condes, Metropolitana de Santiago, Chile",Las Condes,Metropolitana de Santiago,2026-09-02,6120391,ccu,2026-09-06,2026-09-06,0.473,Jefe Área/Sección/Depto./Local,,Jornada Completa,CCU,Universitaria,Chile,2,2026-11-01,https://www.trabajaenccu.cl/trabajo/6120391-jefe-a-revenue-management-cervezas,,"¡En CCU nos apasiona crear experiencias para compartir juntos un mejor vivir!
Nos encontramos en búsqueda de nuestro próximo/a Jefe/a Revenue Management Cervezas para desempeñarse en nuestro edificio corporativo ubicado en Av. Vitacura 2670, Las Condes.
Principales Funciones:
Liderar estrategia de precios y cumplimiento de metas de rentabilidad de la categoría.
Gestionar promociones y descuentos, asegurando su retorno y efectividad.
Liderar gestión del mix, generando nuevos procesos para capturar valor desde el portafolio, además de racionalización y gestión de liquidaciones.
Impulsar proyectos y mejoras para modernizar Revenue Management.
Desarrollar análisis e inteligencia de negocio para apoyar la toma de decisiones.
Coordinar con las distintas áreas comerciales para asegurar una gestión integrada del negocio.
Requisitos:
Título de Ingeniería Civil Industrial o Ingeniería Comercial.
Al menos 2 años de experiencia en áreas financieras, comerciales o pricing.
Manejo de herramientas de visualización y análisis de datos, como Excel, Data Studio, SQL o similares.
Disponibilidad para trabajar de manera 100% presencial en Las Condes.
Nuestro SER CCU nos inspira a trabajar con aceptación y respeto a las diferencias de las personas, promoviendo un entorno diverso e integrador, para así contribuir a un mejor vivir. Por esto, te agradecemos que nos compartas si necesitas adaptación en alguna etapa del proceso de postulación.
¡Te invitamos a SER CCU!","Requisitos:
Título de Ingeniería Civil Industrial o Ingeniería Comercial.
Al menos 2 años de experiencia en áreas financieras, comerciales o pricing.
Manejo de herramientas de visualización y análisis de datos, como Excel, Data Studio, SQL o similares.
Disponibilidad para trabajar de manera 100% presencial en Las Condes."
Ingeniero/a de Gestión - Temuco,Otra Área,"Temuco, La Araucanía, Chile",Temuco,La Araucanía,2026-09-01,6120144,ccu,2026-09-06,2026-09-06,0.4327,Ingeniero,,Jornada Completa,CCU,Universitaria,Chile,2,2026-11-01,https://www.trabajaenccu.cl/trabajo/6120144-ingeniero-a-de-gestion-temuco,,"¡En CCU nos apasiona crear experiencias para compartir juntos un mejor vivir!
Nos encontramos en búsqueda de un/a Ingeniero/a de Gestión para desempeñarse en nuestra planta en Temuco.
Principales funciones:
Consolidar y analizar datos provenientes de distintas áreas de la planta.
Elaborar reportería y dar seguimiento a indicadores monetarios y de eficiencia.
Coordinar con las áreas la entrega oportuna de información y apoyarlas en el análisis de sus datos.
Implementar mejoras en terreno en torno al uso y comprensión de los datos entregados.
Requisitos:
Título de Ingeniería Civil Industrial, o afines.
Alrededor de 2 años de experiencia laboral en cargos similares.
Manejo de Excel intermedio (excluyente).
Manejo de SAP (deseable).
Manejo de Looker Studio (deseable).
Manejo de Power Bi (deseable).
Disponibilidad para trabajar de forma 100% presencial en Temuco.
Nuestro SER CCU nos inspira a trabajar con aceptación y respeto a las diferencias de las personas, promoviendo un entorno diverso e integrador, para así contribuir a un mejor vivir. Por esto, te agradecemos que nos compartas si necesitas adaptación en alguna etapa del proceso de postulación.
¡Te invitamos a SER CCU!","Título de Ingeniería Civil Industrial, o afines.
Alrededor de 2 años de experiencia laboral en cargos similares.
Manejo de Excel intermedio (excluyente).
Manejo de SAP (deseable).
Manejo de Looker Studio (deseable).
Manejo de Power Bi (deseable).
Disponibilidad para trabajar de forma 100% presencial en Temuco."
Administrativo/a de Sucursal - Manantial - Castro,Otra Área,"Castro, Los Lagos, Chile",Castro,Los Lagos,2026-09-01,6116834,ccu,2026-09-06,2026-09-06,0.447,Administrativo,,Jornada Completa,Manantial,Técnico medio/ colegio técnico,Chile,2,2026-10-23,https://www.trabajaenccu.cl/trabajo/6116834-administrativo-a-de-sucursal-manantial-castro,,"¡En CCU nos apasiona crear experiencias para compartir juntos un mejor vivir!
Nos encontramos en búsqueda de un/a Administrativo/a de Sucursal, para desempeñarse en nuestra unidad de negocio de Manantial, en Castro.
Principales funciones:
Ordenar las rutas de reparto y realizar monitoreo de camiones en ruta.
Manejar cuadraturas de dinero, caja chica, depósitos bancarios, cuadratura de camiones y recepción de pagos vía transferencia.
Administrar órdenes de compra de clientes, coordinar retiros de servicio solicitados por clientes, y realizar preventa contactando a clientes activos.
Programar abastecimiento con planta.
Gestionar tickets de servicio técnico.
Atender a clientes que ingresan a la sucursal.
Requisitos:
Título de Técnico en administración de empresas o de Ingeniería en administración de empresas, o carreras afines.
Desde 2 años de experiencia en cargos administrativos.
Disponibilidad para trabajar en Castro de manera 100% presencial.
Excel nivel intermedio (excluyente).
Manejo en SAP u otro ERP (deseable).
Nuestro SER CCU nos inspira a trabajar con aceptación y respeto a las diferencias de las personas, promoviendo un entorno diverso e integrador, para así contribuir a un mejor vivir. Por esto, te agradecemos que nos compartas si necesitas adaptación en alguna etapa del proceso de postulación.
¡Te invitamos a SER CCU!","Título de Técnico en administración de empresas o de Ingeniería en administración de empresas, o carreras afines.
Desde 2 años de experiencia en cargos administrativos.
Disponibilidad para trabajar en Castro de manera 100% presencial.
Excel nivel intermedio (excluyente).
Manejo en SAP u otro ERP (deseable)."
Desarrollador de Punto de Venta (PDV) - Santiago,Otra Área,"Santiago, Metropolitana de Santiago, Chile",Santiago,Metropolitana de Santiago,2026-08-27,6118282,ccu,2026-09-06,2026-09-06,0.3885,Otro Profesional,,En terreno,CCU,Técnico medio/ colegio técnico,Chile,2,2026-10-26,https://www.trabajaenccu.cl/trabajo/6118282-desarrollador-de-punto-de-venta-pdv-santiago,,"¡En CCU nos apasiona crear experiencias para compartir juntos un mejor vivir!
Nos encontramos en búsqueda de un Desarrollador/a de Punto de Venta (PDV) para nuestra Gerencia de Ventas Supermercado.
El propósito del cargo consiste en ejecutar correctamente el punto de ventas en cuanto a asegurar la presencia de productos en góndola o frío, implementar cartelería promocional y material POP, implementar layout definido, realizar limpieza y orden de productos. Detectar y capturar oportunidades comerciales en los locales donde la generación de pedidos es automática.
Principales Funciones:
Reponer producto desde bodega de local hacia góndola o frío; coordinar despacho de pedido en cada punto de ventas; realizar sugeridos de compra o ajustes de inventario con la finalidad de disponibilizar producto frente al shopper o consumidor de manera de aumentar las ventas y MS.
Solicitar a encargados de tienda el material recibido e implementarlo de acuerdo a lineamientos de la compañía/cliente, con la finalidad de visibilizar las campañas de cara al shopper/consumidor.
Reponer y exhibir los productos en góndola y frío de acuerdo a los espacios/caras definidos por el cliente o CCU, con el objetivo de asegurar presencia y visibilidad de productos en función de su rotación y/o foco determinados.
Analizar el punto de ventas en cuanto a generación de nuevos puntos de exhibición de productos CCU, con la finalidad de darle la oportunidad al shopper/consumidor de abastecerse de productos de la compañía desde distintas ubicaciones.
Revisar su herramienta de ruteo / ejecución para asegurarse de haber cumplido con su ruta diaria de clientes de manera de lograr una ejecución equilibrada entre los distintos locales e su ruta.
Mantener una correcta y fluída comunicación con los encargados de tienda, supervisores y reponedores de agencia y superiores con la finalidad de ir levantando todos los puntos que surjan en su ruta.
Requisitos:
Título de Técnico en Administración de empresas, o carreras afines.
2 años de experiencia en cargos similares.
Deseable experiencia laboral con puntos de venta.
Licencia de conducir vigente y contar movilización propia (excluyente).
Nivel de manejo de Excel intermedio.
Nuestro SER CCU nos inspira a trabajar con aceptación y respeto a las diferencias de las personas, promoviendo un entorno diverso e integrador, para así contribuir a un mejor vivir. Por esto, te agradecemos que nos compartas si necesitas adaptación en alguna etapa del proceso de postulación.
¡Te invitamos a SER CCU!","Título de Técnico en Administración de empresas, o carreras afines.
2 años de experiencia en cargos similares.
Deseable experiencia laboral con puntos de venta.
Licencia de conducir vigente y contar movilización propia (excluyente).
Nivel de manejo de Excel intermedio."
Operador de Suministros - Renca,Otra Área,"Renca, Metropolitana de Santiago, Chile",Renca,Metropolitana de Santiago,2026-08-27,6102339,ccu,2026-07-16,2026-09-06,0.41,Operario,,Por Turnos,CCU,Técnico profesional superior,Chile,1,2026-09-13,https://www.trabajaenccu.cl/trabajo/6102339-operador-de-suministros-renca,,"¡En CCU nos apasiona crear experiencias para compartir juntos un mejor vivir!
Con una amplia gama de marcas de bebestibles y experiencias, mejoramos y acompañamos distintos momentos de la vida, guiados por nuestros principios, en beneficio de las personas con las que nos relacionamos y el cuidado del medio ambiente.
Actualmente nos encontramos en búsqueda de un Operador de Suministros para desempeñarse en nuestra planta ubicada en Renca.
Principales funciones:
Procesos Suministros: Operar técnicamente los procesos y máquinas del área de suministros auxiliares (combustibles, energía, agua, CO2, entre otros), garantizando la confiabilidad y eficiencia de los servicios entregados.
Realizar y registrar análisis químicos y físicos a los productos (aguas, aire, vapor, CO2, refrigeración, N2), manteniendo evidencias registrables para la continuidad del proceso.
Mantención: Planificar y ejecutar las mantenciones a los equipos de procesos auxiliares y redes, diagnosticando defectos o fallas y generando planes e inspecciones preventivas.
Cumplir los procedimientos de calidad, realizando controles y registros del producto y del proceso productivo (First Time Right, retenciones, rechazos y reclamos).
Coordinar suministros, cortes y otros aspectos del proceso con las demás áreas para optimizar la entrega en calidad, cantidad y tiempo requerido.
TPM: Contribuir activamente a la resolución de problemas mediante 5S, Análisis 5PQ, Kaizen, Mejora Enfocada, Mantenimiento Autónomo y Control de Activos.
Seguridad: Cumplir el Reglamento Interno de Higiene y Seguridad, liderando mejoras (miniproyectos, buenas prácticas) en riesgos críticos del área.
Requisitos:
Técnico Superior en Mecánica, Electrónica, Electricidad, Automatización o carrera afín.
Desde 1 año de experiencia.
Conocimientos de BPM, TPM, cumplimiento legal ambiental y Office.
Certificado de operación de caldera DS10 (excluyente).
Nuestro SER CCU nos inspira a trabajar con aceptación y respeto a las diferencias de las personas, promoviendo un entorno diverso e integrador, para así contribuir a un mejor vivir. Por esto, te agradecemos que nos compartas si necesitas adaptación en alguna etapa del proceso de postulación.
¡Te invitamos a SER CCU!","Requisitos:
Formación: Técnico Superior en Mecánica, Electrónica, Electricidad, Automatización o carrera afín.
Experiencia: Desde 1 año de experiencia.
Conocimientos: BPM, TPM, cumplimiento legal ambiental y Office.
Otros: Certificado de operación de caldera DS10 (excluyente)."
Jefe Category Management Cervezas,Otra Área,"Las Condes, Metropolitana de Santiago, Chile",Las Condes,Metropolitana de Santiago,2026-08-27,6118597,ccu,2026-09-06,2026-09-06,0.4896,Jefe Área/Sección/Depto./Local,,Jornada Completa,CCU,Universitaria,Chile,4,2026-10-26,https://www.trabajaenccu.cl/trabajo/6118597-jefe-category-management-cervezas,,"¡En CCU nos apasiona crear experiencias para compartir juntos un mejor vivir!
Nos encontramos en búsqueda de nuestro próximo/a Jefe/a Category Management Cervezas para desempeñarse en nuestro edificio corporativo ubicado en Av. Vitacura 2670, Las Condes.
Principales Funciones:
Liderar la gestión de Category Management Omnicanal, asegurando una adecuada ejecución de las categorías en los distintos canales.
Impulsar el desarrollo de Beyond Beer y 0.0, identificando nuevas ocasiones de consumo y oportunidades de crecimiento.
Generar insights y análisis de categoría para apoyar la toma de decisiones comerciales.
Evaluar el impacto y retorno de campañas y promociones, identificando oportunidades de mejora.
Desarrollar capacidades de Category Management en la Fuerza de Ventas.
Requisitos:
Título de Ingeniería Civil Industrial o Ingeniería Comercial.
Al menos 4 años de experiencia en área comercial.
Manejo de herramientas de visualización y análisis de datos, como Power BI, Looker Studio o similares.
Disponibilidad para trabajar de manera 100% presencial en Las Condes.
Nuestro SER CCU nos inspira a trabajar con aceptación y respeto a las diferencias de las personas, promoviendo un entorno diverso e integrador, para así contribuir a un mejor vivir. Por esto, te agradecemos que nos compartas si necesitas adaptación en alguna etapa del proceso de postulación.
¡Te invitamos a SER CCU!","Requisitos:
Título de Ingeniería Civil Industrial o Ingeniería Comercial.
Al menos 4 años de experiencia en área comercial.
Manejo de herramientas de visualización y análisis de datos, como Power BI, Looker Studio o similares.
Disponibilidad para trabajar de manera 100% presencial en Las Condes."
Enólogo/a temporada 2027 -Zona Norte,Otra Área,"Coquimbo, Coquimbo, Chile",Coquimbo,Coquimbo,2026-08-26,6118076,ccu,2026-09-06,2026-09-06,0.3909,Otro Profesional,,En terreno,CCU,Técnico profesional superior,Chile,2,2026-10-25,https://www.trabajaenccu.cl/trabajo/6118076-enologo-a-temporada-2027-zona-norte,,"¡En Compañía Pisquera de Chile, empresa perteneciente al grupo de CCU, contamos con un amplio portafolio de productos que nos permiten crear experiencias para compartir juntos un mejor vivir!
Estamos buscando Enólogos/as para la temporada Enero 2027 para la Zona Norte del país. Si estás interesado y cuentas con disponibilidad para esa fecha, te invitamos a postular.
Principales funciones:
- Asegurar cada una de las etapas de la vinificación en los procesos pre, fermentativos y post.
- Asegurar la composición varietal de los vinos, siguiendo los procedimientos y especificaciones definidas, para lograr cumplir con las especificaciones químicas y organolépticas de los vinos.
- Supervisar el área de fermentación y reproducción de levadura, realizando órdenes de trabajo de aplicaciones y mezclas de vinos, entre otras.
- Capacitar a los operadores en los procedimientos definidos.
- Supervisar los controles de los procesos y llevar todos los registros al día.
- Planificar la capacidad de fermentación, su equipo de trabajo, turnos y actividades.
- Llevar al día los indicadores de desempeño.
- Realizar los análisis de mejora, para dar solución a los problemas que se generen, contribuyendo a la mejora y cumplimiento de los estándares establecidos.","- Carrera Técnica/Profesional; de Ingeniero Agrónomo, Técnico en Agronomía, o similares.
- Experiencia de al menos 3 Vendimia, idealmente 4-5.
- Conocimiento de la vinificación de vinos blancos.
- Residir en la zona por el periodo de apoyo.
- Conocimiento de excel al menos básico e ideal sobre intermedio.
¡Te invitamos a ser CCU!
Nuestro SER CCU nos inspira a trabajar con aceptación y respeto a las diferencias de las personas, promoviendo un entorno diverso e integrador, para así contribuir a un mejor vivir. Por esto, te agradecemos que nos compartas si necesitas adaptación en alguna etapa del proceso de postulación."
Analista Contable Trainee - Las Condes,Otra Área,"Las Condes, Metropolitana de Santiago, Chile",Las Condes,Metropolitana de Santiago,2026-08-26,6112578,ccu,2026-09-06,2026-09-06,0.4747,Analista,,Jornada Completa,CCU,Universitaria,Chile,1,2026-10-11,https://www.trabajaenccu.cl/trabajo/6112578-analista-contable-trainee-las-condes,,"¡En CCU nos apasiona crear experiencias para compartir juntos un mejor vivir!
Estamos en búsqueda de un/a Analista Contable Trainee para desempeñarse en nuestro edificio corporativo ubicado en la comuna de Las Condes.
Principales Funciones:
Revisión de estados financieros mensuales de forma analítica.
Registro de provisiones. 
Contrucción de flujo de efectivo. 
Presentaciones de estado financieros a los clientes asignados.
Realización de encuestas INE. 
Preparación de análisis de cuentas. 
Requisitos:
Título de Contador Auditor
Manejo de Excel nivel intermedio (excluyente).
Experiencia de 1 año en contabilidad (no excluyente).
Maneje SAP (no excluyente).
Nuestro SER CCU nos inspira a trabajar con aceptación y respeto a las diferencias de las personas, promoviendo un entorno diverso e integrador, para así contribuir a un mejor vivir. Por esto, te agradecemos que nos compartas si necesitas adaptación en alguna etapa del proceso de postulación.
¡Te invitamos a SER CCU!","Título de Contador Auditor
Manejo de Excel nivel intermedio (excluyente).
Experiencia de 1 año en contabilidad (no excluyente).
Maneje SAP (no excluyente)."
Arquitecto/a de Ciberseguridad - Las Condes,Otra Área,"Las Condes, Metropolitana de Santiago, Chile",Las Condes,Metropolitana de Santiago,2026-08-25,6099716,ccu,2026-07-16,2026-09-06,0.4584,Especialista,,Mixta (Teletrabajo + Presencial),CCU,Técnico profesional superior,Chile,2,2026-09-07,https://www.trabajaenccu.cl/trabajo/6099716-arquitecto-a-de-ciberseguridad-las-condes,,"¡En CCU nos apasiona crear experiencias para compartir juntos un mejor vivir!
Estamos en búsqueda de un/a Arquitecto/a de Ciberseguridad para desempeñarse en nuestro edificio corporativo ubicado en la comuna de Las Condes.
El propósito del cargo es diseñar e implementar la arquitectura de ciberseguridad para los entornos corporativos (IT) y servicios en la nube de la Compañía, mediante la aplicación de directrices de seguridad por diseño, modelos Zero Trust y marcos de trabajo globales. Todo ello con el fin de resguardar la continuidad operacional, mitigar riesgos técnicos, asegurar la confidencialidad de la información y potenciar la resiliencia tecnológica de CCU.
Principales funciones:
Elaborar y mantener la arquitectura de referencia de ciberseguridad para entornos TI, Cloud y nuevos proyectos, aplicando principios de seguridad por diseño, modelo Zero Trust y marcos internacionales como NIST CSF 2.0 e ISO 27001. 
Evaluar e integrar nuevas tecnologías y definir estándares de configuración segura, con el objetivo de reducir posibles puntos de entrada de ataques antes del despliegue en producción.. 
Realizar ejercicios de modelado de amenazas y revisiones de seguridad en los procesos de desarrollo, en coordinación con el Centro de Operaciones de Ciberseguridad. 
Brindar asesoría especializada a los equipos de infraestructura, desarrollo y operaciones, traduciendo los riesgos técnicos en impactos organizacionales para elevar el desempeño preventivo.
Evaluar la arquitectura actual con una mirada crítica y de mejora continua, identificando brechas y proponiendo diseños que fortalezcan la seguridad sobre ambientes on premise y en la nube (GCP). 
Elaborar reportes y métricas de madurez de seguridad para la Jefatura de Arquitectura y el CISO, proponer lineamientos de seguridad para tecnologías emergentes, como Inteligencia Artificial y criptografía post-cuántica.
Nuestro SER CCU nos inspira a trabajar con aceptación y respeto a las diferencias de las personas, promoviendo un entorno diverso e integrador, para así contribuir a un mejor vivir. Por esto, te agradecemos que nos compartas si necesitas adaptación en alguna etapa del proceso de postulación.
¡Te invitamos a SER CCU!","Requisitos:
Formación en Ingeniería en Informática, Ciberseguridad, Conectividad y Redes, Telemática o carrera afín.
Al menos 2 años de experiencia específica en funciones de arquitectura o diseño seguro, dentro de una trayectoria en ciberseguridad.
Conocimiento de marcos de trabajo y cumplimiento en ciberseguridad (NIST CSF, ISO 27001).
Manejo de arquitectura de ciberseguridad en ambientes de nube e híbridos, seguridad por diseño y modelos Zero Trust.
Experiencia en modelado de amenazas y seguridad en entornos DevSecOps.
Disponibilidad para desempeñarse de forma híbrida en Las Condes, con movilidad a nivel nacional
Experiencia previa en empresas industriales o productivas, con conocimiento de seguridad en entornos OT (ISA/IEC 62443, Modelo Purdue).
Manejo del ecosistema Google Cloud (GCP).Certificaciones como CISSP, GICSP, ISA/IEC 62443 o Cloud (deseable)"
Prevencionista de Riesgos - Salamanca - Temporada de Vendimia 2027,Otra Área,"Salamanca, Coquimbo, Chile",Salamanca,Coquimbo,2026-08-24,6116650,ccu,2026-09-06,2026-09-06,0.3717,Ingeniero,,Jornada Completa,CPCH,Técnico profesional superior,Chile,1,2026-10-23,https://www.trabajaenccu.cl/trabajo/6116650-prevencionista-de-riesgos-salamanca-temporada-de-vendimia-2027,,"¡En CCU nos apasiona crear experiencias para compartir juntos un mejor vivir!
Nos encontramos en búsqueda de un/a Prevencionista de Riesgos para sumarse a la Compañía Pisquera de Chile durante la temporada de vendimia, desempeñándose en nuestra planta de Salamanca.
Funciones:
Ejecutar los Planes de Acción correspondientes para cumplir con los objetivos de cero accidente, resguardando y velando por la seguridad de la organización, y bajo las normas y estándares de la compañía.
Ejecutar auditorías de seguridad, efectuando levantamiento de brecha y asegurando el correcto cierre de las desviaciones en tiempo y forma.
Realizar reuniones de seguridad a todo el equipo de planta, para establecer e identificar de manera preventiva los peligros y, con ello, evaluar los riesgos del programa de operaciones.
Efectuar y liderar la reunión semanal de Seguridad (Pilar SSMA).
Requisitos:
Título en Ingeniería de Prevencion de Riesgos o Técnico de Prevención de Riesgos.
Experiencia mínima de 1 año en gestión de seguridad, idealmente con experiencia trabajando en temporada de vendimia.
Disponibilidad para trabajar por alrededor de 3 meses en Salamanca, en la cuarta región.
Disponibilidad para trabajar en turnos rotativos.
Beneficios:
Casino en todas las plantas.
¡Te invitamos a Ser CCU!
Nuestro SER CCU nos inspira a trabajar con aceptación y respeto a las diferencias de las personas, promoviendo un entorno diverso e integrador. Si necesitas alguna adaptación en tu proceso de postulación, no dudes en informárnoslo.","Requisitos:
Título en Ingeniería de Prevencion de Riesgos o Técnico de Prevención de Riesgos.
Disponibilidad para trabajar por alrededor de 3 meses en Salamanca, en la cuarta región.
Experiencia mínima de 1 año en gestión de seguridad, idealmente con experiencia trabajando en temporada de vendimia."
Prevencionista de Riesgos - Sotaqui - Temporada de Vendimia 2027,Otra Área,"Monte Patria, Coquimbo, Chile",Monte Patria,Coquimbo,2026-08-24,6116648,ccu,2026-09-06,2026-09-06,0.3861,Ingeniero,,Jornada Completa,CPCH,Técnico profesional superior,Chile,1,2026-10-23,https://www.trabajaenccu.cl/trabajo/6116648-prevencionista-de-riesgos-sotaqui-temporada-de-vendimia-2027,,"¡En CCU nos apasiona crear experiencias para compartir juntos un mejor vivir!
Nos encontramos en búsqueda de un/a Prevencionista de Riesgos para sumarse a la Compañía Pisquera de Chile durante la temporada de vendimia, desempeñándose en nuestra planta de Ovalle (Sotaqui/Monte Patria).
Funciones:
Ejecutar los Planes de Acción correspondientes para cumplir con los objetivos de cero accidente, resguardando y velando por la seguridad de la organización, y bajo las normas y estándares de la compañía.
Ejecutar auditorías de seguridad, efectuando levantamiento de brecha y asegurando el correcto cierre de las desviaciones en tiempo y forma.
Realizar reuniones de seguridad a todo el equipo de planta, para establecer e identificar de manera preventiva los peligros y, con ello, evaluar los riesgos del programa de operaciones.
Efectuar y liderar la reunión semanal de Seguridad (Pilar SSMA).
Requisitos:
Título en Ingeniería de Prevencion de Riesgos o Técnico de Prevención de Riesgos.
Experiencia mínima de 1 año en gestión de seguridad, idealmente con experiencia trabajando en temporada de vendimia.
Disponibilidad para trabajar por alrededor de 3 meses en Sotaqui o Monte Patria, en la cuarta región.
Disponibilidad para trabajar en turnos rotativos.
¡Te invitamos a Ser CCU!
Nuestro SER CCU nos inspira a trabajar con aceptación y respeto a las diferencias de las personas, promoviendo un entorno diverso e integrador. Si necesitas alguna adaptación en tu proceso de postulación, no dudes en informárnoslo.","Requisitos:
Título en Ingeniería de Prevencion de Riesgos o Técnico de Prevención de Riesgos.
Disponibilidad para trabajar por alrededor de 3 meses en Sotaqui o Monte Patria, en la cuarta región.
Experiencia mínima de 1 año en gestión de seguridad, idealmente con experiencia trabajando en temporada de vendimia."
Jefe Desarrollo Comercial Categoría Cervezas ,Otra Área,"Las Condes, Metropolitana de Santiago, Chile",Las Condes,Metropolitana de Santiago,2026-08-18,6114706,ccu,2026-09-06,2026-09-06,0.4354,Jefe Área/Sección/Depto./Local,,Jornada Completa,CCU,Universitaria,Chile,2,2026-10-17,https://www.trabajaenccu.cl/trabajo/6114706-jefe-desarrollo-comercial-categoria-cervezas,,"¡En CCU nos apasiona crear experiencias para compartir juntos un mejor vivir!
Nos encontramos en búsqueda de nuestro próximo/a Jefe/a de Desarrollo de Categoría Cervezas para desempeñarse en nuestro edificio corporativo ubicado en Av. Vitacura 2670, Las Condes.
Principales Funciones:
Planificar y coordinar los planes comerciales de Cerveza en los respectivos distritos, de acuerdo a la zona / canal, entregando soporte y seguimiento a las diferentes áreas involucradas, con el fin de cumplir el plan estratégico y sus respectivos indicadores.
Analizar y mantener actualizada la información relevante del negocio, considerando variables internas como volumen, cobertura, margen y precios, y externas como participación de mercado y distribución, con el propósito de identificar oportunidades, anticipar desviaciones y definir acciones que contribuyan al cumplimiento de los objetivos de la compañía.
Gestionar información relevante y pertinente con las áreas involucradas, en el correcto desarrollo y cumplimiento de planes comerciales, según las variables definidas y los plazos determinados.
Liderar visitas a terreno y reuniones periódicas con los equipos de Ventas, levantando diagnósticos e identificando oportunidades para desarrollar planes de acción conjuntos y específicos que permitan alcanzar los objetivos comerciales de la compañía.
Requisitos:
Título de Ingeniería Civil Industrial o Ingeniería Comercial.
Al menos 2 años de experiencia en área comercial.
Manejo de Microsoft Office nivel avanzado. 
Disponibilidad para trabajar de manera 100% presencial en Las Condes.
Nuestro SER CCU nos inspira a trabajar con aceptación y respeto a las diferencias de las personas, promoviendo un entorno diverso e integrador, para así contribuir a un mejor vivir. Por esto, te agradecemos que nos compartas si necesitas adaptación en alguna etapa del proceso de postulación.
¡Te invitamos a SER CCU!","Requisitos:
Título de Ingeniería Civil Industrial o Ingeniería Comercial.
Al menos 2 años de experiencia en área comercial.
Manejo de Microsoft Office nivel avanzado. 
Disponibilidad para trabajar de manera 100% presencial en Las Condes."
Supervisor/a Servicio Técnico - Iquique,Otra Área,"Iquique, Tarapacá, Chile",Iquique,Tarapacá,2026-08-18,6108616,ccu,2026-08-03,2026-09-06,0.4299,Supervisor,,En terreno,CCU,Técnico medio/ colegio técnico,Chile,1,2026-10-02,https://www.trabajaenccu.cl/trabajo/6108616-supervisor-a-servicio-tecnico-iquique,,"¡En CCU nos apasiona crear experiencias para compartir juntos un mejor vivir!
Nos encontramos en búsqueda de un/a Supervisor/a de Servicio Técnico para trabajar en Iquique.
Principales funciones:
Sanitización y limpieza de los equipos dispensadores (schop) y máquinas de bebidas utilizadas en el servicio al interior de distintos locales del sector.
Ejecución de mantenimiento preventivo y correctivo de coolers, equipos post mix y schop, con el fin de asegurar su correcto funcionamiento y vida útil.
Limpieza y reparación de equipos previo a su entrega o reposición a los puntos de venta.
Visitas periódicas a clientes y locales, con el objeto de supervisar el estado de los equipos instalados y verificar el cumplimiento de los estándares de servicio.
Requisitos:
Formación técnica de nivel medio o superior en Mecánica Industrial, Electromecánica, Electricidad, Mantenimiento Industrial u otro afín.
Al menos un año de experiencia previa en labores similares.
Licencia de conducir clase B, y contar con movilización propia (excluyente).
Disponibilidad para trabajar de forma presencial en Iquique, con disponibilidad para trabajo en terreno, para desempeñar sus funciones en distintos locales del área.
Nuestro SER CCU nos inspira a trabajar con aceptación y respeto a las diferencias de las personas, promoviendo un entorno diverso e integrador, para así contribuir a un mejor vivir. Por esto, te agradecemos que nos compartas si necesitas adaptación en alguna etapa del proceso de postulación.
¡Te invitamos a Ser CCU!","Formación técnica de nivel medio o superior en Mecánica Industrial, Electromecánica, Electricidad, Mantenimiento Industrial u otro afín.
Al menos un año de experiencia previa en labores similares.
Licencia de conducir clase B, y contar con movilización propia (excluyente).
Disponibilidad para trabajar de forma presencial en Iquique, con disponibilidad para trabajo en terreno, para desempeñar sus funciones en distintos locales del área."
Operario/a de Producción Manantial - Antofagasta,Otra Área,"Antofagasta, Antofagasta, Chile",Antofagasta,Antofagasta,2026-08-17,6113803,ccu,2026-09-06,2026-09-06,0.3788,Operario,,Por Turnos,CCU,Media,Chile,1,2026-10-16,https://www.trabajaenccu.cl/trabajo/6113803-operario-a-de-produccion-manantial-antofagasta,,"¡En CCU nos apasiona crear experiencias para compartir juntos un mejor vivir!
Con una amplia gama de marcas de bebestibles y experiencias, mejoramos y acompañamos distintos momentos de la vida, guiados por nuestros principios, en beneficio de las personas con las que nos relacionamos y el cuidado del medio ambiente.
Actualmente estamos buscando a un/a Operario/a de Producción para desempeñarse en nuestra planta Manantial de Antofagasta.
Principales Funciones
Asegurar la Operatividad de Maquinaria y Producción: Operar, abastecer y mantener en correcto estado los equipos de la línea (soplado, producción de vasos, lavado, etiquetado y llenado de botellones). Ejecutar controles de proceso y verificación de insumos para garantizar la continuidad operativa, la eficiencia y la ausencia de elementos extraños en el producto final.
Mantenimiento Autónomo y Gestión de Desviaciones: Realizar tareas de mantenimiento autónomo, apoyar cambios de formato oportunos y reportar de manera inmediata cualquier falla o desviación en el funcionamiento de la maquinaria para evitar interrupciones en la línea.
Conservación del Orden, Limpieza y Sanitización: Ejecutar labores de orden, limpieza y sanitización del área bajo los procedimientos del Sistema Integrado de Gestión (SIG) y protocolos de la empresa, garantizando la inocuidad del producto y el cumplimiento de la normativa nacional aplicable.
Cumplimiento de Calidad, HACCP y Buenas Prácticas (BPM): Llevar a cabo los controles y registros obligatorios del sistema HACCP y licencias de la planta, asegurando la inocuidad y estándares de calidad en cada etapa de la producción.
Seguridad, Salud Ocupacional y Mejora Continua: Cumplir rigurosamente con el Reglamento Interno de Higiene y Seguridad, utilizar el EPP asignado y participar activamente en el Pilar de Seguridad y herramientas TPM (5S, hallazgos, auditorías y capacitaciones) para resguardar la salud propia y del equipo.","Requisitos:
Formación: Enseñanza media completa
Experiencia: Desde 1 año en operación de líneas de producción, idealmente en industria de alimentos o bebestibles.
Conocimientos: BPM, normas básicas de higiene y seguridad industrial."
Operador industrial Temporada - Plasco,Otra Área,"Renca, Metropolitana de Santiago, Chile",Renca,Metropolitana de Santiago,2026-08-17,6113901,ccu,2026-09-06,2026-09-06,0.431,Operario,,Por Turnos,CCU,Técnico medio/ colegio técnico,Chile,1,2026-10-16,https://www.trabajaenccu.cl/trabajo/6113901-operador-industrial-temporada-plasco,,"¡¡En CCU nos apasiona crear experiencias para compartir juntos un mejor vivir!! Con una amplia gama de marcas de bebestibles y experiencias, mejoramos y acompañamos distintos momentos de la vida, guiados por nuestros principios, en beneficio de las personas con las que nos relacionamos y el cuidado del medio ambiente. Estamos buscando a un(a) Operario de producción industrial para desempeñarse en nuestra planta Plasco ubicada en Renca.
Principales Funciones:
Operar los equipos asignados en el área de inyección), asegurando el cumplimiento del programa de producción bajo los estándares de calidad.
Apoyar en tareas menores de mantención (limpieza, inspección y planes preventivos), colaborando con el área de mantenimiento para disminuir tiempos de detención.
Registrar actividades en SAP (ingreso y cierre de turno, inspecciones de calidad, control de inventario), manteniendo la continuidad operacional.","Conocimientos deseables técnicos en operación de puente grúa, transpaleta, SAP, artefactos a gas y manejo de residuos (SUSPEL/RESPEL)."
Encargado/a de Existencia - Quilicura,Otra Área,"Quilicura, Metropolitana de Santiago, Chile",Quilicura,Metropolitana de Santiago,2026-08-17,6114134,ccu,2026-09-06,2026-09-06,0.3511,Encargado,,Jornada Completa,CCU,Técnico profesional superior,Chile,2,2026-10-16,https://www.trabajaenccu.cl/trabajo/6114134-encargado-a-de-existencia-quilicura,,"En CCU nos apasiona crear experiencias para compartir juntos un mejor vivir. Con una amplia gama de marcas de bebestibles y experiencias, mejoramos y acompañamos distintos momentos de la vida, guiados por nuestros principios, en beneficio de las personas con las que nos relacionamos y el cuidado del medio ambiente.
En CCU nos encontramos en búsqueda de un/a Encargado/a de Existencias para nuestra planta ubicada en Quilicura
Gestión y control de inventarios: Liderar el control integral de existencias en bodega mediante la ejecución y supervisión de tomas de inventario físico.
Supervisión operativa: Controlar y verificar los movimientos de producto en el Centro de Distribución para asegurar la trazabilidad y exactitud del stock.
Registro y reportabilidad en SAP: Elaborar reportes diarios de inventario utilizando SAP y dar seguimiento a los principales indicadores de gestión del área.
Administración de mermas y vencimientos: Mantener al día los ajustes de inventario, el control de mermas y la gestión de productos próximos a vencer.
Optimizaciones y mejora continua: Diseñar e implementar controles internos orientados a optimizar los KPI de inventario.
Requisitos
Formación como Técnico o Ingeniería en Logística, Ingeniería en Ejecución, distribución o carrera afín
Deseable experiencia en bodega y control de inventarios, idealmente en empresas de consumo masivo
Manejo Excel intermedio (Excluyente)
Manejo WMS y SAP (Deseable)
¡En CCU te cuidamos! Nuestros establecimientos cuentan con altos estándares de seguridad e higiene para proteger a todas las personas que forman parte de nuestra compañía.
 
Te invitamos a SER CCU y postular a esta gran oportunidad.","Formación como Técnico o Ingeniería en Logística, Ingeniería en Ejecución, distribución o carrera afín
Experiencia en bodega y control de inventarios, idealmente en
empresa de consumo masivo (Deseable)
Manejo Excel intermedio (Excluyente)
Manejo WMS y SAP (Deseable)"
Administrativo/a Operaciones Laboratorio - Ovalle plazo fijo,Otra Área,"Ovalle, Coquimbo, Chile",Ovalle,Coquimbo,2026-08-13,6112883,ccu,2026-09-06,2026-09-06,0.4439,Administrativo,,Jornada Completa,CCU,Técnico medio/ colegio técnico,Chile,1,2026-10-12,https://www.trabajaenccu.cl/trabajo/6112883-administrativo-a-operaciones-laboratorio-ovalle-plazo-fijo,,"¡En CCU nos apasiona crear experiencias para compartir juntos un mejor vivir!
Estamos en búsqueda de nuestro/a próximo/a Asistente Administrativo/a de Operaciones para Compañía Pisquera de Chile (CPCH) en Planta Ovalle.
Principales Funciones
Elaboración, Innovación y Calidad de Productos: Apoyar en la elaboración y degustación de productos en desarrollo (OTs, vida útil), realizar/gestionar análisis físico-químicos de muestras y participar activamente en el primer batch de los HALB nuevos.
Sostenibilidad y Evaluación Sensorial: Apoyar en evaluaciones sensoriales de productos en mercado y velar por el bienestar integral de los trabajadores en materia de seguridad y calidad de vida, promoviendo la sostenibilidad y la meta de tasa de accidentabilidad industrial.
Excelencia Operacional y TPM: Promover la excelencia operacional y una estructura eficiente en Planta Ovalle mediante el uso de herramientas TPM, eliminación de pérdidas y el seguimiento de indicadores clave de gestión
Cultura de Seguridad: Fomentar una cultura de seguridad interdependiente a través de la generación de tarjetas de seguridad, auditorías SHE y la eliminación de riesgos críticos de acuerdo a los lineamientos corporativos.
Requisitos
Educación: Técnico Medio o Técnico Superior en Análisis de Laboratorio, Alimentos, Bioprocesos o carrera afín.
Conocimientos clave: Análisis de laboratorio, alimentos o bioprocesos, interpretación de resultados, metodología TPM, estándares de calidad, seguridad y medio ambiente (SHE).
Experiencia: Experiencia en laboratorios de desarrollo/control de calidad, procesos industriales alimentarios/de bebidas o funciones operacionales afines.
Nuestro SER CCU nos inspira a trabajar con aceptación y respeto a las diferencias de las personas, promoviendo un entorno diverso e integrador, para así contribuir a un mejor vivir. Por esto, te agradecemos que nos compartas si necesitas adaptación en alguna etapa del proceso de postulación.
¡Te invitamos a Ser CCU!","Requisitos
Educación: Técnico Medio o Técnico Superior en Análisis de Laboratorio, Alimentos, Bioprocesos o carrera afín.
Conocimientos clave: Análisis de laboratorio, alimentos o bioprocesos, interpretación de resultados, metodología TPM, estándares de calidad, seguridad y medio ambiente (SHE).
Experiencia: Experiencia en laboratorios de desarrollo/control de calidad, procesos industriales alimentarios/de bebidas o funciones operacionales afines."
Ingeniero/a de Planificación (Distribución) - Quilicura,Otra Área,"Quilicura, Metropolitana de Santiago, Chile",Quilicura,Metropolitana de Santiago,2026-08-13,6112816,ccu,2026-09-06,2026-09-06,0.4559,Ingeniero,,Jornada Completa,CCU,Universitaria,Chile,0,2026-10-12,https://www.trabajaenccu.cl/trabajo/6112816-ingeniero-a-de-planificacion-distribucion-quilicura,,"¡En CCU nos apasiona crear experiencias para compartir juntos un mejor vivir!
Nos encontramos en búsqueda de un Ingeniero/a de Planificación (Distribución) para desempeñarse en nuestra Planta Cervecera ubicada en Quilicura.
Principales funciones:
Gestionar indicadores operativos del área, diseñando herramientas de visualización y control para asegurar el cumplimiento de metas y desplegar acciones de mejora.
Liderar iniciativas y proyectos de eficiencia en los procesos de distribución bajo metodología y políticas de la organización, promoviendo una operación sostenible.
Monitorear los gastos y ahorros del área, identificando causas de desviaciones y generando alertas preventivas.
Trabajar en conjunto con empresas de transporte y proveedores internos, para así monitorear y mejorar nivel de servicio esperado.
Requisitos:
Título de Ingeniería Civil, Comercial o carrera afín.
0-6 meses de experiencia laboral.
Manejo de Excel intermedio-avanzado.
Deseable manejo de Looker Studio o Power BI. 
Deseable manejo de SQL o herramientas de programación.
Disponibilidad para trabajar en modalidad 100% presencial en Quilicura.
Nuestro SER CCU nos inspira a trabajar con aceptación y respeto a las diferencias de las personas, promoviendo un entorno diverso e integrador, para así contribuir a un mejor vivir. Por esto, te agradecemos que nos compartas si necesitas adaptación en alguna etapa del proceso de postulación.
¡Te invitamos a SER CCU!","Título de Ingeniería Civil, Comercial o carrera afín.
0-6 meses de experiencia laboral.
Manejo de Excel intermedio-avanzado.
Deseable manejo de Looker Studio o Power BI. 
Deseable manejo de SQL o herramientas de programación.
Disponibilidad para trabajar en modalidad 100% presencial en Quilicura."
Operador Industrial Temporada - Coinco,Otra Área,"Coinco, Lib. Gral. Bdo. O'Higgins, Chile",Coinco,Lib. Gral. Bdo. O'Higgins,2026-08-12,6112599,ccu,2026-09-06,2026-09-06,0.4196,Operario,,Por Turnos,CCU,Técnico profesional superior,Chile,2,2026-10-11,https://www.trabajaenccu.cl/trabajo/6112599-operador-industrial-temporada-coinco,,"¡En CCU nos apasiona crear experiencias para compartir juntos un mejor vivir!
Con una amplia gama de marcas de bebestibles y experiencias, mejoramos y acompañamos distintos momentos de la vida, guiados por nuestros principios, en beneficio de las personas con las que nos relacionamos y el cuidado del medio ambiente.
Actualmente nos encontramos en búsqueda de Operadores Industriales para desempeñarse en nuestra planta ubicada en Coinco.
Principales funciones:
Operar y ajustar los equipos asignados según sus características técnicas para cumplir con el plan de trabajo, asegurando la calidad del producto y las normas de seguridad.
Mantenimiento Técnico: Ejecutar tareas de mantenimiento preventivo y correctivo en los equipos asignados para asegurar la continuidad de la operación.
Cumplir con el Reglamento Interno de Higiene y Seguridad, utilizando los EPP asignados y colaborando con el Pilar de Seguridad (TPM) mediante herramientas UPS, Tarjetas Stop, PPA y reporte de cuasi-accidentes (ISO 45001).
Calidad e Inocuidad: Cumplir procedimientos de calidad, realizando controles y registros según estándares definidos por las licencias y el pilar de calidad de la planta.
Mejora Continua (TPM): Participar en la búsqueda y eliminación de pérdidas mediante equipos de mejora, auditorías, levantamiento de hallazgos y capacitaciones (Seguridad, Calidad, CAMA, Mejora Enfocada, DPO, Medio Ambiente).
Reportar de manera oportuna y precisa la información requerida del puesto, comunicando desviaciones a las áreas involucradas.","Requisitos:
Formación Técnico Superior o Ingeniería en Mecánica, Electrónica, Electricidad, Automatización o carrera afín.
Experiencia desde 2 años en operaciones industriales.
Conocimientos de Normas SIG, Excel, FSSC22000 V6, ISO 45001 e ISO 50001."
Operador Grúa Temporada - Coinco,Otra Área,"Coinco, Lib. Gral. Bdo. O'Higgins, Chile",Coinco,Lib. Gral. Bdo. O'Higgins,2026-08-12,6112591,ccu,2026-09-06,2026-09-06,0.3486,Operario,,Por Turnos,CCU,Media,Chile,1,2026-10-11,https://www.trabajaenccu.cl/trabajo/6112591-operador-grua-temporada-coinco,,"En CCU nos apasiona crear experiencias para compartir juntos un mejor vivir. Con una amplia gama de marcas de bebestibles y experiencias, mejoramos y acompañamos distintos momentos de la vida, guiados por nuestros principios, en beneficio de las personas con las que nos relacionamos y el cuidado del medio ambiente.
Estamos buscando a Operador de Grúa Horquilla para desempeñarse en nuestra planta ubicada en Coinco por período de temporada alta.
Tendrá como principal responsabilidad, operar grúas horquilla de acuerdo a las normas y procedimientos establecidos a objeto de contribuir al cumplimiento de los procesos operacionales y especificaciones de calidad e inocuidad de bodega en relación a las tareas de carga y descarga, traslado, almacenamiento apilamiento y custodia de los productos y envases.","Requisitos:
- Enseñanza Media Completa
- Licencia D al día
- Disponibilidad para trabajar en turnos rotativos
- Experiencia de mínimo 1 año en manejo de Grúa Horquilla
- Disponibilidad para trabajar en Coinco
- Experiencia en manejo de carga delicada
- Disponibilidad para trabajar a plazo fijo"
"Operador Producción Temporada - Plasco, Renca",Otra Área,"Renca, Metropolitana de Santiago, Chile",Renca,Metropolitana de Santiago,2026-08-07,6110494,ccu,2026-08-07,2026-09-06,0.3785,Operario,,Jornada Completa,CCU,Técnico profesional superior,Chile,1,2026-10-06,https://www.trabajaenccu.cl/trabajo/6110494-operador-produccion-temporada-plasco-renca,,"En CCU nos apasiona crear experiencias para compartir juntos un mejor vivir.
Con una amplia gama de marcas de bebestibles y experiencias, mejoramos y acompañamos distintos momentos de la vida, guiados por nuestros principios, en beneficio de las personas con las que nos relacionamos y el cuidado del medio ambiente.
Estamos buscando Operadores de Producción para nuestra planta PLASCO ubicada en Renca, por plazo fijo de 3 meses.
Sus principales funciones consistirán en la operación de las líneas productivas, realizar mantenciones preventivas y correctivas a la maquinaria correspondiente. Observar y escuchar para poder anticipar y solucionar posibles fallas. Debe tener conocimiento de equipos industriales y de las características de riesgo de una planta industrial.
Requisitos:
- Título Técnico Profesional, de Mantenimiento Industrial, Automatización Industrial, Mecánica, Electromecánica o carreras afines.
- 1-3 años de experiencia en áreas productivas.
- Disponibilidad para trabajar en Renca
- Disponibilidad para trabajar por plazo fijo
¡Te invitamos a Ser CCU!","- Título Técnico Medio o Profesional, de Mantenimiento Industrial, Automatización Industrial, Mecánica, Electromecánica o carreras afines.
- 1-3 años de experiencia en áreas productivas.
- Disponibilidad para trabajar en Renca
- Disponibilidad para trabajar por plazo fijo y en turnos rotativos"
Prevencionista de Riesgo Temporada Febrero a Mayo 2027- Monte Patria IV Región,Otra Área,"Monte Patria, Coquimbo, Chile",Monte Patria,Coquimbo,2026-08-06,6110425,ccu,2026-08-07,2026-09-06,0.3964,Otro Profesional,,Jornada Completa,CCU,Técnico profesional superior,Chile,1,2026-10-05,https://www.trabajaenccu.cl/trabajo/6110425-prevencionista-de-riesgo-temporada-febrero-a-mayo-2027-monte-patria-iv-region,,"¿Quieres SER CCU?
Estamos en búsqueda de Prevencionistas de Riesgo para trabajar por temporada en la Compañía Pisquera de Chile en Monte Patria durante el periodo de Vendimia.
Funciones:
-Asesorar al equipo de Planta para cumplir con los objetivos de cero accidente
-Ejecutar auditorías de seguridad
-Realizar reuniones de seguridad, para identificar peligros de manera preventiva y así, evaluar los riesgos del Programa de Operaciones
Requisitos:
-Título de Ingeniería/Técnico en Prevención de Riesgos
-Mínimo 2 años de experiencia laboral
-Disponibilidad para trabajar por temporada y en Monte Patria.
-Deseables conocimientos en prácticas de excelencia operacional TPM
Nuestro SER CCU nos inspira a trabajar con aceptación y respeto a las diferencias de las personas, promoviendo un entorno diverso e integrador, para así contribuir a un mejor vivir. Por esto, te agradecemos que nos compartas si necesitas adaptación en alguna etapa del proceso
de postulación.
¡Te invitamos a SER CCU!","-Título de Ingeniería/Técnico en Prevención de Riesgos
-Mínimo 2 años de experiencia laboral
-Disponibilidad para trabajar por temporada y en la IV Región y en Monte Patria.
-Deseables conocimientos en prácticas de excelencia operacional TPM"
Gruero/a Temporada- Plasco,Otra Área,"Renca, Metropolitana de Santiago, Chile",Renca,Metropolitana de Santiago,2026-08-06,6110404,ccu,2026-08-07,2026-09-06,0.3682,Operario,,Jornada Completa,CCU,Técnico profesional superior,Chile,1,2026-10-05,https://www.trabajaenccu.cl/trabajo/6110404-gruero-a-temporada-plasco,,"En CCU nos apasiona crear experiencias para compartir juntos un mejor vivir. Con una amplia gama de marcas de bebestibles y experiencias, mejoramos y acompañamos distintos momentos de la vida, guiados por nuestros principios, en beneficio de las personas con las que nos relacionamos y el cuidado del medio ambiente.
Estamos buscando a Operador de Grúa Horquilla para desempeñarse en nuestra planta ubicada en Plasco por período de temporada alta.
Tendrá como principal responsabilidad, operar grúas horquilla de acuerdo a las normas y procedimientos establecidos a objeto de contribuir al cumplimiento de los procesos operacionales y especificaciones de calidad e inocuidad de bodega en relación a las tareas de carga y descarga, traslado, almacenamiento apilamiento y custodia de los productos y envases.
Requisitos:
- Enseñanza Media Completa
- Licencia D al día
- Disponibilidad para trabajar en turnos rotativos
- Experiencia de mínimo 1 año en manejo de Grúa Horquilla
- Disponibilidad para trabajar en Plasco
- Experiencia en manejo de carga delicada y apilamiento en altura 
- Disponibilidad para trabajar a plazo fijo
Nuestro SER CCU nos inspira a trabajar con aceptación y respeto a las diferencias de las personas, promoviendo un entorno diverso e integrador, para así contribuir a un mejor vivir. Por esto, te agradecemos que nos compartas si necesitas adaptación en alguna etapa del proceso de postulación.
¡Te invitamos a SER CCU!","- Enseñanza Media Completa
- Licencia D al día
- Disponibilidad para trabajar en turnos rotativos
- Experiencia de mínimo 1 año en manejo de Grúa Horquilla
- Disponibilidad para trabajar en Plasco
- Experiencia en manejo de carga delicada
- Disponibilidad para trabajar a plazo fijo"
Ayudante de Producción - Plasco,Otra Área,"Renca, Metropolitana de Santiago, Chile",Renca,Metropolitana de Santiago,2026-08-05,6109890,ccu,2026-08-05,2026-09-06,0.4689,Operario,,Jornada Completa,CCU,Técnico profesional superior,Chile,1,2026-10-04,https://www.trabajaenccu.cl/trabajo/6109890-ayudante-de-produccion-plasco,,"Experiencia Requerida - Deseable : 1 Año en Experiencia en Operación y/o Mantención.
Educación : Titulo Técnico industrial, eléctrico, mecánico, electromecánico o carrera afín. 
Conocimientos técnicos : Intermedio SAP - Excel - Suspel / Respel - Transpaleta.
Licencia de Conducir : Clase D - Grúa Horquilla (Excluyente).
Competencias conductuales : Compromiso con la organización, trabajo en equipo, iniciativa y Autonomía.","Responsabilidades Específicas:
Operación y Mantención: Operar equipos asignados, armar cajas y etiquetar productos terminados asegurando el control de stock e inventarios.
Auditorías CAMA: Participar en auditorías del pilar CAMA impulsando la mejora continua, capacitación técnica y miniproyectos.
Apoyo Operacional: Reemplazar a Operadores de Mantención/Grúa y gestionar el orden físico usando el sistema SAP.
Sistema Integrado de Gestión (SIG): Ejecutar procesos del SIG asegurando el cumplimiento normativo, legal y documental.
Prácticas TPM: Aplicar metodología TPM (5S, Calidad, Seguridad, DPO) para eliminar pérdidas y lograr los KPIs de planta.
Seguridad y Autocuidado: Cumplir el reglamento interno, usar EPP y utilizar herramientas de prevención para evitar accidentes.
Control de Calidad: Registrar variables del proceso garantizando la inocuidad, la reducción de mermas y el estándar ""First Time Right""."
Jefe de Operaciones Revalorización - Renca,Otra Área,"Renca, Metropolitana de Santiago, Chile",Renca,Metropolitana de Santiago,2026-08-04,6109218,ccu,2026-08-04,2026-09-06,0.4218,Jefe Área/Sección/Depto./Local,,Jornada Completa,CCU,Universitaria,Chile,3,2026-10-03,https://www.trabajaenccu.cl/trabajo/6109218-jefe-de-operaciones-revalorizacion-renca,,"¡En CCU nos apasiona crear experiencias para compartir juntos un mejor vivir!
Nos encontramos en búsqueda de un/a Jefe/a de Operaciones Revalorización para desempeñarse en nuestra planta Modelo, ubicada en Av. Eduardo Frei Montalva 1500, Renca
Principales Funciones:
Administrar las operaciones de los PGR:
Gestionar el contrato con el proveedor, asegurando el cumplimiento de los ANS establecidos.
Controlar el inventario, operatividad y arriendo de maquinarias o equipos
Gestionar los estados de pago, facturación y presupuestos operativos.
Gestión Documental y Cumplimiento Normativo:
Garantizar la trazabilidad de todos los residuos generados para las declaraciones correspondientes.
Asegurar que las operaciones del patio cumplan estrictamente con las normativas locales vigentes.
Optimización de Revalorización:
Evaluar y negociar con nuevos proveedores y gestores autorizados para la venta de residuos valorizables.
Analizar tendencias de mercado con foco en optimizar y maximizar los ingresos por concepto de venta de RCV.
Requisitos:
Título de Ingeniero Civil (Ambiental, Industrial, Químico), Ingeniero Ambiental o Ingeniero en logística.
Mínimo 2 a 3 años de experiencia laboral en operaciones logísticas industriales, o gestión ambiental en plantas productivas o de distribución.
Experiencia liderando equipos de trabajo y controlando presupuestos de operaciones.
Disponibilidad para trabajar presencialmente en Renca.
Nuestro SER CCU nos inspira a trabajar con aceptación y respeto a las diferencias de las personas, promoviendo un entorno diverso e integrador, para así contribuir a un mejor vivir. Por esto, te agradecemos que nos compartas si necesitas adaptación en alguna etapa del proceso de postulación.
¡Te invitamos a SER CCU!","Requisitos:
Título de Ingeniero Civil (Ambiental, Industrial, Químico), Ingeniero Ambiental o Ingeniero en logística.
Mínimo 2 a 3 años de experiencia laboral en operaciones logísticas industriales, o gestión ambiental en plantas productivas o de distribución.
Experiencia liderando equipos de trabajo y controlando presupuestos de operaciones.
Disponibilidad para trabajar presencialmente en Renca."
KAM Ecommerce - Las Condes,Otra Área,"Las Condes, Metropolitana de Santiago, Chile",Las Condes,Metropolitana de Santiago,2026-08-04,6108990,ccu,2026-08-04,2026-09-06,0.4572,Jefe Área/Sección/Depto./Local,,Jornada Completa,CCU,Universitaria,Chile,2,2026-10-03,https://www.trabajaenccu.cl/trabajo/6108990-kam-ecommerce-las-condes,,"¡En CCU nos apasiona crear experiencias para compartir juntos un mejor vivir!
Nos encontramos en búsqueda de un KAM Ecommerce, para desempeñarse en nuestras oficinas ubicadas en Las Condes.
Principales Funciones:
Definición de la estrategia para cada uno de los tipos de clientes, en términos de surtido de productos, visibilidad y posicionamiento.
Ser el punto focal estratégico entre CCU y los clientes. Esto implica definir el Joint Business Plan anual, alineando objetivos de sell-in, sell-out, participación de mercado y rentabilidad para ambas partes. También incluye la negociación de condiciones comerciales de promociones, espacios digitales y presupuesto de trade.
Monitorear continuamente los KPIs clave (volumen, revenue, market share, quiebre de stock, rotación por SKU y rentabilidad). Todo esto a través de la información disponible en los portales de los clientes y data interna.
Coordinar con el equipo de operaciones el abastecimiento continuo para evitar quiebres de stock en los canales digitales. Asegurar presencia de los productos.
Construir relaciones de largo plazo con los category managers, anticipando sus necesidades para posicionarse como socio estratégico. Esto incluye presentar insights de mercado, tendencias de consumo y propuestas de valor que beneficien el crecimiento conjunto.
Requisitos:
Titulo profesional en Ingeniería Comercial, Ingeniería Civil o carrera afín.
Al menos 2 a 3 años de experiencia laboral en áreas comerciales, marketing, trade marketing.
Manejo de Excel, Power Point, Looker studio, Sales AI.
Nuestro SER CCU nos inspira a trabajar con aceptación y respeto a las diferencias de las personas, promoviendo un entorno diverso e integrador, para así contribuir a un mejor vivir. Por esto, te agradecemos que nos compartas si necesitas adaptación en alguna etapa del proceso de postulación.
¡Te invitamos a SER CCU!","Titulo profesional en Ingeniería Comercial, Ingeniería Civil o carrera afín.
Al menos 2 a 3 años de experiencia laboral en áreas comerciales, marketing, trade marketing.
Manejo de Excel, Power Point, Looker studio, Sales AI."
Auditor/a Computacional Senior - Las Condes,Otra Área,"Las Condes, Metropolitana de Santiago, Chile",Las Condes,Metropolitana de Santiago,2026-08-04,6095433,ccu,2026-07-16,2026-08-08,0.4768,Auditor,,Jornada Completa,CCU,Universitaria,Chile,4,2026-08-24,https://www.trabajaenccu.cl/trabajo/6095433-auditor-a-computacional-senior-las-condes,,"¡En CCU nos apasiona crear experiencias para compartir juntos un mejor vivir!
Estamos en búsqueda de un/a Auditor/a computacional senior para desempeñarse en nuestro edificio corporativo ubicado en la comuna de Las Condes.
El propósito del cargo es otorgar apoyo profesional y técnico en materias de control interno TI mediante la realización de auditorías relacionadas con las tecnologías de información, cuyas observaciones y recomendaciones apunten a minimizar riesgos. Incluye el seguimiento de las medidas preventivas y correctivas derivadas, con el fin de agregar valor y mejorar las operaciones de la Compañía en los procesos de gestión de riesgos, control y dirección.
Principales funciones:
Ejecutar las auditorías de sistemas y procesos TI contempladas en el plan anual, redactando informes claros, precisos y orientados a promover la mejora continua.
Evaluar el diseño y efectividad de los controles identificados, con el objetivo de contribuir en la propuesta de mejoras en caso que no sea el adecuado.
Evaluar el ambiente de control de SAP Hana, incluyendo gestión de accesos, segregación de funciones (SoD), continuidad operacional y cibseguridad IT/OT.
Extraer, analizar y modelar información de los procesos en SAP para construir la reportería analítica que sustenta auditorías de procesos.
Monitorear el avance de las recomendaciones emitidas y escalar oportunamente desviaciones, anomalías o riesgos relevantes de control interno.
Coordinar con el equipo de auditoría computacional y colaborar transversalmente con los auditores de procesos en la planificación y ejecución de revisiones conjuntas.
Nuestro SER CCU nos inspira a trabajar con aceptación y respeto a las diferencias de las personas, promoviendo un entorno diverso e integrador, para así contribuir a un mejor vivir. Por esto, te agradecemos que nos compartas si necesitas adaptación en alguna etapa del proceso de postulación.
¡Te invitamos a SER CCU!","Requisitos:
Formación en Ingeniería en Informática o Contador/a Auditor/a con trayectoria comprobada en auditoría de TI.
Al menos 4 años de experiencia en auditoría TI o riesgo tecnológico.
Manejo avanzado de SAP, especialmente en extracción y análisis de información de procesos y en control de accesos.
Dominio de marcos de auditoría y control interno (COBIT, COSO) y normativa SOX.
Disponibilidad para desempeñarse de forma presencial en Las Condes y para viajar a nivel nacional e internacional.
Manejo ecosistema Google Cloud (GCP, Looker / Looker Studio), Python para automatización de controles, ciberseguridad industrial y certificación CISA o CRISC (Deseable)."
Gruero Operario - Plasco,Otra Área,"Renca, Metropolitana de Santiago, Chile",Renca,Metropolitana de Santiago,2026-08-03,6108707,ccu,2026-08-03,2026-09-06,0.4605,Operario,,Por Turnos,CCU,Media,Chile,1,2026-10-02,https://www.trabajaenccu.cl/trabajo/6108707-gruero-operario-plasco,,"En CCU nos apasiona crear experiencias para compartir juntos un mejor vivir!
Con una amplia gama de marcas de bebestibles y experiencias, mejoramos y acompañamos distintos momentos de la vida, guiados por nuestros principios, en beneficio de las personas con las que nos relacionamos y el cuidado del medio ambiente. De esta manera, estamos comprometidos con la Diversidad e Inclusión, ya que consideramos que son valores fundamentales para el crecimiento sustentable de la organización y que nos permiten poner en práctica nuestro propósito.
Estamos en la búsqueda de Operadores de Grúa Horquilla para nuestra planta en Renca, con al menos 1 año de experiencia.
Tendrás como principal responsabilidad:
- Operar grúa horquilla de acuerdo a las normas y procedimientos establecidos a objeto de contribuir al cumplimiento de los procesos operacionales y especificaciones de calidad e inocuidad de bodega
- Llevar a cabo tareas de carga y descarga, traslado, almacenamiento apilamiento y custodia de los productos y envases.
Funciones:
-Orden de perchas
-Pesaje de fardos
-Preparación de procedimientos de carga y descarga
-Movilización de pallet
-Recepción sistémica de inventario","Estudios mínimos de Enseñanza Media Completa.
Licencia clase D.
Desde 1 año de experiencia en manejo de Grúa Horquilla, en cargos similares.
Disponibilidad para trabajar por turnos rotativos (tarde, mañana, noche)."
Gruero/a Administrativo/a - Renca,Otra Área,"Renca, Metropolitana de Santiago, Chile",Renca,Metropolitana de Santiago,2026-08-03,6108710,ccu,2026-08-03,2026-09-06,0.417,Operario,,Jornada Completa,CCU,Técnico medio/ colegio técnico,Chile,1,2026-10-02,https://www.trabajaenccu.cl/trabajo/6108710-gruero-a-administrativo-a-renca,,"En CCU nos apasiona crear experiencias para compartir juntos un mejor vivir. Con una amplia gama de marcas de bebestibles y experiencias, mejoramos y acompañamos distintos momentos de la vida, guiados por nuestros principios, en beneficio de las personas con las que nos relacionamos y el cuidado del medio ambiente.
En CCU nos encontramos en búsqueda de un Gruero/a Administrativo/a para nuestra planta ubicada en Renca, con el objetivo de apoyar en las operaciones de envasado y producción.
Operar grúa horquilla para la movilización de productos, realizando recepciones, despachos e inventarios, cumpliendo normas de seguridad e higiene.
Ejecutar inventarios aleatorios mediante TRF o de forma manual, asegurando información precisa y oportuna.
Realizar picking y entregas a distintas áreas, registrando las operaciones en sistema y gestionando el acuse de recibo.
Gestionar salidas bajo criterios FIFO/FEFO, asegurando correcta rotación de stock según sistema SAP.
Mantener el orden y la correcta gestión del almacén conforme a normas internas y estándares de calidad.
Requisitos
Deseable un año de experiencia relacionado a Logística y gestión de bodega.
Enseñanza media completa
Conocimientos técnicos Excel, G- Suit, SAP
Licencia clase d (excluyente)
Disponibilidad para turnos rotativas
 
¡En CCU te cuidamos! Nuestros establecimientos cuentan con altos estándares de seguridad e higiene para proteger a todas las personas que forman parte de nuestra compañía.
 
Te invitamos a SER CCU y postular a esta gran oportunidad.","Requisitos
Deseable un año de experiencia relacionado a Logística y gestión de bodega.
Enseñanza media completa
Conocimientos técnicos Excel, G- Suite, SAP
Licencia clase d (excluyente)
Disponibilidad para turnos rotativas"
Operador Mantenedor Envasado - Renca ,Otra Área,"Renca, Metropolitana de Santiago, Chile",Renca,Metropolitana de Santiago,2026-08-03,6108705,ccu,2026-08-03,2026-08-08,0.4147,Operario,,Jornada Completa,CCU,Técnico profesional superior,Chile,1,2026-10-02,https://www.trabajaenccu.cl/trabajo/6108705-operador-mantenedor-envasado-renca,,"En CCU nos apasiona crear experiencias para compartir juntos un mejor vivir. Con una amplia gama de marcas de bebestibles y experiencias, mejoramos y acompañamos distintos momentos de la vida, guiados por nuestros principios, en beneficio de las personas con las que nos relacionamos y el cuidado del medio ambiente. 
Actualmente estamos buscando a un Operador Mantenedor para desempeñarse en nuestra planta de Renca.
Principales funciones:
Operación y Ajuste: Operar y ajustar los equipos asignados según sus especificaciones técnicas para cumplir con el plan de producción, asegurando la calidad del producto.
Mantenimiento Técnico: Ejecutar tareas de mantenimiento preventivo y correctivo para garantizar la continuidad operativa de las maquinarias.
Seguridad y Autocuidado: Cumplir con el reglamento de higiene y seguridad, utilizando sus implementos de protección y colaborando con el pilar de seguridad (TPM/PPA) para prevenir accidentes.
Calidad e Inocuidad: Realizar controles y registros bajo los estándares de las licencias de la planta para garantizar productos seguros y de calidad.
Mejora Continua (TPM): Participar activamente en la eliminación de pérdidas y resolución de problemas mediante auditorías y capacitaciones para mejorar los indicadores de la planta.
Reportes: Comunicar de forma oportuna cualquier desviación en los resultados o el funcionamiento de los equipos a las áreas correspondientes.
Requisitos Mínimos:
Formación: Técnico Superior o Ingeniería en Mecánica, Electrónica, Electricidad, Automatización o carrera afín.
Experiencia: desde 1 año de experiencia en operaciones industriales.
Conocimientos: Manejo de Excel, normas de calidad (FSSC22000), seguridad (ISO 45001) y medio ambiente (ISO 50001).
¡Te invitamos a SER CCU!","Requisitos mínimos:
Formación: Técnico Superior o Ingeniería en Mecánica, Electrónica, Electricidad, Automatización o carrera afín.
Experiencia: desde 1 año de experiencia en operaciones industriales.
Conocimientos: Manejo de Excel, normas de calidad (FSSC22000), seguridad (ISO 45001) y medio ambiente (ISO 50001)."
Ejecutivo/a de Cuentas CRECCU - Coquimbo,Otra Área,"Coquimbo, Coquimbo, Chile",Coquimbo,Coquimbo,2026-07-30,6107764,ccu,2026-07-30,2026-08-08,0.3944,Encargado,,Jornada Completa,CCU CHILE,Universitaria,Chile,1,2026-09-28,https://www.trabajaenccu.cl/trabajo/6107764-ejecutivo-a-de-cuentas-creccu-coquimbo,,"En CCU nos apasiona crear experiencias para compartir juntos un mejor vivir!
Estamos en búsqueda de un/a Ejecutivo/a de Cuentas para desempeñarse en nuestra oficina ubicada en Coquimbo
Principales Funciones
Impulsar la venta a través del programa CRECCU en sus distritos asignados, conforme a los procedimientos, con el objetivo de alcanzar sus objetivos de Indicadores comerciales.
Difundir y dar visibilidad al programa ""CRECCER Juntos"" a los clientes internos y externos, gestionando presentaciones y focalizando los esfuerzos del área en su difusión. Además, buscar oportunidades para difundir el programa en ferias comerciales u otras instancias, con el objetivo de impulsar el espíritu social del proyecto.
Apoyar a la cobranza de clientes CRECCU, conforme a las necesidades del área, con el objetivo de focalizar los esfuerzos en caso de necesidad.
Requisitos
Título de Ingeniería Comercial, Ingeniería en Administración de Empresas o carrera afín.
0 a 3 años de experiencia como Ejecutivo/a de Cuentas.
Manejo de Microsoft Office (Excel intermedio).
Disponibilidad para moverse en terreno en Coquimbo
Nuestro SER CCU nos inspira a trabajar con aceptación y respeto a las diferencias de las personas, promoviendo un entorno diverso e integrador, para así contribuir a un mejor vivir. Por esto, te agradecemos que nos compartas si necesitas adaptación en alguna etapa del proceso de postulación.
¡Te invitamos a SER CCU!","Requisitos
Título de Ingeniería Comercial, Ingeniería en Administración de Empresas o carrera afín.
0 a 3 años de experiencia como Ejecutivo/a de Cuentas.
Manejo de Microsoft Office (Excel intermedio).
Disponibilidad para moverse en terreno en Coquimbo"
Ingeniero Desarrollo de Productos - Las Condes,Otra Área,"Las Condes, Metropolitana de Santiago, Chile",Las Condes,Metropolitana de Santiago,2026-07-27,6106024,ccu,2026-07-27,2026-09-06,0.4009,Ingeniero,,Jornada Completa,CCU,Universitaria,Chile,1,2026-09-25,https://www.trabajaenccu.cl/trabajo/6106024-ingeniero-desarrollo-de-productos-las-condes,,"¡En CCU nos apasiona crear experiencias para compartir juntos un mejor vivir!
Nos encontramos en búsqueda de un Ingeniero Desarrollo de Productos, para desempeñarse en nuestras oficinas ubicadas en Las Condes.
Principales Funciones:
Ejecutar el diseño, desarrollo y validación técnica de materiales de empaque (latas, vidrio, PET, flexibles, corrugados y moldería de soplado) para nuevos lanzamientos, extensiones de línea, PRICIS, de marcas propias y licencias.
Elaborar y mantener actualizadas las especificaciones técnicas, fichas documentales y protocolos de pruebas industriales para asegurar la factibilidad operativa y la calidad del producto terminado.
Coordinar las pruebas industriales y la homologación técnica de nuevos proveedores o materiales, evaluando muestras, desempeño en planta y cumplimiento de estándares de marca/licencia.
Pre-validar técnicamente artes, planos de moldería y pruebas de diseño en coordinación con Marketing, Planta, Calidad y Licencias, asegurando la viabilidad de empaque primario, secundario y terciario para aprobación del SG de Desarrollo.
Requisitos:
Título de Ingeniería Civil Química, Ingeniería Civil Industrial, Ingeniería Mecánica, Ingeniería en Alimentos, Diseño Industrial o carrera afín.
Experiencia laboral entre 1 a 2 años en desarrollo de packaging, empaques, I+D, ingeniería de materiales y proyectos de optimización.
Conocimiento técnico en estructuras de empaque (PET, aluminio, vidrio, cartón, film).
Deseable conocimiento de normativas de etiquetado, códigos de barra y requisitos de licencias.
Deseable conocimiento práctico en procesos de embotellado, soplado de PET, resistencia de materiales y normativas de sustentabilidad.
Deseable manejo de herramientas de análisis de datos e Inteligencia Artificial Generativa.
Nuestro SER CCU nos inspira a trabajar con aceptación y respeto a las diferencias de las personas, promoviendo un entorno diverso e integrador, para así contribuir a un mejor vivir. Por esto, te agradecemos que nos compartas si necesitas adaptación en alguna etapa del proceso de postulación.
¡Te invitamos a SER CCU!","Título de Ingeniería Civil Química, Ingeniería Civil Industrial, Ingeniería Mecánica, Ingeniería en Alimentos, Diseño Industrial o carrera afín.
Experiencia laboral entre 1 a 2 años en desarrollo de packaging, empaques, I+D, ingeniería de materiales y proyectos de optimización.
Conocimiento técnico en estructuras de empaque (PET, aluminio, vidrio, cartón, film).
Deseable conocimiento de normativas de etiquetado, códigos de barra y requisitos de licencias.
Deseable conocimiento práctico en procesos de embotellado, soplado de PET, resistencia de materiales y normativas de sustentabilidad.
Deseable manejo de herramientas de análisis de datos e Inteligencia Artificial Generativa."
Ingeniero/a de Desarrollo - Ovalle,Otra Área,"Ovalle, Coquimbo, Chile",Ovalle,Coquimbo,2026-07-23,6105026,ccu,2026-07-23,2026-09-06,0.4591,Ingeniero,,Jornada Completa,CCU,Técnico profesional superior,Chile,2,2026-09-21,https://www.trabajaenccu.cl/trabajo/6105026-ingeniero-a-de-desarrollo-ovalle,,"¡En CCU nos apasiona crear experiencias para compartir juntos un mejor vivir!
Nos encontramos en búsqueda de un/a Ingeniero/a de Desarrollo para la Planta de Compañía Pisquera de Chile en Ovalle.
El propósito del cargo consiste en ejecutar la malla de innovación de nuevos cocteles y licores, garantizando el cumplimiento de la matriz de desarrollo de Marketing y su factibilidad técnica y económica en procesos y tecnologías existentes, además de contribuir en desarrollos que permitan eficientar los procesos de elaboración y mejorar productos actuales, asegurando su estandarización en sistemas de información (SAP) y los estándares de aseguramiento de la calidad end to end.
Principales Funciones:
Desarrollar nuevos productos líquidos y mejoras a los existentes, implementando los procedimientos operativos de elaboración, órdenes de trabajo y recetas o BOM, manteniendo actualizada la información en SAP y comunicándola a todas las áreas involucradas.
Generar las especificaciones fisicoquímicas y sensoriales de materias primas y productos líquidos en elaboración y envasado, en conjunto con el área de Calidad.
Dirigir y ejecutar las pruebas a nivel de laboratorio, semiindustrial e industrial de productos líquidos, materias primas y procesos de elaboración nuevos, liderando el seguimiento de los primeros batch de producción hasta la generación de las especificaciones oficiales.
Desarrollar las especificaciones de materias primas y materiales, consolidando el trabajo con proveedores internos y externos para minimizar pérdidas por no conformidades de suministros.
Realizar evaluaciones sensoriales y fisicoquímicas de nuestros productos y de la competencia, generando estudios y mejoras que aseguren la estabilidad y vida útil del producto terminado.
Contribuir desde los procesos de innovación y desarrollo a la implementación del Pilar de Calidad.
Requisitos:
Título de Ingeniería en Alimentos, Química, Bioquímica, Civil o carrera afín.
Mínimo 2 años de experiencia en desarrollo o formulación de productos en industria de alimentos o bebidas.
Conocimiento en TPM, 5S o metodologías similares.
Manejo de SAP y Excel intermedio.
Conocimiento en certificaciones ISO.
Disponibilidad para desplazamientos a nivel nacional.
Residencia en Ovalle o cercanías.
Nuestro SER CCU nos inspira a trabajar con aceptación y respeto a las diferencias de las personas, promoviendo un entorno diverso e integrador, para así contribuir a un mejor vivir. Por esto, te agradecemos que nos compartas si necesitas adaptación en alguna etapa del proceso de postulación.
¡Te invitamos a SER CCU!","Título de Ingeniería en Alimentos, Química, Bioquímica, Civil o carrera afín.
Mínimo 2 años de experiencia en desarrollo o formulación de productos en industria de alimentos o bebidas.
Conocimiento en TPM, 5S o metodologías similares.
Manejo de SAP y Excel intermedio.
Conocimiento en certificaciones ISO.
Disponibilidad para desplazamientos a nivel nacional.
Residencia en Ovalle o cercanías."
Analista de Laboratorio - Renca,Otra Área,"Renca, Metropolitana de Santiago, Chile",Renca,Metropolitana de Santiago,2026-07-22,6076496,ccu,2026-07-16,2026-07-30,0.4776,Analista,,Por Turnos,CCU,Técnico profesional superior,Chile,1,2026-07-31,https://www.trabajaenccu.cl/trabajo/6076496-analista-de-laboratorio-renca,,"¡En CCU nos apasiona crear experiencias para compartir juntos un mejor vivir!
Estamos en búsqueda de un/a Analista de Laboratorio para desempeñarse en nuestra Planta NPR, ubicada en Renca.
Principales Funciones:
Ejecutar controles de liberación mediante análisis fisicoquímicos a materias primas, productos en proceso y productos terminados.
Realizar monitoreos de parámetros en línea de producción, verificando Puntos Críticos de Control (PCC) y Prerrequisitos Operativos (PPRO).
Ejecutar técnicas microbiológicas (siembra, lectura de placas, medios de cultivo y manejo de autoclave).
Investigar desviaciones y reclamos de consumidores, coordinando acciones correctivas con las áreas de Elaboración y Envasado.
Reportar oportunamente resultados de análisis y hallazgos a las áreas productivas.
Participar activamente en iniciativas de mejora continua, TPM y estandarización de procesos del laboratorio.
Requisitos:
Título profesional de Ingeniería Química, Ingeniería en Alimentos, Biotecnología, Microbiología o carreras afines.
Mínimo 2 años de experiencia laboral previa.
Experiencia en análisis fisicoquímico y manejo de equipos de laboratorio.
Manejo de Excel, Power BI y SAP.
Disponibilidad para trabajar en modalidad turnos rotativos 24/7 (mañana, tarde y noche).
Nuestro SER CCU nos inspira a trabajar con aceptación y respeto a las diferencias de las personas, promoviendo un entorno diverso e integrador, para así contribuir a un mejor vivir. Por esto, te agradecemos que nos compartas si necesitas adaptación en alguna etapa del proceso de postulación.
¡Te invitamos a SER CCU!","Requisitos:
Título profesional de Ingeniería Química, Ingeniería en Alimentos, Biotecnología, Microbiología o carreras afines.
Mínimo 2 años de experiencia laboral previa.
Experiencia en análisis fisicoquímico y manejo de equipos de laboratorio.
Manejo de Excel, Power BI (deseable) y SAP.
Disponibilidad para trabajar en modalidad turnos rotativos 24/7 (mañana, tarde y noche)."
Ingeniero/a TPM (Mejora Continua) - Renca,Otra Área,"Renca, Metropolitana de Santiago, Chile",Renca,Metropolitana de Santiago,2026-07-21,6083444,ccu,2026-07-16,2026-08-06,0.4721,Ingeniero,,Jornada Completa,CCU,Universitaria,Chile,0,2026-08-15,https://www.trabajaenccu.cl/trabajo/6083444-ingeniero-a-tpm-mejora-continua-renca,,"¡En CCU nos apasiona crear experiencias para compartir juntos un mejor vivir!
Nos encontramos en búsqueda de un/a Ingeniero/a TPM para desempeñarse en una de nuestras plantas, ubicada en Renca.
Principales funciones:
Planificar, coordinar y dar seguimiento a las actividades de TPM en la planta, asegurando la sustentabilidad del sistema de gestión y el cumplimiento de los objetivos establecidos.
Gestionar las necesidades de formación en herramientas TPM, desarrollando y administrando recursos de entrenamiento, en línea con la implementación de TPM, expansión de CA/MA y herramientas de mejora continua.
Consolidar y reportar indicadores de avance TPM, analizar desviaciones y riesgos, generar alertas y proponer acciones correctivas y preventivas para garantizar la efectividad del modelo.
Apoyar la elaboración y control del presupuesto TPM, participar en proyectos de inversión asociados, gestionar órdenes de trabajo, solicitudes de compra y relación con proveedores. 
Diseñar, administrar y mantener sistemas informáticos y herramientas digitales que respalden la gestión, monitoreo y documentación de TPM en la planta.
Impulsar y participar en proyectos de mejora continua y control de pérdidas, mediante la utilización de herramientas UPS y metodologías de gestión, con el propósito de optimizar los procesos, generar eficiencia y aportar a la estrategia corporativa.
Requisitos: 
Título de Ingeniería en Ejecución, Ingeniería Civil Industrial, Ingeniería Civil Mecánica, Biotecnología, o carrera afín.
Sin experiencia requerida.
Conocimientos en Metodología TPM / Lean Manufacturing / Mejora Continua (deseable). 
Excel intermedio - avanzado (excluyente)
Manejo en Looker Studio o Power bi (deseable).
Manejo de herramientas de Inteligencia Artificial (deseable). 
Nuestro SER CCU nos inspira a trabajar con aceptación y respeto a las diferencias de las personas, promoviendo un entorno diverso e integrador, para así contribuir a un mejor vivir. Por esto, te agradecemos que nos compartas si necesitas adaptación en alguna etapa del proceso de postulación.","Título de Ingeniería en Ejecución, Ingeniería Civil Industrial, Ingeniería Civil Mecánica, Biotecnología, o carrera afín.
Sin experiencia requerida.
Conocimientos en Metodología TPM / Lean Manufacturing / Mejora Continua (deseable). 
Excel intermedio - avanzado (excluyente)
Manejo en Looker Studio o Power bi (deseable).
Manejo de herramientas de Inteligencia Artificial (deseable)."
Asistente Administrativo/a - Quilicura,Otra Área,"Quilicura, Metropolitana de Santiago, Chile",Quilicura,Metropolitana de Santiago,2026-07-20,6097627,ccu,2026-07-16,2026-08-06,0.4635,Administrativo,,Jornada Completa,CCU,Técnico medio/ colegio técnico,Chile,3,2026-08-31,https://www.trabajaenccu.cl/trabajo/6097627-asistente-administrativo-a-quilicura,,"¡En CCU nos apasiona crear experiencias para compartir juntos un mejor vivir!
Estamos es búsqueda de nuestro/a próximo/a Asistente Administrativo/a para CreCCU, ubicado en Quilicura.
Principales Funciones:
Buscar cumplir con las condiciones necesarias en el área, considerando el mantenimiento físico, abastecimiento de consumo interno, entre otros. Tener la trazabilidad y catastro de ciertos productos de oficina. Por último, ser activo/a en comunicaciones internas que haya que realizar al área
Mantener una disposición proactiva para colaborar en tareas de contingencia, asegurando que ningún proceso se detenga por falta de apoyo operativo.
Tener comunicación constante con los proveedores, resolver sus solicitudes y levantar los inconvenientes a tiempo que tengamos con estos, controlar los gastos del área a través de catastros en Excel (celulares, notebooks, consumos, eventos), realizar el seguimiento a las EMRF y canalizar el ciclo de compras de la empresa.
Mantener la continuidad en las tareas administrativas involucradas con el área de operaciones, las cuales pueden ser, gestión de pagarés, cartas de castigos, y también buscar oportunidades para mejorar estos procesos trayendo eficiencias en las labores.
Requisitos:
Título de Técnico de Administración de Empresas, Secretariado, o carreras similares.
Desde 2 años de experiencia laboral en cargos similares.
Nivel de Excel Intermedio (bases, fórmulas, tablas dinámicas) (Excluyente).
Conocimientos básicos de SAP (deseable).
Nuestro SER CCU nos inspira a trabajar con aceptación y respeto a las diferencias de las personas, promoviendo un entorno diverso e integrador, para así contribuir a un mejor vivir. Por esto, te agradecemos que nos compartas si necesitas adaptación en alguna etapa del proceso de postulación.
¡Te invitamos a Ser CCU!","Título de Técnico de Administración de Empresas, Secretariado, o carreras similares.
Desde 2 años de experiencia laboral en cargos similares.
Nivel de Excel Intermedio (bases, fórmulas, tablas dinámicas) (Excluyente).
Conocimientos básicos de SAP (deseable)."
Jefe de Planificación Logística - Las Condes,Otra Área,"Las Condes, Metropolitana de Santiago, Chile",Las Condes,Metropolitana de Santiago,2026-07-14,6101802,ccu,2026-07-16,2026-09-06,0.4691,Jefe Área/Sección/Depto./Local,,Jornada Completa,CCU,Universitaria,Chile,3,2026-09-12,https://www.trabajaenccu.cl/trabajo/6101802-jefe-de-planificacion-logistica-las-condes,,"¡En CCU nos apasiona crear experiencias para compartir juntos un mejor vivir!
Nos encontramos en búsqueda de un Jefe de Planificación Logística, para desempeñarse en nuestras oficinas ubicadas en Las Condes.
Principales Funciones:
Liderar el equipo de Planificación Logística de las unidades de Cerveza, CPCh y VSPT, promoviendo una gestión colaborativa, proactiva y orientada a la mejora continua.
Planificación de Productos Terminados: Asegurar el correcto flujo de productos desde las plantas productoras para abastecer eficientemente a los Centros de Distribución de todo Chile.
Gestión de S&OP y S&OE: Participar activa y colaborativamente en los ciclos de S&OP y S&OE de la compañía, asegurando la correcta alineación entre los planes de mediano plazo y la ejecución operativa del día a día.
Optimización de Inventarios: Controlar y asegurar el cumplimiento de las políticas de inventario de la compañía mediante la gestión operativa y el seguimiento de indicadores clave.
Coordinación Transversal: Anticipar riesgos, resolver problemas operativos y coordinar transversalmente con las distintas áreas de la cadena de suministro..
Requisitos:
Titulo profesional en Ingeniería Comercial o Ingeniería Civil.
Experiencia mínima de 3 años en en áreas de planificación, abastecimiento, operaciones o supply chain.
Experiencia mínima de 3 años en cargos de jefatura o liderazgo de equipos, áreas de planificación, abastecimiento o gestión de la cadena de suministro.
Manejo avanzado de Microsoft Office, conocimiento herramientas de análisis de datos (Power BI, SQL u otras similares).
Deseable: Manejo de SAP IBP, manejo de SAP S/4HANA. 
Nuestro SER CCU nos inspira a trabajar con aceptación y respeto a las diferencias de las personas, promoviendo un entorno diverso e integrador, para así contribuir a un mejor vivir. Por esto, te agradecemos que nos compartas si necesitas adaptación en alguna etapa del proceso de postulación.
¡Te invitamos a SER CCU!","Titulo profesional en Ingeniería Comercial o Ingeniería Civil.
Experiencia mínima de 3 años en en áreas de planificación, abastecimiento, operaciones o supply chain.
Experiencia mínima de 3 años en cargos de jefatura o liderazgo de equipos, áreas de planificación, abastecimiento o gestión de la cadena de suministro.
Manejo avanzado de Microsoft Office, conocimiento herramientas de análisis de datos (Power BI, SQL u otras similares).
Deseable: Manejo de SAP IBP, manejo de SAP S/4HANA."
Ingeniero/a Control de Gestión - Las Condes,Otra Área,"Las Condes, Metropolitana de Santiago, Chile",Las Condes,Metropolitana de Santiago,2026-07-14,6102086,ccu,2026-07-16,2026-08-04,0.4381,Ingeniero,,Jornada Completa,CCU,Universitaria,Chile,0,2026-09-12,https://www.trabajaenccu.cl/trabajo/6102086-ingeniero-a-control-de-gestion-las-condes,,"¡En CCU nos apasiona crear experiencias para compartir juntos un mejor vivir!
Estamos buscando a nuestro/a próximo/a Ingeniero/a Control de Gestión para desempeñarse en la Compañía Pisquera de Chile (CPCh) ubicada en nuestro Edificio Corporativo de Las Condes.
Principales funciones:
Monitorear, analizar y controlar las desviaciones de los gastos mensuales, trimestrales y anuales (OPEX), asegurando la correcta imputación contable y la eficiencia en el uso de los recursos del área.
Colaborar activamente en la elaboración, consolidación y control del presupuesto anual del área, trabajando en conjunto con las jefaturas para proyectar gastos y optimizar desvíos.
Apoyar en el análisis detallado de costos y gastos operacionales del área industrial, con especial foco en el control y reportería de los procesos críticos de la temporada de vendimia.
Coordinar y ejecutar el proceso de pago a proveedores, asegurando el cumplimiento de las políticas internas de la compañía, los flujos de aprobación y las fechas de pago acordadas.
Elaborar informes de gestión financiera y preparar presentaciones ejecutivas para la Gerencia, traduciendo datos en información clara para la toma de decisiones.
Requisitos:
Título de Ingeniería Civil o Ingeniería Comercial.
0 a 6 meses de experiencia.
Manejo de Microsoft Office.
Excel nivel intermedio-avanzado.
Disponibilidad para trabajar 100% presencial en Las Condes.
Nuestro SER CCU nos inspira a trabajar con aceptación y respeto a las diferencias de las personas, promoviendo un entorno diverso e integrador, para así contribuir a un mejor vivir. Por esto, te agradecemos que nos compartas si necesitas adaptación en alguna etapa del proceso de postulación.
¡Te invitamos a SER CCU!","Título de Ingeniería Civil o Ingeniería Comercial.
0 a 6 meses de experiencia.
Manejo de Microsoft Office.
Excel nivel intermedio-avanzado.
Disponibilidad para trabajar 100% presencial en Las Condes."
Supervisor/a Administrativo/a Liquidación Valores - Quilicura,Otra Área,"Quilicura, Metropolitana de Santiago, Chile",Quilicura,Metropolitana de Santiago,2026-07-13,6101360,ccu,2026-07-16,2026-08-08,0.4532,Supervisor,,Por Turnos,CCU,Técnico profesional superior,Chile,2,2026-09-11,https://www.trabajaenccu.cl/trabajo/6101360-supervisor-a-administrativo-a-liquidacion-valores-quilicura,,"¡En CCU nos apasiona crear experiencias para compartir juntos un mejor vivir!
Con una amplia gama de marcas de bebestibles y experiencias, mejoramos y acompañamos distintos momentos de la vida, guiados por nuestros principios, en beneficio de las personas con las que nos relacionamos y el cuidado del medio ambiente.
Estamos buscando a un Supervisor/a Administrativo/a Liquidación Valores, para desempeñar sus funciones en nuestra planta ubicada en Quilicura.
Dentro de sus principales funciones se encuentran:
Supervisar y controlar los procesos de administración de cartera de cheques y cierre de caja.
Coordinar la gestión de valores, custodia documental y procesos administrativos asociados, garantizando la integridad, trazabilidad y resguardo de los activos bajo responsabilidad.
Validar la correcta clasificación, resguardo y registro de documentos y valores, conforme a las políticas internas y normativa vigente.
Liderar e implementar iniciativas de mejora continua orientadas a optimizar procesos, incrementar la eficiencia operativa y mejorar los niveles de servicio del área.
Asegurar el cumplimiento de políticas, procedimientos y estándares corporativos en materias de control interno, calidad, seguridad y gestión operacional.
Coordinar y supervisar las actividades del equipo, asegurando el cumplimiento de los objetivos operacionales, indicadores de desempeño y niveles de servicio.
Requisitos:
Título de Técnico Superior en administración de empresas Universitario, Ingeniería Comercial, Ingeniería en Administración, Contador Auditor o carreras afines.
2 a 3 años de experiencia en cargos similares.
Conocimientos básicos en SAP (deseable).
Conocimientos en la plataforma Truck (deseable).
Excel intermedio (bases de datos, fórmulas, tablas dinámicas).
Nuestro SER CCU nos inspira a trabajar con aceptación y respeto a las diferencias de las personas, promoviendo un entorno diverso e integrador, para así contribuir a un mejor vivir. Por esto, te agradecemos que nos compartas si necesitas adaptación en alguna etapa del proceso de postulación.
¡Te invitamos a SER CCU!","Requisitos:
Título de Técnico Superior en administración de empresas Universitario, Ingeniería Comercial, Ingeniería en Administración, Contador Auditor o carreras afines.
2 a 3 años de experiencia en cargos similares.
Conocimientos básicos en SAP (deseable).
Conocimientos en la plataforma Truck (deseable).
Excel intermedio (bases de datos, fórmulas, tablas dinámicas)."
Administrativo/a de Sucursal - Manantial - Temuco,Otra Área,"Temuco, La Araucanía, Chile",Temuco,La Araucanía,2026-07-13,6098452,ccu,2026-07-16,2026-08-06,0.4674,Administrativo,,Jornada Completa,Manantial,Técnico medio/ colegio técnico,Chile,2,2026-09-04,https://www.trabajaenccu.cl/trabajo/6098452-administrativo-a-de-sucursal-manantial-temuco,,"¡En CCU nos apasiona crear experiencias para compartir juntos un mejor vivir!
Nos encontramos en búsqueda de un/a Administrativo/a de Sucursal, para desempeñarse en nuestra unidad de negocio de Manantial, en Temuco.
Principales funciones:
Ordenar las rutas de reparto y realizar monitoreo de camiones en ruta.
Manejar cuadraturas de dinero, caja chica, depósitos bancarios, cuadratura de camiones y recepción de pagos vía transferencia.
Administrar órdenes de compra de clientes, coordinar retiros de servicio solicitados por clientes, y realizar preventa contactando a clientes activos.
Programar abastecimiento con planta.
Gestionar tickets de servicio técnico.
Atender a clientes que ingresan a la sucursal.
Requisitos:
Título de Técnico en administración de empresas o de Ingeniería en administración de empresas, o carreras afines.
Desde 2 años de experiencia en cargos administrativos.
Disponibilidad para trabajar en Temuco de manera 100% presencial.
Excel nivel intermedio (excluyente).
Manejo en SAP u otro ERP (deseable).
Nuestro SER CCU nos inspira a trabajar con aceptación y respeto a las diferencias de las personas, promoviendo un entorno diverso e integrador, para así contribuir a un mejor vivir. Por esto, te agradecemos que nos compartas si necesitas adaptación en alguna etapa del proceso de postulación.
¡Te invitamos a SER CCU!","Título de Técnico en administración de empresas o de Ingeniería en administración de empresas, o carreras afines.
Desde 2 años de experiencia en cargos administrativos.
Disponibilidad para trabajar en Temuco de manera 100% presencial.
Excel nivel intermedio (excluyente).
Manejo en SAP u otro ERP (deseable)."
Operador/a de Destilación - Salamanca ,Otra Área,"Salamanca, Coquimbo, Chile",Salamanca,Coquimbo,2026-07-10,6100602,ccu,2026-07-16,2026-09-06,0.3388,Operario,,Por Turnos,CCU,Técnico medio/ colegio técnico,Chile,2,2026-09-08,https://www.trabajaenccu.cl/trabajo/6100602-operador-a-de-destilacion-salamanca,,"¡En CCU nos apasiona crear experiencias para compartir juntos un mejor vivir!
Nos encontramos en búsqueda de un/a Operador/a de Destilación para trabajar en nuestra planta pisquera ubicada en Salamanca.
Principales funciones:
Desempeñar su rol y contribuir activamente a las prácticas APL , realizar las tareas asignadas y ser proactivo en la gestión APL Contribuir desde su rol al control y mantención permanente de las prácticas APL de forma de lograr siempre aprobación 1% de los controles APL.
Ejecutar las labores de su proceso, cautelando el uso eficiente de los recursos (agua, energía, combustibles, etc.) Asegurar el cumplimiento de las normativas medioambientales, cautelando el uso eficiente de los recursos minimizando con ello los costos de producción y tratamiento de los residuos.
Mantener buen clima laboral, mostrando colaboración y solidaridad con sus pares y jefaturas. Contribuir a través de una comunicación abierta, honesta y oportuna a un clima laboral adecuado aportando a la sustentabilidad de la empresa.
Utilizar los EPP asignados, mantener una conducta de autocuidado e higiene personal, siendo proactivo en identificar eventuales peligros. Asegura el cumplimiento del reglamento interno y contribuye al mejoramiento de las tasas de accidentabilidad y siniestralidad, siendo proactivo manteniendo una conducta de autocuidado identificando eventuales peligros.
Participar en las reuniones TPM del equipo de trabajo cumpliendo con su código de conducta, enfocados a resolver problemas, discutiendo, escuchando y manteniéndose abierto a las nuevas ideas , no oponiéndose al cambio y probando nuevos enfoque de trabajos asumidos por el equipo Contribuir desde su rol TPM a la implementación de los estándares de desempeño asociados a las Prácticas Fundacionales y Pilares, y lograr las metas establecidas en KPI y desempeño, con confianza y una moral alta.
Requisitos:
Enseñanza media técnico profesional completa y/o superior relacionado al cargo 
Disponibilidad para trabajar en turnos rotativos
Residir en Salamanca 
Nuestro SER CCU nos inspira a trabajar con aceptación y respeto a las diferencias de las personas, promoviendo un entorno diverso e integrador, para así contribuir a un mejor vivir. Por esto, te agradecemos que nos compartas si necesitas adaptación en alguna etapa del proceso de postulación.
¡Te invitamos a Ser CCU!","Requisitos:
Enseñanza media técnico profesional completa y/o superior relacionado al cargo 
Disponibilidad para trabajar en turnos rotativos
Residir en Salamanca"
Ingeniero/a Control de Activos - Las Condes,Otra Área,"Las Condes, Metropolitana de Santiago, Chile",Las Condes,Metropolitana de Santiago,2026-07-10,6100829,ccu,2026-07-16,2026-08-06,0.4163,Ingeniero,,Jornada Completa,CCU,Universitaria,Chile,0,2026-09-08,https://www.trabajaenccu.cl/trabajo/6100829-ingeniero-a-control-de-activos-las-condes,,"¡En CCU nos apasiona crear experiencias para compartir juntos un mejor vivir!
Estamos buscando a nuestro/a próximo/a Ingeniero/a en Control de Activos para desempeñarse en nuestro Edificio Corporativo ubicado en Las Condes.
El propósito del cargo consiste en controlar y gestionar activos a nivel nacional en conjunto con el área de ventas, velando siempre cumplir con los procedimientos internos y registros correspondientes en SGA para el seguimiento de los inventarios.
Principales desafíos del cargo:
Controlar y gestionar los activos de ventas a nivel nacional (coolers, máquinas de schop, máquinas de bebidas post mix, entre otros). 
Diseñar e implementar mejoras en procesos y sistema de gestión de activos, orientadas a optimizar su uso, aumentar la eficiencia operativa y maximizar su rentabilidad para la Compañía.
Liderar procesos administrativos relacionados a las bodegas de activos a nivel nacional, en conjunto con el área de ventas.
Administrar la cuadratura de activos con activo fijo, asegurando consistencia entre los registros contables y el control operativo. 
Mantener y garantizar el cumplimiento de los procedimientos relacionados con activos.
Generar reportería ad hoc para el área y los clientes internos.
Requisitos:
Título Profesional de Ingeniería Comercial, Ingeniería Civil Industrial o carrera afín.
Desde 0 a 6 meses de experiencia.
Manejo de Excel y herramientas de Office nivel intermedio/avanzado.
Deseable manejo en SQL, Looker Studio, Power BI, SAP. 
Nuestro SER CCU nos inspira a trabajar con aceptación y respeto a las diferencias de las personas, promoviendo un entorno diverso e integrador, para así contribuir a un mejor vivir. Por esto, te agradecemos que nos compartas si necesitas adaptación en alguna etapa del proceso de postulación.
¡Te invitamos a SER CCU!","Título Profesional de Ingeniería Comercial, Ingeniería Civil Industrial o carrera afín.
Desde 0 a 6 meses de experiencia.
Manejo de Excel y herramientas de Office nivel intermedio/avanzado.
Deseable manejo en SQL, Looker Studio, Power BI, SAP."
Chequeador - Calama,Otra Área,"Calama, Antofagasta, Chile",Calama,Antofagasta,2026-07-08,6099953,ccu,2026-07-16,2026-09-06,0.3551,Supervisor,,Jornada Completa,Transportes CCU,Técnico profesional superior,Chile,1,2026-09-06,https://www.trabajaenccu.cl/trabajo/6099953-chequeador-calama,,"¡Únete a CCU! Buscamos Chequeador en Calama
En CCU, mejoramos y acompañamos distintos momentos de la vida con nuestras marcas de bebestibles. Nos guiamos por principios que benefician a las personas, cuidamos el medio ambiente y estamos comprometidos con la Diversidad e Inclusión, valores clave para nuestro crecimiento sustentable.
Actualmente, estamos en la búsqueda de un Chequeador para nuestro Centro de Distribución en Calama.
Funciones principales:
Verificación y control de productos en la bodega.
Asegurar el cumplimiento de los estándares de calidad, seguridad y medioambiente.
Reportar datos precisos y comunicarlos para facilitar la toma de decisiones.
Participar en la resolución de problemas y mejora continua
Organización y control de inventarios.
Ofrecemos:
Un entorno de trabajo enfocado en el cumplimiento de objetivos y desarrollo de funciones.
Oportunidad de formar parte de una empresa reconocida en el sector.
Estabilidad laboral de acuerdo con tu desempeño.
Turnos rotativos: una semana de noche, una semana de tarde y una semana de día (lunes a sábado).
📍 Lugar de trabajo: Centro de Distribución CCU de Calama.
📩 Postula ahora enviando tu currículum y confirmando que vives en Calama! ¡Sé parte de este propósito con nosotros!","📌 Requisitos Obligatorios:
Estudios mínimos: Técnico Nivel Superior en Logística o Administración de Empresas.
Residencia en Calama (excluyente).
Disponibilidad para trabajar en turnos rotativos (una semana de noche, una semana de tarde y una semana de día, de lunes a sábado).
Disponibilidad para trabajar inicialmente con contrato a plazo fijo (con posibilidad de paso a indefinido según desempeño).
Postulantes extranjeros deben contar con permanencia definitiva."
Operador Eléctrico / Planta Manantial,Otra Área,"Quilicura, Metropolitana de Santiago, Chile",Quilicura,Metropolitana de Santiago,2026-07-08,6099470,ccu,2026-07-16,2026-09-06,0.3758,Operario,,Por Turnos,CCU,Técnico profesional superior,Chile,1,2026-09-06,https://www.trabajaenccu.cl/trabajo/6099470-operador-electrico-planta-manantial,,"¡En CCU nos apasiona crear experiencias para compartir juntos un mejor vivir!
Con una amplia gama de marcas de bebestibles y experiencias, mejoramos y acompañamos distintos momentos de la vida, guiados por nuestros principios, en beneficio de las personas con las que nos relacionamos y el cuidado del medio ambiente.
Actualmente estamos buscando a un/a Operador Eléctrico para desempeñarse en nuestra planta Manantial de Quilicura.
Funciones:
Acondicionamiento de equipos: Implementar las pruebas finales a equipos nuevos y reacondicionados, verificando su óptimo estado eléctrico, estructural y estético, realizando lavado profundo, renovación de pintura y reparación de piezas, con el fin de garantizar su óptimo funcionamiento para su disponibilización e instalación a Cliente.
Registro administrativo: Realizar el proceso administrativo de registro de equipos operativos, mediante su codificación, registro de tarjas y resúmenes en planilla de control, asegurando que cada uno de ellos cuente con su respectiva documentación para su disponibilización en bodega, garantizando la trazabilidad del inventario.
Logística interna y recepción de equipos: Ejecutar la movilización y trasladado de equipos ingresados y recepcionados al taller, operando de manera segura transpaletas manuales y/o eléctricas, asimismo mantener el orden físico, clasificación y correcta disposición de los dispensadores dentro del taller de Servicio Técnico y sus áreas colindantes.
Cumplimiento de normativas: Ejecutar las prácticas de manufactura y los registros exigidos por el Sistema Integrado de Gestión y HACCP, respetando las normas de higiene, seguridad y los procedimientos establecidos por la empresa, con el fin de cumplir con la seguridad y salud ocupacional propia y del equipo.
Requisitos del Cargo
Formación: Técnico Medio en especialidad industrial, Técnico Superior en Ejecución, Mecánica Industrial o carrera afín.
Experiencia: Desde 1 año de experiencia previa en cargos similares.
Dimensiones de Competencias / Conocimientos Normativos:
Seguridad: Conocer y aplicar Normativa internacional ISO 45001 y conocer información de uso y manejo de extintor.
Medioambiente: Conocer y aplicar la normativa internacional ISO 14001:2018.
Inocuidad: Conocer y aplicar buenas prácticas de manufactura (GMP), conocer HACCP (Análisis de peligros y puntos críticos de control) y conocer la normativa internacional ISO 22000:2015.
Nuestro SER CCU nos inspira a trabajar con aceptación y respeto a las diferencias de las personas, promoviendo un entorno diverso e integrador, para así contribuir a un mejor vivir. Por esto, te agradecemos que nos compartas si necesitas adaptación en alguna etapa del proceso de postulación.
¡Te invitamos a Ser CCU!","Técnico en Ejecución, Mecánica Industrial, Técnico Electromecánico o carrera afín.
Deseable 1 año de experiencia en cargos similares"
Analista Contable Trainee - Las Condes,Otra Área,"Las Condes, Metropolitana de Santiago, Chile",Las Condes,Metropolitana de Santiago,2026-07-08,6099749,ccu,2026-07-16,2026-08-08,0.5084,Analista,,Jornada Completa,CCU,Universitaria,Chile,1,2026-09-06,https://www.trabajaenccu.cl/trabajo/6099749-analista-contable-trainee-las-condes,,"¡En CCU nos apasiona crear experiencias para compartir juntos un mejor vivir!
Estamos en búsqueda de un/a Analista Contable Trainee para desempeñarse en nuestro edificio corporativo ubicado en la comuna de Las Condes.
Principales Funciones:
Análisis de cuentas contables, correspondiente al nodo de inventario.
Construcción de flujo de efectivo
Análisis de costos de venta.
Análisis de facturas por recibir e importaciones.
Realizar presentaciones de estado financiero a clientes asignados
Realización de encuestas INE
Coordinar provisiones mensuales.
Conciliación de cuentas contables
Apoyo constante a las distintas Unidades de Negocio
Requisitos:
Título Profesional de Contador Auditor.
Desde 1 año de experiencia en el área contable (no excluyente)
Manejo de Excel intermedio y deseable manejo de SAP (no excluyente)
Nuestro SER CCU nos inspira a trabajar con aceptación y respeto a las diferencias de las personas, promoviendo un entorno diverso e integrador, para así contribuir a un mejor vivir. Por esto, te agradecemos que nos compartas si necesitas adaptación en alguna etapa del proceso de postulación.
¡Te invitamos a SER CCU!","Título Profesional de Contador Auditor.
Desde 1 año de experiencia en el área contable (no excluyente)
Manejo de Excel intermedio y deseable manejo de SAP (no excluyente)"
Jefe de Planificación de Aprovisionamiento,Otra Área,"Las Condes, Metropolitana de Santiago, Chile",Las Condes,Metropolitana de Santiago,2026-07-07,6099054,ccu,2026-07-16,2026-08-08,0.4729,Jefe Área/Sección/Depto./Local,,Jornada Completa,CCU,Universitaria,Chile,3,2026-09-05,https://www.trabajaenccu.cl/trabajo/6099054-jefe-de-planificacion-de-aprovisionamiento,,"¡En CCU nos apasiona crear experiencias para compartir juntos un mejor vivir!
Nos encontramos en búsqueda de nuestro próximo Jefe/a de Planificación de Aprovisionamiento para desempeñarse en nuestro edificio corporativo ubicada en Av. Vitacura 2570, Las Condes.
Principales funciones:
Liderar el equipo de Planificación de Aprovisionamiento de Materias Primas, promoviendo una gestión colaborativa, proactiva y orientada a la mejora continua, con capacidad para anticipar riesgos, resolver problemas y coordinar transversalmente con las distintas áreas de la cadena de suministro. 
Asegurar la disponibilidad oportuna de materias primas para el cumplimiento del plan de producción, mediante una eficiente planificación del suministro, la optimización de inventarios, el seguimiento de indicadores y la gestión operativa con proveedores.
Requisitos:
Título profesional de Ingeniería Civil Industrial o Ingeniería Comercial.
Experiencia mínima de 3 años en cargos de jefatura o liderazgo de equipos, áreas de planificación, abastecimiento o gestión de la cadena de suministro.
Conocimiento herramientas de análisis de datos (Power BI, SQL u otras similares).
Manejo de SAP IBP, SAP S/4HANA, avanzado de Microsoft Office.
Manejo de herramientas de Inteligencia Artificial Generativa aplicadas al análisis de información, automatización y mejora de procesos
Disponibilidad para trabajar 100% presencial en Las Condes.
Nuestro SER CCU nos inspira a trabajar con aceptación y respeto a las diferencias de las personas, promoviendo un entorno diverso e integrador, para así contribuir a un mejor vivir. Por esto, te agradecemos que nos compartas si necesitas adaptación en alguna etapa del proceso de postulación.
¡Te invitamos a Ser CCU!","Requisitos:
Título profesional de Ingeniería Civil Industrial o Ingeniería Comercial.
Experiencia mínima de 3 años en cargos de jefatura o liderazgo de equipos, áreas de planificación, abastecimiento o gestión de la cadena de suministro.
Conocimiento herramientas de análisis de datos (Power BI, SQL u otras similares).
Manejo de SAP IBP, SAP S/4HANA, avanzado de Microsoft Office.
Manejo de herramientas de Inteligencia Artificial Generativa aplicadas al análisis de información, automatización y mejora de procesos
Disponibilidad para trabajar 100% presencial en Las Condes."
Auxiliar de Operaciones (Pickeador) - Calama,Otra Área,"Calama, Antofagasta, Chile",Calama,Antofagasta,2026-07-07,6098990,ccu,2026-07-16,2026-08-08,0.4221,Operario,,Jornada Completa,Transportes CCU,Media,Chile,1,2026-09-05,https://www.trabajaenccu.cl/trabajo/6098990-auxiliar-de-operaciones-pickeador-calama,,"¡Únete a CCU! Buscamos Auxiliares de Operaciones en Calama
En CCU, mejoramos y acompañamos distintos momentos de la vida con nuestras marcas de bebestibles. Nos guiamos por principios que benefician a las personas, cuidamos el medio ambiente y estamos comprometidos con la Diversidad e Inclusión, valores clave para nuestro crecimiento sustentable.
Actualmente, estamos en la búsqueda de Auxiliares de Operaciones de Bodega (para Picking) para nuestro Centro de Distribución en Calama.
🛠 Funciones Principales:
Preparación manual de pedidos según los requerimientos.
Verificación y control de productos.
Organización y limpieza del área de trabajo.
Manejo eficiente de tiempos para garantizar la entrega oportuna de los pedidos.
🕐 Jornada de Trabajo:
Turno principalmente de noche y de lunes a sábado.
En ocasiones excepcionales podría ser requerido en turnos de día o tarde.
Ofrecemos:
Un entorno de trabajo enfocado en el cumplimiento de objetivos y desarrollo de funciones.
Oportunidad de formar parte de una empresa reconocida en el sector.
Estabilidad laboral de acuerdo con tu desempeño.
📍 Lugar de trabajo: Centro de Distribución CCU de Calama.
📩 Postula ahora enviando tu currículum y confirmando que vives en Calama! ¡Sé parte de este propósito con nosotros!","📌 Requisitos Obligatorios:
Enseñanza media completa
Residencia en Calama (excluyente).
Disponibilidad para trabajar en turno noche, de lunes a sábado.
Disponibilidad para trabajar inicialmente con contrato a plazo fijo (con posibilidad de paso a indefinido según desempeño).
Postulantes extranjeros deben contar con permanencia definitiva."
Auxiliar de Operaciones (Pickeador) - Arica,Otra Área,"Arica, Arica y Parinacota, Chile",Arica,Arica y Parinacota,2026-07-07,6098986,ccu,2026-07-16,2026-08-08,0.4449,Operario,,Jornada Completa,Transportes CCU,Media,Chile,1,2026-09-05,https://www.trabajaenccu.cl/trabajo/6098986-auxiliar-de-operaciones-pickeador-arica,,"¡Únete a CCU! Buscamos Auxiliares de Operaciones en Arica
En CCU, mejoramos y acompañamos distintos momentos de la vida con nuestras marcas de bebestibles. Nos guiamos por principios que benefician a las personas, cuidamos el medio ambiente y estamos comprometidos con la Diversidad e Inclusión, valores clave para nuestro crecimiento sustentable.
Actualmente, estamos en la búsqueda de Auxiliares de Operaciones de Bodega (para Picking) para nuestro Centro de Distribución en Arica.
🛠 Funciones Principales:
Preparación manual de pedidos según los requerimientos.
Verificación y control de productos.
Organización y limpieza del área de trabajo.
Manejo eficiente de tiempos para garantizar la entrega oportuna de los pedidos.
🕐 Jornada de Trabajo:
Turno principalmente de noche y de lunes a sábado.
En ocasiones excepcionales podría ser requerido en turnos de día o tarde.
Ofrecemos:
Un entorno de trabajo enfocado en el cumplimiento de objetivos y desarrollo de funciones.
Oportunidad de formar parte de una empresa reconocida en el sector.
Estabilidad laboral de acuerdo con tu desempeño.
📍 Lugar de trabajo: Centro de Distribución CCU de Arica.
📩 Postula ahora enviando tu currículum y confirmando que vives en Arica! ¡Sé parte de este propósito con nosotros!","📌 Requisitos Obligatorios:
Enseñanza media completa
Residencia en Calama (excluyente).
Disponibilidad para trabajar en turno noche, de lunes a sábado.
Disponibilidad para trabajar inicialmente con contrato a plazo fijo (con posibilidad de paso a indefinido según desempeño).
Postulantes extranjeros deben contar con permanencia definitiva."
Ingeniero/a Marketing Watt´s y Frugo - Las Condes,Otra Área,"Las Condes, Metropolitana de Santiago, Chile",Las Condes,Metropolitana de Santiago,2026-07-07,6098908,ccu,2026-07-16,2026-08-06,0.4442,Ingeniero,,Jornada Completa,CCU,Universitaria,Chile,0,2026-09-05,https://www.trabajaenccu.cl/trabajo/6098908-ingeniero-a-marketing-watt-s-y-frugo-las-condes,,"¡En CCU nos apasiona crear experiencias para compartir juntos un mejor vivir!
Estamos en búsqueda de un/a Ingeniero/a Marketing Watt´s y Frugo para trabajar en nuestro Edificio Corporativo en Las Condes.
Principales funciones:
Desarrollo y construcción de la marca en base al posicionamiento deseado.
Coordinar trabajo de las agencias de publicidad y agencia de medios.
Apoyar y trabajar en conjunto con las áreas de ventas; análisis, planes, acciones.
Apoyar proactivamente y ejecutar la estrategia de marcas de manera eficiente y efectiva.
Liderar innovación de la marca trabajando en conjunto con distintas áreas de la Compañía.
Potenciar en conjunto con las áreas de la Compañía el desarrollo de los distintos canales de ventas: análisis de oportunidades y planes de acciones.
Preparar y administrar en el presupuesto de marketing de la marca.
Requisitos:
Título de Ingeniería Comercial, Ingeniería Civil o carrera afín.
De 0 a 6 meses de experiencia.
Manejo de Excel nivel intermedio.
Disponibilidad para trabajar 100% presencialmente en Las Condes.
Nuestro SER CCU nos inspira a trabajar con aceptación y respeto a las diferencias de las personas, promoviendo un entorno diverso e integrador, para así contribuir a un mejor vivir. Por esto, te agradecemos que nos compartas si necesitas adaptación en alguna etapa del proceso de postulación.
¡Te invitamos a Ser CCU!","Título de Ingeniería Comercial, Ingeniería Civil o carrera afín.
De 0 a 6 meses de experiencia.
Manejo de Excel nivel intermedio.
Disponibilidad para trabajar 100% presencialmente en Las Condes."
Ingeniero/a de Planificación Demanda - Las Condes,Otra Área,"Las Condes, Metropolitana de Santiago, Chile",Las Condes,Metropolitana de Santiago,2026-07-07,6098962,ccu,2026-07-16,2026-08-06,0.5398,Ingeniero,,Jornada Completa,CCU,Universitaria,Chile,0,2026-09-05,https://www.trabajaenccu.cl/trabajo/6098962-ingeniero-a-de-planificacion-demanda-las-condes,,"¡En CCU nos apasiona crear experiencias para compartir juntos un mejor vivir!
Estamos buscando a nuestro/a próximo/a Ingeniero/a de Planificación Demanda para nuestra Gerencia de Planificación Integrada (PPI) en el Edificio Corporativo de Las Condes.
Principales funciones:
Planificar la demanda de los Centros de Distribución (CDs) para la categoría asignada (Analcoholes), con el objetivo de contar con stock para Canal Tradicional (almacenes y botillerías).
Monitorear y analizar KPIs de forecast accuracy, generando reportería para la toma de decisiones.
Desarrollar el proceso de planificación de la demanda a fin de generar información para el área de producción, logística, aprovisionamiento, etc.
Relacionarse con el área de ventas para recopilar la información de los distintos distritos comerciales con el objetivo de entregar input al equipo de Demanda.
Requisitos:
Título de Ingeniería Civil Industrial, Ingeniería Comercial o carrera afín.
0 - 6 meses de experiencia.
Manejo de Excel nivel intermedio y herramientas de Google.
Manejo de BBDD SQL deseable.
Disponibilidad para trabajar en modalidad presencial en Las Condes y disponibilidad para ir a ruta. 
Nuestro SER CCU nos inspira a trabajar con aceptación y respeto a las diferencias de las personas, promoviendo un entorno diverso e integrador, para así contribuir a un mejor vivir. Por esto, te agradecemos que nos compartas si necesitas adaptación en alguna etapa del proceso de postulación.
¡Te invitamos a SER CCU!","Título de Ingeniería Civil Industrial, Ingeniería Comercial o carrera afín.
0 - 6 meses de experiencia.
Manejo de Excel nivel intermedio y herramientas Google.
Manejo de BBDD SQL deseable.
Disponibilidad para trabajar en modalidad presencial en Las Condes y disponibilidad para ir a ruta."
Encargado/a de Comunicaciones Internas,Otra Área,"Las Condes, Metropolitana de Santiago, Chile",Las Condes,Metropolitana de Santiago,2026-07-03,6097947,ccu,2026-07-16,2026-08-08,0.4493,Encargado,,Jornada Completa,CCU,Universitaria,Chile,3,2026-09-01,https://www.trabajaenccu.cl/trabajo/6097947-encargado-a-de-comunicaciones-internas,,"¡En CCU nos apasiona crear experiencias para compartir juntos un mejor vivir!
Nos encontramos en búsqueda de nuestro próximo Encargado/a de Comunicaciones Internas para desempeñarse en nuestro Edificio Corporativo ubicado en Las Condes.
Principales funciones:
Diseñar y desarrollar planes de comunicación interna, según la planificación estratégica y el presupuesto de éstas, para las unidades de negocio y áreas de CCU asignadas, a fin de contribuir a la disponibilidad de información y objetivos de la empresa. 
Diseñar propuestas comunicacionales y de gestión del cambio para acompañar las diferentes iniciativas de las gerencias a las cuales presta servicio.
Elaborar y gestionar contenidos para los diferentes canales de comunicación interna, asegurando información clara, oportuna y alineada con los objetivos de la organización.
Participar en la implementación de acciones que promuevan la adopción de la cultura SER CCU, tales como campañas, talleres y lanzamientos conforme a las prácticas y lineamientos de la empresa, a fin de potenciar la cultura organizacional.
Apoyar y ejecutar eventos internos.
Requisitos:
Título Profesional de Periodismo.
Desde 3 años de experiencia en cargos similares. 
Manejo de Office nivel intermedio. 
Manejo de plataformas de administración de sitios web (Ej: WordPress). 
Deseable experiencia en edición de videos y fotografías. 
Disponibilidad para trabajar 100% presencial en Las Condes.
Nuestro SER CCU nos inspira a trabajar con aceptación y respeto a las diferencias de las personas, promoviendo un entorno diverso e integrador, para así contribuir a un mejor vivir. Por esto, te agradecemos que nos compartas si necesitas adaptación en alguna etapa del proceso de postulación.
¡Te invitamos a Ser CCU!","Requisitos:
Título Profesional de Periodismo.
Desde 3 años de experiencia en cargos similares. 
Manejo de Office nivel intermedio. 
Manejo de plataformas de administración de sitios web (Ej: WordPress). 
Deseable experiencia en edición de videos y fotografías. 
Disponibilidad para trabajar 100% presencial en Las Condes."
Coordinador/a Sistemas de Calidad - Coinco,Otra Área,"Coinco, Lib. Gral. Bdo. O'Higgins, Chile",Coinco,Lib. Gral. Bdo. O'Higgins,2026-07-01,6097037,ccu,2026-07-16,2026-08-08,0.4708,Coordinador,,Jornada Completa,CCU,Universitaria,Chile,1,2026-08-30,https://www.trabajaenccu.cl/trabajo/6097037-coordinador-a-sistemas-de-calidad-coinco,,"¡En CCU nos apasiona crear experiencias para compartir juntos un mejor vivir!
Estamos en búsqueda de nuestro/a próximo/a Coordinador/a de Calidad para desempeñarse en nuestra planta ubicada en Coinco.
El propósito del cargo es diseñar en conjunto con las áreas y actualizar los KPI estratégicos y liderar la transformación digital para identificar oportunidades de mejora y automatización de tareas, además de controlar el presupuesto asignado a través de planes de trabajo eficientes, e impulsar proyectos de mejora bajo estándares de calidad (TPM) y control de data para la prevención de vencimientos. Su función es facilitar la optimización operativa y la mitigación de riesgos sobre el cumplimiento de las metas del área y del negocio.
Principales funciones:
Controlar y resolver oportunamente la liberación de productos retenidos, asegurando la preservación de su calidad y evitando pérdidas por caducidad.
Gestionar el ciclo integral de reclamos, abarcando desde el ingreso y análisis de causa raíz, hasta la emisión de reportes e informes de seguimiento.
Administrar y reportar indicadores clave de rendimiento del área para la toma de decisiones.
Garantizar el cumplimiento de los procedimientos de calidad, ejecutando controles y registros exhaustivos en materias primas, productos en proceso y producto terminado, bajo los estándares de las licencias y el pilar de calidad de la planta.
Requisitos:
Título Superior en Ingeniería Química o carreras afines
2 años de experiencia previa en cargos similares y/0 empresas de consumo masivo.
Experiencia en auditorías y acciones correctivas
Experiencia en control y actualización de registros
Manejo de SAP
Excel y Autoclave
Experiencia en gestión de normas SIG
Nuestro SER CCU nos inspira a trabajar con aceptación y respeto a las diferencias de las personas, promoviendo un entorno diverso e integrador, para así contribuir a un mejor vivir. Por esto, te agradecemos que nos compartas si necesitas adaptación en alguna etapa del proceso de postulación.
¡Te invitamos a SER CCU!","Requisitos:
Título Superior en Ingeniería Química o carreras afines
2 años de experiencia previa en cargos similares y/0 empresas de consumo masivo.
Experiencia en auditorías y acciones correctivas
Experiencia en control y actualización de registros
Manejo de SAP
Excel y Autoclave
Experiencia en gestión de normas SIG"
Jefe/a Senior Relación con Inversionistas,Otra Área,"Las Condes, Metropolitana de Santiago, Chile",Las Condes,Metropolitana de Santiago,2026-07-01,6096722,ccu,2026-07-16,2026-08-08,0.4427,Jefe Área/Sección/Depto./Local,,Jornada Completa,CCU,Universitaria,Chile,3,2026-08-30,https://www.trabajaenccu.cl/trabajo/6096722-jefe-a-senior-relacion-con-inversionistas,,"¡En CCU nos apasiona crear experiencias para compartir juntos un mejor vivir!
Nos encontramos en búsqueda de nuestro próximo Jefe/a Senior Relación con Inversionistas para desempeñarse en nuestro edificio corporativo ubicado en Av. Vitacura 2670, Las Condes.
Principales funciones:
Coordinar el proceso de elaboración de la Memoria Anual Integrada y formulario 20-F, incluyendo: solicitud de información, coordinación con las áreas de Legal, Sustentabilidad y Contraloría, revisiones y publicación de ambos documentos.
Apoyar el proceso de publicación trimestral de resultados, incluyendo: redacción del reporte trimestral de resultados, material de apoyo para las llamadas de conferencia y actualización de presentación corporativa.
Llevar un seguimiento de los reportes de analistas de la compañía y su competencia. Realizar benchmarks de resultados de CCU y su competencia.
Mantener actualización del sitio web de relación con inversionistas. Publicar oportunamente reportes financieros y hechos relevantes coordinándose con el área legal.
Elaborar presupuesto de área de Relación con inversionistas. Seguimiento de gastos y pago a proveedores del área.
Requisitos:
Título Profesional de Ingeniería Comercial, Ingeniería en Información o carrera afin.
Experiencias en áreas de control de gestión, planificación, contabilidad y sustentabilidad.
Manejo de Excel y Power Point.
Manejo básico/intermedio de Google Drive.
Deseable formación en finanzas y/o conocimiento de contabilidad.
Disponibilidad para trabajar 100% presencial en Las Condes.
Nuestro SER CCU nos inspira a trabajar con aceptación y respeto a las diferencias de las personas, promoviendo un entorno diverso e integrador, para así contribuir a un mejor vivir. Por esto, te agradecemos que nos compartas si necesitas adaptación en alguna etapa del proceso de postulación.
¡Te invitamos a Ser CCU!","Requisitos:
Título Profesional de Ingeniería Comercial, Ingeniería en Información o carrera afín.
Al menos 3 años de experiencia laboral en áreas de control de gestión, planificación, contabilidad y sustentabilidad.
Manejo de Excel y Power Point.
Manejo básico/intermedio de Google Drive.
Deseable formación en finanzas y/o conocimiento de contabilidad.
Disponibilidad para trabajar 100% presencial en Las Condes."
Planificador de Mantenimiento - Coinco,Otra Área,"Coinco, Lib. Gral. Bdo. O'Higgins, Chile",Coinco,Lib. Gral. Bdo. O'Higgins,2026-06-25,6095101,ccu,2026-07-16,2026-08-08,0.4259,Especialista,,Jornada Completa,.,Universitaria,Chile,2,2026-08-24,https://www.trabajaenccu.cl/trabajo/6095101-planificador-de-mantenimiento-coinco,,"¡En CCU nos apasiona crear experiencias para compartir juntos un mejor vivir!
Nos encontramos en búsqueda de un/a Planificador de Mantenimiento para nuestra nueva planta ubicada en Coinco.
Funciones:
Responsable de gestionar los recursos aprobados para la programación y ejecución de las mantenciones preventivas, correctivas y predictivas de los activos de la planta.
Gestionar el plan de mantenimiento de la planta, control de ordenes de trabajo y generar listas de inspección a fin de asegurar la programación y ejecución de las mantenciones requeridas por la organización.
Liderar la gestión de recursos para que se ejecutar de manera efectiva las mantenciones prevetivas, correctivas y predictivas de los activos de la planta.
Contribuir con mantener un entorno seguro para los empleados, contratistas y visitantes de acuerdo con las regulaciones, políticas y procedimientos legales, de CCU y normativas locales aplicables.
Liderar y expandir la resolución de problemas, cumpliendo rigurosamente con los estándares de las prácticas TPM, con el fin de conseguir la mejora continua en el desempeño de los indicadores establecidos.
Requisitos:
Título de Técnico superior en Automatización, Eléctricos o Electromecánico, Mentenimiento Industrial o carrera a fin. 
Al menos 2 años de experiencia en Operación y/o Mantención.
Manejo de SAP.
Nuestro SER CCU nos inspira a trabajar con aceptación y respeto a las diferencias de las personas, promoviendo un entorno diverso e integrador, para así contribuir a un mejor vivir. Por esto, te agradecemos que nos compartas si necesitas adaptación en alguna etapa del proceso de postulación.
¡Te invitamos a SER CCU!","Título de Técnico superior en Automatización, Eléctricos o Electromecánico, Mentenimiento Industrial o carrera a fin. 
Al menos 3 años de experiencia en Operación y/o Mantención.
Manejo de SAP."
KAM Supermercados CPCh,Otra Área,"Las Condes, Metropolitana de Santiago, Chile",Las Condes,Metropolitana de Santiago,2026-06-23,6086515,ccu,2026-07-16,2026-07-21,0.5251,Otro Profesional,,Jornada Completa,CPCH,Universitaria,Chile,2,2026-07-23,https://www.trabajaenccu.cl/trabajo/6086515-kam-supermercados-cpch,,"¡En CCU nos apasiona crear experiencias para compartir juntos un mejor vivir!
Estamos buscando a un/a KAM de Supermercados para desempeñarse en nuestro Edificio Corporativo de Las Condes.
Principales funciones:
Liderar el Joint Business Plan (JBP) omnicanal, alineando los objetivos estratégicos de la compañía con los del supermercado. Construir y escalar relaciones de alto nivel con tomadores de decisión para asegurar el crecimiento mutuo y sostenible a mediano y largo plazo.
Impulsar el crecimiento y la captura de Market Share. Liderar la incorporación de innovaciones, optimizar el portafolio y dinamizar el sell-out posicionándose como asesor experto bajo una visión de Category Management.
Garantizar la correcta ejecución en el punto de venta de todos los acuerdos y planes promocionales. Trabajar en sinergia con Trade Marketing y Abastecimiento para maximizar el Nivel de Servicio. Evitar quiebres de stock y asegurar el cumplimiento estricto de los contratos.
Administrar el Estado de Resultados (P&L) de la cuenta para maximizar volumen, precios y margen. Optimizar gasto en publicidad asegurando el retorno de inversión (ROI) de las actividades comerciales, y liderar la salud financiera de la cuenta (NNCC, Cobranza).
Requisitos:
Título Profesional de Ingeniería Comercial, Ingeniería en Información o carrera afín.
Desde 2 años de experiencia en áreas comerciales, trade marketing o afín.
Manejo de Excel, Power Point, PowerBI / Looker Studio.
Disponibilidad para trabajar en modalidad presencial en Las Condes.
Nuestro SER CCU nos inspira a trabajar con aceptación y respeto a las diferencias de las personas, promoviendo un entorno diverso e integrador, para así contribuir a un mejor vivir. Por esto, te agradecemos que nos compartas si necesitas adaptación en alguna etapa del proceso de postulación.
¡Te invitamos a Ser CCU!","Requisitos:
Título Profesional de Ingeniería Comercial, Ingeniería en Información o carrera afín.
Desde 2 años de experiencia en áreas comerciales, trade marketing o afín.
Manejo de Excel, Power Point, PowerBI / Looker Studio.
Disponibilidad para trabajar en modalidad presencial en Las Condes."
Mecánico/a  A - Renca,Otra Área,"Renca, Metropolitana de Santiago, Chile",Renca,Metropolitana de Santiago,2026-06-22,6085403,ccu,2026-07-16,2026-08-08,0.3846,Mantenedor,,Jornada Completa,CCU,Técnico medio/ colegio técnico,Chile,5,2026-08-21,https://www.trabajaenccu.cl/trabajo/6085403-mecanico-a-a-renca,,"¡En CCU nos apasiona crear experiencias para compartir juntos un mejor vivir!!
Con una amplia gama de marcas de bebestibles y experiencias, mejoramos y acompañamos distintos momentos de la vida, guiados por nuestros principios, en beneficio de las personas con las que nos relacionamos y el cuidado del medio ambiente.
Estamos buscando a un(a) Técnico Electromecánico, Mecánicos, para desempeñarse en nuestra planta ubicada en Renca.
Principales funciones:
Ejecutar y actualizar planes de mantenimiento preventivo y predictivo, asegurando la ejecución oportuna y eficaz de las tareas programadas.
Ejecutar los mantenimientos correctivos, garantizando una rápida respuesta ante fallas, minimizando el tiempo de inactividad y el impacto en la operación.
Optimizar el uso de recursos técnicos, humanos y materiales, buscando eficiencia en costos y tiempo, y alineando las acciones con los objetivos productivos y de sustentabilidad de la planta.
Asegurar la adherencia a la planificación y programación de mantenciones, generando reportes de cumplimiento, desvíos y oportunidades de mejora.
Participar activamente en iniciativas de mejora continua (UPS), Pilares TPM, auditorías internas, y comités de gestión operativa.
Velar por el cumplimiento de los KPI y KAI del área de mantención, aportando al logro de indicadores globales de eficiencia operativa y disponibilidad de equipos.
Colaborar con el equipo de mantención, promoviendo el trabajo colaborativo, la capacitación continua y el desarrollo de competencias en el equipo.
Requisitos 
Técnico o Ingeniero en Mantenimiento Industrial, Mecánica, Electrónica o carrera a fin.
5 años de experiencia en cargos similares en plantas industriales.
Conocimientos técnicos en TPM, SAP PM, análisis de fallas, planificación de mantenimiento y gestión de equipos técnicos.
Deseable manejo de herramientas de mejora continua (Lean, Six Sigma) y sistemas de control de activos.
Nuestro SER CCU nos inspira a trabajar con aceptación y respeto a las diferencias de las personas, promoviendo un entorno diverso e integrador, para así contribuir a un mejor vivir. Por esto, te agradecemos que nos compartas si necesitas adaptación en alguna etapa del proceso de postulación.
¡Te invitamos a Ser CCU!","Técnico o Ingeniero en Mantenimiento Industrial, Mecánica, Electrónica o carrera a fin.
5 años de experiencia en cargos similares en plantas industriales.
Conocimientos técnicos en TPM, SAP PM, análisis de fallas, planificación de mantenimiento y gestión de equipos técnicos.
Deseable manejo de herramientas de mejora continua (Lean, Six Sigma) y sistemas de control de activos."
Analista de Administración y Finanzas - Manantial,Otra Área,"Quilicura, Metropolitana de Santiago, Chile",Quilicura,Metropolitana de Santiago,2026-06-19,6084871,ccu,2026-07-16,2026-07-27,0.4739,Analista,,Jornada Completa,CCU,Universitaria,Chile,0,2026-08-18,https://www.trabajaenccu.cl/trabajo/6084871-analista-de-administracion-y-finanzas-manantial,,"¡En CCU nos apasiona crear experiencias para compartir juntos un mejor vivir!
Nos encontramos en búsqueda de un/a Analista de Administración y Finanzas para desempeñarse en nuestras oficinas de Manantial en Quilicura.
El propósito del cargo es ser responsable de registrar y analizar información estratégica relacionada al área financiera respecto al control de gestión, interpretación de índices financieros y evaluación de oportunidades de inversión, identificando desviaciones en los resultados obtenidos respecto a las prácticas implementadas por el departamento.
Principales Funciones:
Ejecutar y hacer seguimiento al Plan Estratégico determinado por la Gerencia del área, con el fin de gestionar y velar por el cumplimiento de los objetivos e indicadores asociados.
Elaborar el presupuesto anual de la compañía, analizando las tendencias de gastos e ingresos con el objetivo de preveer y optimizar la gestión de recursos.
Analizar los resultados obtenidos del ejercicio mensual del negocio, elaborando reportería sobre los estados financieros actual y pasados para evaluar la situación de la compañía con el propósito de facilitar la toma de decisiones estratégicas en la Compañía.
Elaborar informes tanto de corto como largo plazo, dependiendo de la frecuencia de entrega, y analizar las fluctuaciones de los indicadores asociados al área, con el objetivo de hacer seguimiento y captar las necesidades del área.
Generar reportes mensuales, analizando la situación de cada zona en la que está presente Manantial y evaluar las oportunidades en las distintas carteras de clientes.
Requisitos:
Título de Ingeniería Comercial, Ingeniero Civil Industrial o carrera a fin.
De 0 a 6 meses de experiencia.
Excel nivel intermedio - avanzado.
Disponibilidad para trabajar 100% presencial en Quilicura.
Nuestro SER CCU nos inspira a trabajar con aceptación y respeto a las diferencias de las personas, promoviendo un entorno diverso e integrador, para así contribuir a un mejor vivir. Por esto, te agradecemos que nos compartas si necesitas adaptación en alguna etapa del proceso de postulación.
¡Te invitamos a SER CCU!","Requisitos:
Título de Ingeniería Comercial, Ingeniero Civil Industrial o carrera a fin.
De 0 a 6 meses de experiencia.
Excel nivel intermedio - avanzado.
Disponibilidad para trabajar 100% presencial en Quilicura."
Operador/a Mantenedor/a Envasado - Renca ,Otra Área,"Renca, Metropolitana de Santiago, Chile",Renca,Metropolitana de Santiago,2026-06-18,6084152,ccu,2026-07-16,2026-08-08,0.4127,Operario,,Jornada Completa,CCU,Técnico profesional superior,Chile,1,2026-08-17,https://www.trabajaenccu.cl/trabajo/6084152-operador-a-mantenedor-a-envasado-renca,,"En CCU nos apasiona crear experiencias para compartir juntos un mejor vivir. Con una amplia gama de marcas de bebestibles y experiencias, mejoramos y acompañamos distintos momentos de la vida, guiados por nuestros principios, en beneficio de las personas con las que nos relacionamos y el cuidado del medio ambiente. 
Actualmente estamos buscando a un Operador Mantenedor para desempeñarse en nuestra planta de Renca.
Principales funciones:
Operación y Ajuste: Operar y ajustar los equipos asignados según sus especificaciones técnicas para cumplir con el plan de producción, asegurando la calidad del producto.
Mantenimiento Técnico: Ejecutar tareas de mantenimiento preventivo y correctivo para garantizar la continuidad operativa de las maquinarias.
Seguridad y Autocuidado: Cumplir con el reglamento de higiene y seguridad, utilizando sus implementos de protección y colaborando con el pilar de seguridad (TPM/PPA) para prevenir accidentes.
Calidad e Inocuidad: Realizar controles y registros bajo los estándares de las licencias de la planta para garantizar productos seguros y de calidad.
Mejora Continua (TPM): Participar activamente en la eliminación de pérdidas y resolución de problemas mediante auditorías y capacitaciones para mejorar los indicadores de la planta.
Reportes: Comunicar de forma oportuna cualquier desviación en los resultados o el funcionamiento de los equipos a las áreas correspondientes.
Requisitos Mínimos:
Formación: Técnico Superior o Ingeniería en Mecánica, Electrónica, Electricidad, Automatización o carrera afín.
Experiencia: desde 1 año de experiencia en operaciones industriales.
Conocimientos: Manejo de Excel, normas de calidad (FSSC22000), seguridad (ISO 45001) y medio ambiente (ISO 50001).
¡Te invitamos a SER CCU!","Requisitos mínimos:
Formación: Técnico Superior o Ingeniería en Mecánica, Electrónica, Electricidad, Automatización o carrera afín.
Experiencia: desde 1 año de experiencia en operaciones industriales.
Conocimientos: Manejo de Excel, normas de calidad (FSSC22000), seguridad (ISO 45001) y medio ambiente (ISO 50001)."
Coordinador/a SIG/MPD - Coinco,Otra Área,"Coinco, Lib. Gral. Bdo. O'Higgins, Chile",Coinco,Lib. Gral. Bdo. O'Higgins,2026-06-18,6084675,ccu,2026-07-16,2026-08-08,0.4973,Coordinador,,Jornada Completa,CCU,Universitaria,Chile,1,2026-08-17,https://www.trabajaenccu.cl/trabajo/6084675-coordinador-a-sig-mpd-coinco,,"¡En CCU nos apasiona crear experiencias para compartir juntos un mejor vivir!
Estamos en búsqueda de nuestro/a próximo/a Coordinador/a SIG/MDP para desempeñarse en nuestra planta ubicada en Coinco.
El propósito del cargo es diseñar en conjunto con las áreas y actualizar los KPI estratégicos y liderar la transformación digital para identificar oportunidades de mejora y automatización de tareas, además de controlar el presupuesto asignado a través de planes de trabajo eficientes, e impulsar proyectos de mejora bajo estándares de calidad (TPM) y control de data para la prevención de vencimientos. Su función es facilitar la optimización operativa y la mitigación de riesgos sobre el cumplimiento de las metas del área y del negocio.
Principales funciones:
Representar en auditorías internas y externas del Sistema Integrado de Gestión (SIG), asegurando su continuidad y el cumplimiento de los estándares de calidad, seguridad y medio ambiente.
Gestionar las licencias requeridas en la operación a través del sistema y metodología TPM (Total Productive Maintenance), impulsando la mejora continua en la planta.
Garantizar el cumplimiento normativo y legal de los procesos productivos bajo las directrices del Modelo de Prevención del Delito (MPD).
Vincular los procesos operativos con la sustentabilidad, asegurando la inocuidad alimentaria para los consumidores y mitigando riesgos bajo normativas específicas.
Reportar de forma directa a la Jefatura TPM/SSO y a la Subgerencia de Operaciones, manteniendo una comunicación fluida sobre el estado del SIG y cumplimiento legal.
Requisitos:
Título de Técnico Superior en Prevención de Riesgos, Medio Ambiente o carrera afín.
0 a 2 años de experiencia previa.
Conocimientos normativos en LOTO, ISO 22000 e ISO 14001 y formación/conocimiento como Auditor Líder y BPM. Manejo de SAP, Power BI (Análisis de Datos), Office (Excel, PowerPoint) y Herramientas Google.
Disponibilidad para trabajar en Coinco
Nuestro SER CCU nos inspira a trabajar con aceptación y respeto a las diferencias de las personas, promoviendo un entorno diverso e integrador, para así contribuir a un mejor vivir. Por esto, te agradecemos que nos compartas si necesitas adaptación en alguna etapa del proceso de postulación.
¡Te invitamos a SER CCU!","Requisitos:
Título de Técnico Superior en Prevención de Riesgos, Medio Ambiente o carrera afín.
0 a 2 años de experiencia previa.
Conocimientos normativos en LOTO, ISO 22000 e ISO 14001 y formación/conocimiento como Auditor Líder y BPM. Manejo de SAP, Power BI (Análisis de Datos), Office (Excel, PowerPoint) y Herramientas Google.
Disponibilidad para trabajar en Coinco"
Operador Mantenedor Área Elaboración - NPR,Otra Área,"Renca, Metropolitana de Santiago, Chile",Renca,Metropolitana de Santiago,2026-06-16,6083405,ccu,2026-07-16,2026-08-08,0.4259,Operario,,Por Turnos,CCU,Técnico profesional superior,Chile,1,2026-08-15,https://www.trabajaenccu.cl/trabajo/6083405-operador-mantenedor-area-elaboracion-npr,,"¡¡En CCU nos apasiona crear experiencias para compartir juntos un mejor vivir!!
Con una amplia gama de marcas de bebestibles y experiencias, mejoramos y acompañamos distintos momentos de la vida, guiados por nuestros principios, en beneficio de las personas con las que nos relacionamos y el cuidado del medio ambiente. Estamos buscando a un Mantenedor Operador, para desempeñarse en la planta NPR en el área de Elaboración ubicada en Renca.
Funciones:
Operación de Maquinaria: Asegurar la operación eficiente y continua de las maquinarias de producción asignadas.
Mantenimiento Autónomo: Ejecutar de manera oportuna los mantenimientos preventivos y correctivos autónomos para maximizar la disponibilidad de los equipos.
Resolución de Problemas (TPM): Aplicar metodologías TPM para solucionar fallas y optimizar los activos.
Optimización de Procesos: Identificar pérdidas en el proceso productivo y proponer mejoras.
Seguridad y Calidad: Cumplir con los estándares de seguridad y calidad de la empresa.
Requisitos:
Educación: Técnico Superior o Ingeniería en las siguientes áreas: Electricidad / Electrónica, Mecánica Automatización, Ingeniería Química, Ingeniería de Calidad o carreras de nivel superior afines.
Conocimientos Técnicos:
Experiencia en mantenimiento preventivo/correctivo de maquinaria industrial.
Metodología TPM.
Nuestro SER CCU nos inspira a trabajar con aceptación y respeto a las diferencias de las personas, promoviendo un entorno diverso e integrador, para así contribuir a un mejor vivir. Por esto, te agradecemos que nos compartas si necesitas adaptación en alguna etapa del proceso de postulación.
¡Te invitamos a Ser CCU!","Requisitos:
Educación: Técnico Profesional completo
Deseable experiencia previa en cargos similares."
Jefe de Ventas Imagen - Viña del Mar,Otra Área,"Viña del Mar, Valparaíso, Chile",Viña del Mar,Valparaíso,2026-06-16,6083237,ccu,2026-07-16,2026-08-08,0.4055,Otro Profesional,,Jornada Completa,CCU,Universitaria,Chile,2,2026-08-15,https://www.trabajaenccu.cl/trabajo/6083237-jefe-de-ventas-imagen-vina-del-mar,,"¿Quieres ser CCU?
En CCU estamos buscando a nuestro próximo Jefe de Ventas Canal Imagen para desempeñarse en la ciudad de Viña del Mar, Concón. 
Principales Funciones:
Generación y preparación de indicadores claves de gestión y preparación de los correspondientes informes sobre explicaciones, desviaciones y tendencias.
Liderar la búsqueda de eficiencias de las diferentes áreas y procesos dependientes de la Gerencia Industrial.
Realizar levantamiento de desviaciones, tanto en terreno como en sistema, análisis, gestión de información y KPIs.
Liderar proyectos de mejora continua para el área Industrial, trabajando en conjunto, realizar seguimiento y mejoras.
Ser parte ejecutora de la implementación metodología TPM.
Requisitos: 
Título Profesional de Ingeniería Comercial o Ingeniería Civil.
Mínimo 2 años de experiencia en áreas comerciales y/o marketing.
Nuestro SER CCU nos inspira a trabajar con aceptación y respeto a las diferencias de las personas, promoviendo un entorno diverso e integrador, para así contribuir a un mejor vivir. Por esto, te agradecemos que nos compartas si necesitas adaptación en alguna etapa del proceso de postulación.
¡Te invitamos a SER CCU!","Título Profesional de Ingeniería Comercial o Ingeniería Civil.
Mínimo 2 años de experiencia en áreas comerciales y/o marketing."
Jefe/a de operaciones envasado - Renca,Otra Área,"Renca, Metropolitana de Santiago, Chile",Renca,Metropolitana de Santiago,2026-06-16,6083075,ccu,2026-07-16,2026-08-08,0.4638,Jefe Área/Sección/Depto./Local,,Jornada Completa,CCU CHILE,Técnico profesional superior,Chile,3,2026-08-15,https://www.trabajaenccu.cl/trabajo/6083075-jefe-a-de-operaciones-envasado-renca,,"Estamos buscando a un/a Jefe/a de Operaciones Envasado para desempeñarse en nuestra Planta NPR ubicada en Renca.
El propósito del cargo es liderar y gestionar los procesos del área de Envasado, asegurando el cumplimiento de los planes productivos con los más altos estándares de seguridad, calidad y eficiencia.
Principales Funciones:
Liderar la realización de actividades productivas y de recursos del área de Envasado. Asegurar el cumplimiento del programa de producción de las áreas, cumpliendo con los requerimientos de oportunidad, seguridad, calidad y costos. Maximizando el proceso productivo en cuanto a la eficiencia y la captura de oportunidades/sinergias operacionales.
Asegurar el cumplimiento del presupuesto del área de envasado, garantizando el cumplimiento de objetivos desafiantes basado en la metodología establecida por el Pilar de Mejora Enfocada. Garantizar cumplimiento del costo unitario y liderar iniciativas que impacten positivamente en el resultado del área.
Hacer cumplir los procedimientos de calidad establecidos, garantizando la ejecución de los controles y registros de los procesos a cargo, de acuerdo a los estándares definidos por las licencias, SIG y Depto. de Aseguramiento de calidad de la Planta, así garantizar un producto de calidad e inocuo a nuestros clientes y consumidores. Promoviendo la cultura de Cero Defectos y Cero Pérdidas de Materiales en conjunto al Pilar de Calidad.
Hacer cumplir el Reglamento Interno de Higiene y Seguridad de los procesos a cargo. Garantizando utilización de los elementos de seguridad e higiene adecuados y procedimientos establecidos por el Depto. de Prevención de Riesgos en su SIG-SST, colaborando activamente con el Pilar de SSMA (TPM) impulsado por la Compañía para prevenir incidentes y accidentes en su lugar de trabajo y promoviendo la cultura de Cero Accidente.
Requisitos:
Título de Ingeniero Civil Industrial, Ingeniería en Mantención o carrera afín.
Al menos 2 años de experiencia en áreas operativas.
 
Nuestro SER CCU nos inspira a trabajar con aceptación y respeto a las diferencias de las personas, promoviendo un entorno diverso e integrador, para así contribuir a un mejor vivir. Por esto, te agradecemos que nos compartas si necesitas adaptación en alguna etapa del proceso de postulación.
¡Te invitamos a Ser CCU!","Requisitos:
Título de Ingeniero Civil Industrial, Ingeniería en Mantención o carrera afín.
Al menos 2 años de experiencia en áreas operativas."
Jefe Corporativo TPM,Otra Área,"Las Condes, Metropolitana de Santiago, Chile",Las Condes,Metropolitana de Santiago,2026-06-16,6083132,ccu,2026-07-16,2026-07-28,0.4117,Jefe Área/Sección/Depto./Local,,Jornada Completa,CCU,Universitaria,Chile,4,2026-08-15,https://www.trabajaenccu.cl/trabajo/6083132-jefe-corporativo-tpm,,"¡En CCU nos apasiona crear experiencias para compartir juntos un mejor vivir!
Estamos buscando a un/a Jefe/a Corporativo TPM para desempeñarse en nuestro Edificio Corporativo de Las Condes, con visitas a las distintas Plantas Productivas.
Principales funciones:
Lidera la ruta de implementación de Pilar de Mantenimiento Autónomo y Control de Activos en las plantas, mediante el desarrollo de estándares y compartiendo mejores prácticas.
Diseña y entrega talleres para una mejor implementación del pilar en cada una de las plantas.
Lidera la comunidad de líderes de Pilar CA/MA., facilitando su expansión a través de las herramientas y rutinas CA/MA impulsando la vinculación con otros pilares de TPM. Todo esto con el objetivo de alcanzar una operación de clase mundial en todas las plantas de CCU SA a través de TPM.
Requisitos:
Formación en Ingeniería Civil Industrial, Ingeniería Civil Mecánica, Ingeniería en Ejecución Industrial, o carrera afín
Desde 4 años de experiencia laboral.
Deseable experiencia en Pilares de TPM (MA y/o MP), experiencia como líder de Operaciones y/o Mantenimiento en Plantas Industriales.
Disponibilidad para movilizarse desde el corporativo a distintas plantas productivas.
Nuestro SER CCU nos inspira a trabajar con aceptación y respeto a las diferencias de las personas, promoviendo un entorno diverso e integrador, para así contribuir a un mejor vivir. Por esto, te agradecemos que nos compartas si necesitas adaptación en alguna etapa del proceso de postulación.
¡Te invitamos a Ser CCU!","Requisitos:
Formación en Ingeniería Civil Industrial, Ingeniería Civil Mecánica, Ingeniería en Ejecución Industrial, o carrera afín
Desde 4 años de experiencia laboral.
Deseable experiencia en Pilares de TPM (MA y/o MP), experiencia como líder de Operaciones y/o Mantenimiento en Plantas Industriales.
Disponibilidad para movilizarse desde el corporativo a distintas plantas productivas."
Mantenedor Operador - CirCCUlar,Otra Área,"Renca, Metropolitana de Santiago, Chile",Renca,Metropolitana de Santiago,2026-06-15,6082723,ccu,2026-07-16,2026-08-08,0.3624,Operario,,Por Turnos,CCU,Técnico profesional superior,Chile,1,2026-08-14,https://www.trabajaenccu.cl/trabajo/6082723-mantenedor-operador-circcular,,"¡¡En CCU nos apasiona crear experiencias para compartir juntos un mejor vivir!!
Con una amplia gama de marcas de bebestibles y experiencias, mejoramos y acompañamos distintos momentos de la vida, guiados por nuestros principios, en beneficio de las personas con las que nos relacionamos y el cuidado del medio ambiente. Estamos buscando a un Mantenedor Operador, para desempeñarse en la planta Circcular ubicada en Renca.
Funciones:
Operación de Maquinaria: Asegurar la operación eficiente y continua de las maquinarias de producción asignadas.
Mantenimiento Autónomo: Ejecutar de manera oportuna los mantenimientos preventivos y correctivos autónomos para maximizar la disponibilidad de los equipos.
Resolución de Problemas (TPM): Aplicar metodologías de Mantenimiento Productivo Total (TPM) con un enfoque proactivo para solucionar fallas y optimizar los activos.
Optimización de Procesos: Utilizar el pensamiento analítico para identificar pérdidas en el proceso productivo y proponer mejoras.
Seguridad y Calidad: Garantizar que toda la operación y los mantenimientos se realicen bajo los estrictos estándares de seguridad y calidad de la empresa.
Requisitos:
Título Técnico Superior en Electricidad, Mecánica, Automatización, Electrónica o carreras similares.
Conocimientos Técnicos:
Conocimientos en mantenimiento preventivo/correctivo de maquinaria industrial.
Experiencia aplicando la metodología TPM.
Habilidades y Competencias:
Pensamiento analítico: Capacidad para diagnosticar fallas y detectar ineficiencias o pérdidas en la línea de producción.
Proactividad: Enfoque orientado a la prevención y a la resolución oportuna de problemas.
Compromiso con las normas de seguridad industrial y control de calidad.
Nuestro SER CCU nos inspira a trabajar con aceptación y respeto a las diferencias de las personas, promoviendo un entorno diverso e integrador, para así contribuir a un mejor vivir. Por esto, te agradecemos que nos compartas si necesitas adaptación en alguna etapa del proceso de postulación.
¡Te invitamos a Ser CCU!","Requisitos:
Educación: Técnico Profesional completo
Deseable experiencia previa en cargos similares."
Jefe/a Comunicaciones Externas,Otra Área,"Las Condes, Metropolitana de Santiago, Chile",Las Condes,Metropolitana de Santiago,2026-06-10,6080963,ccu,2026-07-16,2026-08-06,0.4092,Jefe Área/Sección/Depto./Local,,Jornada Completa,CCU,Universitaria,Chile,3,2026-08-09,https://www.trabajaenccu.cl/trabajo/6080963-jefe-a-comunicaciones-externas,,"¡En CCU nos apasiona crear experiencias para compartir juntos un mejor vivir!
Nos encontramos en búsqueda de nuestro próximo Jefe/a Comunicaciones Externas para desempeñarse en nuestro Edificio Corporativo ubicado en Las Condes.
Principales funciones:
Ejecutar la estrategia de comunicaciones corporativas, asegurando su correcta ejecución y su alineación con los objetivos corporativos, resguardando la reputación corporativa mediante un monitoreo activo del entorno. Además, debe apoyar la gestión comunicacional en crisis.
Resguardar la coherencia comunicacional entre las distintas unidades de negocio y marcas. Debe gestionar el relato corporativo entre los públicos internos, garantizando la alineación con la comunicación externa. 
Gestionar la relación estratégica con los medios de comunicación, posicionando y resguardando la reputación corporativa ante la opinión pública. Debe evaluar permanentemente la ejecución de la estrategia y garantizar que los contenidos estén alineados con el posicionamiento y propósito de la compañía.
Coordinar con la agencia de comunicaciones externas, actuando como contraparte principal y responsable de supervisar y alinear su trabajo con la estrategia corporativa de comunicaciones, definiendo prioridades, lineamientos clave, validar propuestas y asegurar una adecuada ejecución. 
Supervisar y evaluar los planes de comunicación asociados a los temas corporativos estratégicos, tales como Reciclaje, Consumo Responsable, Trayectoria CCU y Teletón. Esto incluye la definición de lineamientos comunicacionales, la aprobación de mensajes clave y la articulación con distintas áreas internas y externas para asegurar la coherencia, visibilidad y alineación de cada proyecto con la estrategia global de comunicaciones.
Requisitos:
Título Profesional de Periodismo.
Deseable diplomado o especialización en comunicaciones estratégicas, reputación corporativa o asuntos públicos.
Mínimo 3 a 5 años de experiencia en comunicaciones corporativas, reputación, asuntos corporativos y/o comunicaciones externas.
Experiencia en relacionamiento con medios de comunicación y agencias.
Disponibilidad para trabajar 100% presencial en Las Condes.
Nuestro SER CCU nos inspira a trabajar con aceptación y respeto a las diferencias de las personas, promoviendo un entorno diverso e integrador, para así contribuir a un mejor vivir. Por esto, te agradecemos que nos compartas si necesitas adaptación en alguna etapa del proceso de postulación.
¡Te invitamos a Ser CCU!","Requisitos: 
Título Profesional de Periodismo.
Deseable diplomado o especialización en comunicaciones estratégicas, reputación corporativa o asuntos públicos.
Mínimo 3 a 5 años de experiencia en comunicaciones corporativas, reputación, asuntos corporativos y/o comunicaciones externas.
Experiencia en relacionamiento con medios de comunicación y agencias.
Disponibilidad para trabajar 100% presencial en Las Condes."
Jefe/a Zonal de Seguridad Patrimonial   Temuco,Otra Área,"Temuco, La Araucanía, Chile",Temuco,La Araucanía,2026-06-08,6079598,ccu,2026-07-16,2026-08-06,0.3657,Jefe Área/Sección/Depto./Local,,Jornada Completa,CCU,Técnico profesional superior,Chile,5,2026-08-07,https://www.trabajaenccu.cl/trabajo/6079598-jefe-a-zonal-de-seguridad-patrimonial-temuco,,"¡En CCU nos apasiona crear experiencias para compartir juntos un mejor vivir! 
Nos encontramos en búsqueda de un(a) Jefe/a Zonal de Seguridad Patrimonial para nuestra planta de Temuco y los centros de distribución de la zona centro sur y sur.
Principales funciones:
Liderar y planificar la seguridad patrimonial de la planta de Temuco y de los centros de distribución de la zona, con apego a la normativa de seguridad privada y a los lineamientos corporativos.
Administrar y controlar los contratos de seguridad patrimonial (servicio de guardias, central de monitoreo y mantenimiento), velando por los niveles de servicio y el presupuesto asignado, y coordinando a las empresas de seguridad que operan en la zona.
Mantener al 100% el correcto funcionamiento de los sistemas de control de accesos, central de monitoreo, sistemas de seguridad y cierres perimetrales, asegurando el control del flujo de personas y vehículos.
Identificar y evaluar escenarios de riesgo, liderar los protocolos de contingencia y coordinar permanentemente con Carabineros, PDI, Bomberos y la comunidad de cada localidad.
Requisitos (excluyentes):
Estar en posesión de un título profesional de una carrera de, a lo menos, ocho semestres de duración otorgado por entidades de educación superior del Estado o reconocidas por éste y, al menos, de un curso de especialidad en seguridad o exfuncionario de las Fuerzas Armadas o de orden. 
Cumplir los requisitos para ser autorizado(a) como jefe(a) de seguridad ante la Subsecretaría de Prevención del Delito (Ley 21.659 ""Sobre Seguridad Privada"", Artículo 46 y su reglamento, Artículo 22).
Experiencia de al menos 5 años en materias de seguridad.
Nuestro SER CCU nos inspira a trabajar con aceptación y respeto a las diferencias de las personas, promoviendo un entorno diverso e integrador, para así contribuir a un mejor vivir. Por esto, te agradecemos que nos compartas si necesitas adaptación en alguna etapa del proceso.
¡Te invitamos a SER CCU!","Requisitos (excluyentes):
Estar en posesión de un título profesional de una carrera de, a lo menos, ocho semestres de duración otorgado por entidades de educación superior del Estado o reconocidas por éste y, al menos, de un curso de especialidad en seguridad o exfuncionario de las Fuerzas Armadas o de orden. 
Cumplir los requisitos para ser autorizado(a) como jefe(a) de seguridad ante la Subsecretaría de Prevención del Delito (Ley 21.659 ""Sobre Seguridad Privada"", Artículo 46 y su reglamento, Artículo 22).
Experiencia de al menos 5 años en materias de seguridad."
Operador Eléctrico - Antofagasta,Otra Área,"Antofagasta, Antofagasta, Chile",Antofagasta,Antofagasta,2026-06-05,6078780,ccu,2026-07-16,2026-08-05,0.3543,Operario,,Por Turnos,CCU,Técnico profesional superior,Chile,1,2026-08-04,https://www.trabajaenccu.cl/trabajo/6078780-operador-electrico-antofagasta,,"¡En CCU nos apasiona crear experiencias para compartir juntos un mejor vivir!
Con una amplia gama de marcas de bebestibles y experiencias, mejoramos y acompañamos distintos momentos de la vida, guiados por nuestros principios, en beneficio de las personas con las que nos relacionamos y el cuidado del medio ambiente.
Estamos buscando a un/a Operador Eléctrico para desempeñarse en nuestra planta ubicada en Antofagasta.
El propósito del cargo es asegurar la continuidad operacional y confiabilidad de los sistemas eléctricos de control y automatización de la planta, mediante la ejecución segura y oportuna del mantenimiento preventivo, predictivo y correctivo, contribuyendo a la disponibilidad de los activos, la calidad del proceso productivo y los estándares de seguridad y TPM.
Dentro de sus funciones se encontrarán:
Ejecutar mantenimiento eléctrico preventivo, predictivo y correctivo en sistemas eléctricos y de automatización, asegurando continuidad operacional y seguridad.
Promover y cumplir normas de seguridad y medio ambiente, fomentando una cultura preventiva y el uso de herramientas de gestión de riesgos.
Participar en implementación de TPM y CAMA, gestionando tarjetas de mantenimiento y contribuyendo a la mejora continua de los equipos.
Apoyar proyectos y mejoras operacionales, incluyendo análisis de fallas, optimización de procesos y cumplimiento de estándares de calidad e inocuidad.","Requisitos:
Técnico en Automatización y Control Industrial, Técnico en Mantenimiento Industrial, Técnico en Electricidad o Electrónica Industrial o afín.
Deseable al menos 1 año de experiencia en funciones relacionadas al área eléctrica o de mantenimiento industrial."
Ingeniero/a de Procesos - Quilicura,Otra Área,"Quilicura, Metropolitana de Santiago, Chile",Quilicura,Metropolitana de Santiago,2026-06-05,6075826,ccu,2026-07-16,2026-07-29,0.5092,Ingeniero,,Jornada Completa,CCU,Universitaria,Chile,0,2026-07-28,https://www.trabajaenccu.cl/trabajo/6075826-ingeniero-a-de-procesos-quilicura,,"¡En CCU nos apasiona crear experiencias para compartir juntos un mejor vivir!
Estamos en búsqueda de nuestro/a próximo/a Ingeniero/a de Procesos para desempeñarse en nuestra planta ubicada en Quilicura.
El propósito del cargo es diseñar en conjunto con las áreas y actualizar los KPI estratégicos y liderar la transformación digital para identificar oportunidades de mejora y automatización de tareas, además de controlar el presupuesto asignado a través de planes de trabajo eficientes, e impulsar proyectos de mejora bajo estándares de calidad (TPM) y control de data para la prevención de vencimientos. Su función es facilitar la optimización operativa y la mitigación de riesgos sobre el cumplimiento de las metas del área y del negocio.
Principales funciones:
Diseñar, desarrollar y actualizar los KPI s (gestión y operativos) y reportes asociados, en base a los procesos y objetivos estratégicos definidos, a fin de asegurar su cumplimiento y desarrollo de acciones de mitigación o mejora e implementar nuevas herramientas para lograr mejorar la disminución de vencimiento.
Liderar la transformación digital para levantar y mapear los procesos actuales del área para identificar oportunidades de mejora, digitalización y automatización de tareas manuales.
Controlar el presupuesto asignado a través del establecimiento de planes de trabajo y estrategias que permitan cumplir con los objetivos y contribuir con las eficiencias operacionales.
Liderar los proyectos de mejora del área, en base a estándares de calidad (TPM) y políticas de la organización, con el objetivo de asegurar la optimización de la gestión y operaciones, y, por lo tanto, el logro de las metas del área y del negocio.
Apoyar en el diseño y optimización de indicadores y control de data, con base en las políticas y procedimientos de la organización, a fin de cubrir con las necesidades y objetivos de la prevención de vencimiento.
Requisitos:
Título de Ingeniería Civil Industrial, Ingeniería Comercial o carrera afín.
0 a 6 meses de experiencia.
Excel nivel intermedio-avanzado.
Manejo Power BI, Python y SQL
Disponibilidad para trabajar en modalidad 100% presencial en Quilicura
Nuestro SER CCU nos inspira a trabajar con aceptación y respeto a las diferencias de las personas, promoviendo un entorno diverso e integrador, para así contribuir a un mejor vivir. Por esto, te agradecemos que nos compartas si necesitas adaptación en alguna etapa del proceso de postulación.
¡Te invitamos a SER CCU!","Título de Ingeniería Civil Industrial, Ingeniería Comercial o carrera afín.
0 a 6 meses de experiencia.
Excel nivel intermedio-avanzado.
Manejo Power BI, Python y SQL
Disponibilidad para trabajar en modalidad 100% presencial en Quilicura"
Ingeniero/a de Planificación (Distribución) - Quilicura,Otra Área,"Quilicura, Metropolitana de Santiago, Chile",Quilicura,Metropolitana de Santiago,2026-06-04,6077925,ccu,2026-07-16,2026-07-27,0.4952,Ingeniero,,Jornada Completa,CCU,Universitaria,Chile,0,2026-08-03,https://www.trabajaenccu.cl/trabajo/6077925-ingeniero-a-de-planificacion-distribucion-quilicura,,"¡En CCU nos apasiona crear experiencias para compartir juntos un mejor vivir!
Nos encontramos en búsqueda de un Ingeniero/a de Planificación (Distribución) para desempeñarse en nuestra Planta Cervecera ubicada en Quilicura.
Principales funciones:
Levantar información de reportería necesaria para la toma de decisiones en diferentes procesos de la distribución.
Liderar proyectos e iniciativas de optimizaciones y eficiencias logísticas para desarrollar una distribución sustentable que corrija desvíos operativos.
Preparar el proceso de negociación tarifaria en las zonas asignadas a través del análisis técnico de datos para asegurar acuerdos competitivos que garanticen la continuidad del servicio de distribución.
Controlar el presupuesto de su responsabilidad mediante el levantamiento de alertas y el análisis de causas de desviaciones (Gasto v/s Ppto) para asegurar el cumplimiento de los recursos financieros anuales de la compañía.
Requisitos:
Título de Ingeniería Civil, Comercial o carrera afín.
0-6 meses de experiencia laboral.
Manejo de Excel intermedio-avanzado.
Deseable manejo de SQL o herramientas de programación.
Disponibilidad para trabajar en modalidad 100% presencial en Quilicura.
Nuestro SER CCU nos inspira a trabajar con aceptación y respeto a las diferencias de las personas, promoviendo un entorno diverso e integrador, para así contribuir a un mejor vivir. Por esto, te agradecemos que nos compartas si necesitas adaptación en alguna etapa del proceso de postulación.
¡Te invitamos a SER CCU!","Título de Ingeniería Civil, Comercial o carrera afín.
0-6 meses de experiencia laboral.
Manejo de Excel intermedio-avanzado.
Deseable manejo de SQL o herramientas de programación.
Disponibilidad para trabajar en modalidad 100% presencial en Quilicura."
Gruero/a Administrativo/a - Renca,Otra Área,"Renca, Metropolitana de Santiago, Chile",Renca,Metropolitana de Santiago,2026-06-03,6077799,ccu,2026-07-16,2026-08-03,0.4304,Operario,,Jornada Completa,CCU,Técnico medio/ colegio técnico,Chile,1,2026-08-02,https://www.trabajaenccu.cl/trabajo/6077799-gruero-a-administrativo-a-renca,,"En CCU nos apasiona crear experiencias para compartir juntos un mejor vivir. Con una amplia gama de marcas de bebestibles y experiencias, mejoramos y acompañamos distintos momentos de la vida, guiados por nuestros principios, en beneficio de las personas con las que nos relacionamos y el cuidado del medio ambiente.
En CCU nos encontramos en búsqueda de un Gruero/a Administrativo/a para nuestra planta ubicada en Renca, con el objetivo de apoyar en las operaciones de envasado y producción.
Operar grúa horquilla para la movilización de productos, realizando recepciones, despachos e inventarios, cumpliendo normas de seguridad e higiene.
Ejecutar inventarios aleatorios mediante TRF o de forma manual, asegurando información precisa y oportuna.
Realizar picking y entregas a distintas áreas, registrando las operaciones en sistema y gestionando el acuse de recibo.
Gestionar salidas bajo criterios FIFO/FEFO, asegurando correcta rotación de stock según sistema SAP.
Mantener el orden y la correcta gestión del almacén conforme a normas internas y estándares de calidad.
Requisitos
Deseable un año de experiencia relacionado a Logística y gestión de bodega.
Enseñanza media completa
Conocimientos técnicos Excel, G- Suit, SAP
Licencia clase d (excluyente)
Disponibilidad para turnos rotativas
 
¡En CCU te cuidamos! Nuestros establecimientos cuentan con altos estándares de seguridad e higiene para proteger a todas las personas que forman parte de nuestra compañía.
 
Te invitamos a SER CCU y postular a esta gran oportunidad.","Requisitos
Deseable un año de experiencia relacionado a Logística y gestión de bodega.
Enseñanza media completa
Conocimientos técnicos Excel, G- Suite, SAP
Licencia clase d (excluyente)
Disponibilidad para turnos rotativas"
Ingeniero/a Control de Gestión Financiero - Las Condes,Otra Área,"Las Condes, Metropolitana de Santiago, Chile",Las Condes,Metropolitana de Santiago,2026-06-01,6076296,ccu,2026-07-16,2026-07-27,0.4789,Ingeniero,,Jornada Completa,CCU,Universitaria,Chile,0,2026-07-31,https://www.trabajaenccu.cl/trabajo/6076296-ingeniero-a-control-de-gestion-financiero-las-condes,,"¡En CCU nos apasiona crear experiencias para compartir juntos un mejor vivir!
Estamos buscando a nuestro/a próximo/a Ingeniero/a Control de Gestión Financiero para nuestro Edificio Corporativo de Las Condes.
Principales funciones:
Realizar análisis del desempeño del negocio de Analcoholes, apoyando en la elaboración del Directorio mensualmente.
Elaboración del presupuesto anual.
Encargado de mantener relación con nuestros socios.
Seguimiento de BSC de gerencias, con análisis de KPIs de rentabilidad, márgenes e industria.
Revisión y análisis de cierres contables.
Estimación y proyección de resultados.
Apoyo en evaluaciones de proyectos.
Requisitos:
Título de Ingeniería Civil, Ingeniería Comercial o carrera afín.
0 a 6 meses de experiencia.
Manejo de Microsoft Office.
Excel nivel intermedio-avanzado.
Disponibilidad para trabajar 100% presencial en Las Condes.
Deseable manejo de inglés.
Nuestro SER CCU nos inspira a trabajar con aceptación y respeto a las diferencias de las personas, promoviendo un entorno diverso e integrador, para así contribuir a un mejor vivir. Por esto, te agradecemos que nos compartas si necesitas adaptación en alguna etapa del proceso de postulación.
¡Te invitamos a SER CCU!","Título de Ingeniería Civil, Ingeniería Comercial o carrera afín.
0 a 6 meses de experiencia.
Manejo de Microsoft Office.
Excel nivel intermedio-avanzado.
Disponibilidad para trabajar 100% presencial en Las Condes.
Deseable manejo de inglés."
Mantenedor/a Experto/a Mecánico A  - Renca,Otra Área,"Renca, Metropolitana de Santiago, Chile",Renca,Metropolitana de Santiago,2026-05-29,6075964,ccu,2026-07-16,2026-07-29,0.4498,Operario,,Jornada Completa,CCU CHILE,Técnico profesional superior,Chile,1,2026-07-28,https://www.trabajaenccu.cl/trabajo/6075964-mantenedor-a-experto-a-mecanico-a-renca,,"Con una amplia gama de marcas de bebestibles y experiencias, mejoramos y acompañamos distintos momentos de la vida, guiados por nuestros principios, en beneficio de las personas con las que nos relacionamos y el cuidado del medio ambiente.
Estamos buscando a un Mantenedor/a Experto/a Eléctrico para desempeñarse en nuestra planta Quilicura
Principales funciones:
 Ejecutar los programas de mantención preventiva para asegurar el funcionamiento de los procesos productivos, manteniendo un registro riguroso de actividades realizadas y pendientes en el sistema.
Realizar inspecciones preventivas y predictivas a nivel mecánico, oleohidráulico y neumático para evitar detenciones imprevistas.
 Levantar anomalías y oportunidades de mejora utilizando herramientas TPM (tarjetas, miniproyectos) y registrar los avisos/órdenes correspondientes en SAP.
 Analizar las fallas de los equipos para garantizar reparaciones efectivas y definitivas basadas en diagnósticos certeros.
 Mantener una comunicación fluida con el equipo (reportes, turnos) y transferir conocimientos técnicos a compañeros para asegurar la continuidad de los procesos.
Requisitos
Técnico de Nivel de Superior Electrónica Industrial/ Automatización industrial, Ingeniero en Ejecución o carreras afines.
Desde 1 año de experiencia.
Conocimientos ténicos de: programación de PLC, intrumentación, sensores, variadores de frecuencia, señales análogas, HMI o pantallas industriales.
Disponibilidad para realizar turnos rotativos.
Nuestro SER CCU nos inspira a trabajar con aceptación y respeto a las diferencias de las personas, promoviendo un entorno diverso e integrador, para así contribuir a un mejor vivir. Por esto, te agradecemos que nos compartas si necesitas adaptación en alguna etapa del proceso de postulación.","Técnico de Nivel de Superior Electrónica Industrial/ Automatización industrial, Ingeniero en Ejecución o carreras afines.
Desde 1 año de experiencia.
Conocimientos ténicos de: programación de PLC, intrumentación, sensores, variadores de frecuencia, señales análogas, HMI o pantallas industriales.
Disponibilidad para realizar turnos rotativos."
Gruero/a Operario - Plasco,Otra Área,"Renca, Metropolitana de Santiago, Chile",Renca,Metropolitana de Santiago,2026-05-29,6075963,ccu,2026-07-16,2026-07-29,0.4729,Operario,,Por Turnos,CCU,Media,Chile,1,2026-07-28,https://www.trabajaenccu.cl/trabajo/6075963-gruero-a-operario-plasco,,"En CCU nos apasiona crear experiencias para compartir juntos un mejor vivir!
Con una amplia gama de marcas de bebestibles y experiencias, mejoramos y acompañamos distintos momentos de la vida, guiados por nuestros principios, en beneficio de las personas con las que nos relacionamos y el cuidado del medio ambiente. De esta manera, estamos comprometidos con la Diversidad e Inclusión, ya que consideramos que son valores fundamentales para el crecimiento sustentable de la organización y que nos permiten poner en práctica nuestro propósito.
Estamos en la búsqueda de Operadores de Grúa Horquilla para nuestra planta en Renca, con al menos 1 año de experiencia.
Tendrás como principal responsabilidad:
 Realizar conteos, registros y movimientos de pallets, cajas y embalajes según los protocolos internos y solicitudes de la jefatura.
Verificar, contar y registrar el producto terminado y la materia prima recibida (producción/proveedores), asegurando el cumplimiento de normas de calidad e inocuidad.
Entregar materias primas y materiales a las áreas de Soplado e Inyección en los horarios establecidos.
Retirar embalajes vacíos, mermas, purgas y residuos para mantener la fluidez operativa y apoyar al área de molino.
Almacenar, optimizar espacios y reordenar productos en bodega, previniendo daños o pérdidas y manteniendo el orden y la limpieza.
¡En CCU te cuidamos! Nuestros establecimientos cuentan con altos estándares de seguridad e higiene para proteger a todas las personas que forman parte de nuestra compañía.
 
Te invitamos a SER CCU y postular a esta gran oportunidad.","Estudios mínimos de Enseñanza Media Completa.
Licencia clase D.
Conocimiento en logística con al menos 1 año manejando grúa horquilla.
Disponibilidad para trabajar por turnos rotativos (tarde, mañana, noche)."
Jefe/a Desarrollo Comercial rPET,Otra Área,"Las Condes, Metropolitana de Santiago, Chile",Las Condes,Metropolitana de Santiago,2026-05-26,6074396,ccu,2026-07-16,2026-07-26,0.3187,Jefe Área/Sección/Depto./Local,,Jornada Completa,CCU,Universitaria,Chile,2,2026-07-25,https://www.trabajaenccu.cl/trabajo/6074396-jefe-a-desarrollo-comercial-rpet,,"¡En CCU nos apasiona crear experiencias para compartir juntos un mejor vivir!
Nos encontramos en búsqueda de nuestro próximo Jefe/a Desarrollo Comercial rPET para desempeñarse en nuestro edificio corporativo ubicada en Av. Vitacura 2570, Las Condes.
Principales funciones:
Gestionar el proceso de compra de botellas PET para la operación de CirCCUlar, asegurando la continuidad del negocio de analcohólicos y el cumplimiento de la normativa vigente.
Administrar en el día a día la relación con proveedores de distintos perfiles, asegurando el cumplimiento de condiciones comerciales,
contratos y entregas, en coordinación con las áreas internas involucradas (legal, logística, pago a proveedores, entre otros).
Ejecutar y participar activamente en procesos de negociación y licitaciones, analizando precios, condiciones de mercado y desempeño de proveedores para optimizar las decisiones de compra.
Identificar y evaluar nuevas oportunidades de abastecimiento mediante la búsqueda y desarrollo de proveedores, ampliando las alternativas comerciales del negocio.
Analizar información de compra, costos y rendimiento del material, elaborando reportes y presentaciones que apoyen procesos de presupuesto y la toma de decisiones estratégicas del negocio, incluyendo la gestión de subproductos de la operación rPET.
Requisitos:
Formación en Ingeniería Comercial, Ingeniería Civil o carrera afín.
Al menos 2 años de experiencia trabajando en áreas similares.
Manejo de Excel nivel avanzado, SAP nivel intermedio.
Disponibilidad para asistir a Planta CirCCUlar 1 vez a la semana (Américo Vespucio #999, Renca) (excluyente).
Disponibilidad para trabajar 100% presencial en Las Condes.
Nuestro SER CCU nos inspira a trabajar con aceptación y respeto a las diferencias de las personas, promoviendo un entorno diverso e integrador, para así contribuir a un mejor vivir. Por esto, te agradecemos que nos compartas si necesitas adaptación en alguna etapa del proceso de postulación.
¡Te invitamos a Ser CCU!","Requisitos:
Formación en Ingeniería Comercial, Ingeniería Civil o carrera afín.
Al menos 2 años de experiencia trabajando en áreas similares.
Manejo de Excel nivel avanzado, SAP nivel intermedio.
Disponibilidad para asistir a Planta CirCCUlar 1 vez a la semana (Américo Vespucio #999, Renca) (excluyente).
Disponibilidad para trabajar 100% presencial en Las Condes."
Administrativo de Cobranzas - Talcahuano ,Otra Área,"Talcahuano, Biobío, Chile",Talcahuano,Biobío,2026-05-26,6074307,ccu,2026-07-16,2026-07-21,0.4117,Administrativo,,Jornada Completa,CCU,Técnico profesional superior,Chile,1,2026-07-25,https://www.trabajaenccu.cl/trabajo/6074307-administrativo-de-cobranzas-talcahuano,,"¡En CCU nos apasiona crear experiencias para compartir juntos un mejor vivir!
Nos encontramos en búsqueda de un/a Administrativo/a de Cobranzas para desempeñarse en Talcahuano
El propósito de este cargo consiste en aplicar y gestionar los procesos de cobranza de las distintas carteras de clientes, asegurando el cumplimiento de los indicadores de crédito y manteniendo las carteras vigentes y al día, con la finalidad de entregar un servicio de cobranza de calidad que contribuya a la continuidad de negocios rentables para la compañía.
Principales Funciones:
Aplicar los procesos de cobranza de las diferentes carteras, con el objetivo de cumplir los indicadores de crédito y asegurar un servicio de cobranza de calidad.
Aplicar los procesos de cobranza y apoyo comercial del programa CRECCU, con el fin de alcanzar los indicadores propuestos para el área.
Gestionar las distintas carteras, aplicando los procesos de pago de los clientes de crédito y solicitando la emisión de notas de crédito, con el propósito de mantener las carteras limpias y vigentes.
Aplicar los procesos de cuidado de las personas, contribuyendo a un buen clima organizacional y al cumplimiento de los acuerdos de nivel de servicio.
Requisitos:
Formación técnico profesional en carreras afines a Administración, Contabilidad, Finanzas o similares
1 a 2 años de experiencia en cobranzas, crédito o áreas administrativo-contables
Nuestro SER CCU nos inspira a trabajar con aceptación y respeto a las diferencias de las personas, promoviendo un entorno diverso e integrador, para así contribuir a un mejor vivir. Por esto, te agradecemos que nos compartas si necesitas adaptación en alguna etapa del proceso.
¡Te invitamos a SER CCU!","Requisitos:
Formación técnico profesional en carreras afines a Administración, Contabilidad, Finanzas o similares
1 a 2 años de experiencia en cobranzas, crédito o áreas administrativo-contables"
Administrativo de Cobranzas - Los Ángeles,Otra Área,"Los Ángeles, Biobío, Chile",Los Ángeles,Biobío,2026-05-25,6073687,ccu,2026-07-16,2026-07-21,0.4266,Administrativo,,Jornada Completa,CCU,Técnico profesional superior,Chile,1,2026-07-24,https://www.trabajaenccu.cl/trabajo/6073687-administrativo-de-cobranzas-los-angeles,,"¡En CCU nos apasiona crear experiencias para compartir juntos un mejor vivir!
Nos encontramos en búsqueda de un/a Administrativo/a de Cobranzas para desempeñarse en Los Ángeles
El propósito de este cargo consiste en aplicar y gestionar los procesos de cobranza de las distintas carteras de clientes, asegurando el cumplimiento de los indicadores de crédito y manteniendo las carteras vigentes y al día, con la finalidad de entregar un servicio de cobranza de calidad que contribuya a la continuidad de negocios rentables para la compañía.
Principales Funciones:
Aplicar los procesos de cobranza de las diferentes carteras, con el objetivo de cumplir los indicadores de crédito y asegurar un servicio de cobranza de calidad.
Aplicar los procesos de cobranza y apoyo comercial del programa CRECCU, con el fin de alcanzar los indicadores propuestos para el área.
Gestionar las distintas carteras, aplicando los procesos de pago de los clientes de crédito y solicitando la emisión de notas de crédito, con el propósito de mantener las carteras limpias y vigentes.
Aplicar los procesos de cuidado de las personas, contribuyendo a un buen clima organizacional y al cumplimiento de los acuerdos de nivel de servicio.
Requisitos:
Formación técnico profesional en carreras afines a Administración, Contabilidad, Finanzas o similares
1 a 2 años de experiencia en cobranzas, crédito o áreas administrativo-contables
Nuestro SER CCU nos inspira a trabajar con aceptación y respeto a las diferencias de las personas, promoviendo un entorno diverso e integrador, para así contribuir a un mejor vivir. Por esto, te agradecemos que nos compartas si necesitas adaptación en alguna etapa del proceso.
¡Te invitamos a SER CCU!","Requisitos:
Formación técnico profesional en carreras afines a Administración, Contabilidad, Finanzas o similares
1 a 2 años de experiencia en cobranzas, crédito o áreas administrativo-contables"
Operario/a de Producción Manantial - Quilicura,Otra Área,"Quilicura, Metropolitana de Santiago, Chile",Quilicura,Metropolitana de Santiago,2026-05-18,6071120,ccu,2026-07-16,2026-07-18,0.3831,Operario,,Por Turnos,CCU,Técnico medio/ colegio técnico,Chile,1,2026-07-17,https://www.trabajaenccu.cl/trabajo/6071120-operario-a-de-produccion-manantial-quilicura,,"¡En CCU nos apasiona crear experiencias para compartir juntos un mejor vivir!
Con una amplia gama de marcas de bebestibles y experiencias, mejoramos y acompañamos distintos momentos de la vida, guiados por nuestros principios, en beneficio de las personas con las que nos relacionamos y el cuidado del medio ambiente.
Actualmente estamos buscando a un/a Operario/a de Producción para desempeñarse en nuestra planta Manantial de Quilicura.
Principales funciones:
Operar los equipos asignados de la línea de producción según el plan productivo, asegurando los estándares de calidad e inocuidad del producto.
Apoyar los cambios de formato y procesos de saneado de la línea de manera oportuna.
Ejecutar tareas de mantenimiento autónomo y reportar fallas a las áreas correspondientes para asegurar la continuidad operativa.
Cumplir el Reglamento Interno de Higiene y Seguridad, utilizando los EPP asignados y participando activamente en el Pilar de Seguridad (TPM).
Calidad e Inocuidad: Realizar los controles y registros bajo los estándares de las licencias de la planta para garantizar productos seguros y de calidad.
Mejora Continua (TPM): Participar en 5S, levantamiento de hallazgos, auditorías y capacitaciones del área.
Comunicar de forma oportuna desviaciones en los resultados o el funcionamiento de los equipos a las áreas correspondientes.
Requisitos:
Enseñanza media técnica o superior (deseable en áreas industriales, mecánicas o de alimentos).
Deseable desde 1 año de experiencia en operación de líneas de producción, idealmente en industria de alimentos o bebestibles.
Conocimientos de BPM, normas básicas de higiene y seguridad industrial.
Nuestro SER CCU nos inspira a trabajar con aceptación y respeto a las diferencias de las personas, promoviendo un entorno diverso e integrador, para así contribuir a un mejor vivir. Por esto, te agradecemos que nos compartas si necesitas adaptación en alguna etapa del proceso de postulación.
¡Te invitamos a Ser CCU!","Requisitos:
Formación: Enseñanza media técnica o superior (deseable en áreas industriales, mecánicas o de alimentos).
Experiencia: Desde 1 año en operación de líneas de producción, idealmente en industria de alimentos o bebestibles.
Conocimientos: BPM, normas básicas de higiene y seguridad industrial."
Analista Crédito y Cobranza - Quilicura,Otra Área,"Quilicura, Metropolitana de Santiago, Chile",Quilicura,Metropolitana de Santiago,2026-05-17,6070981,ccu,2026-07-16,2026-07-17,0.3682,Analista,,Jornada Completa,CCU,Técnico profesional superior,Chile,1,2026-07-16,https://www.trabajaenccu.cl/trabajo/6070981-analista-credito-y-cobranza-quilicura,,"¡En CCU nos apasiona crear experiencias para compartir juntos un mejor vivir!
Nos encontramos en búsqueda de un Analista de créditos y cobranzas para las oficinas de nuestra planta cervecera en Quilicura.
Principales funciones:
Evaluación de clientes para otorgamiento de crédito, midiendo el riesgo de cada uno.
Gestionar cobranza telefónica y en terreno de la cuenta por cobrar de clientes, crédito, protestos, Creccu y cartera Manantial, efectuando negociaciones o planes de pago.
Efectuar los procesos de pagos en el sistema, para mantener las líneas de crédito actualizadas.
Hacer la gestiones necesarias para mantener la cuenta por cobrar con cobertura de seguro.
Cumplir con normas SOX en el desarrollo de los procesos crédito.
Preparación de informes de gestión de la cobranza.
Requisitos:
Título de Ingeniería comercial, Contador Auditor o carreras afines.
Un año de experiencia en manejo de bases de datos y nivel (deseable).
Nivel avanzado de Excel.
Disponibilidad para trabajar de manera 100% presencial en Quilicura.
Nuestro SER CCU nos inspira a trabajar con aceptación y respeto a las diferencias de las personas, promoviendo un entorno diverso e integrador, para así contribuir a un mejor vivir. Por esto, te agradecemos que nos compartas si necesitas adaptación en alguna etapa del proceso de postulación.
¡Te invitamos a SER CCU!","Requisitos:
Título de Ingeniería comercial, Contador Auditor o carreras afines.
Un año de experiencia en manejo de bases de datos y nivel (deseable).
Nivel avanzado de Excel.
Disponibilidad para trabajar de manera 100% presencial en Quilicura."
