title,team,location,city,state,posted_date,job_id,source,first_seen_date,last_seen_date,semantic_similarity,worker_type,schedule_type,company_name,education,country,experience_level,application_deadline,url,description_short,description,vacancies,requirements
Jefe/a Comercial - Santiago Centro,Otra Área,"Santiago, Metropolitana de Santiago",Santiago,Metropolitana de Santiago,2026-09-04,6119964,salcobrand,2026-09-06,2026-09-06,0.4158,Supervisor,Jornada Completa,Salcobrand,Universitaria,Chile,1 años,2026-08-09,https://salcobrand.trabajando.cl/trabajo-empleo/jefe-a-comercial-santiago-centro/trabajo/6119964,¡Queremos que seas parte de Salcobrand!...,"¡Queremos que seas parte de Salcobrand! Buscamos a un/a Jefe/a Comercial para liderar desafíos y marcar la diferencia. Si te motiva trabajar en una cultura innovadora, diversa y centrada en las personas, este es tu lugar. Aquí, tu liderazgo y visión estratégica serán clave para generar una experiencia de valor para nuestros clientes.
¿Qué tendrás que hacer en el cargo?
Liderar y administrar al equipo de colaboradores y procesos de la sala de venta en todo lo relacionado a consumo masivo para garantizar las metas comerciales, el estándar y experiencia del local y clientes.
Principales funciones:
Administrar y asegurar la gestión de precios de la sala y marca precios, con sus respectivas campañas y ofertas asociadas.
Planificar y supervisar la labor de los colaboradores a cargo.
Conocer y realizar la operatoria, informática y de caja.
Gestionar y controlar dotaciones internas y externas.
En Salcobrand nos caracterizamos por ser una empresa que fomenta e impulsa el valor de equipos de trabajos diversos, aceptando el sello propio de cada persona, facilitando así ambientes laborales inclusivos, según la Ley 21.015.
Únete a nuestro equipo y lidera un espacio clave en la salud y bienestar de nuestros clientes.",1,"Principales funciones:
Administrar y asegurar la gestión de precios de la sala y marca precios, con sus respectivas campañas y ofertas asociadas.
Planificar y supervisar la labor de los colaboradores a cargo.
Conocer y realizar la operatoria, informática y de caja.
Gestionar y controlar dotaciones internas y externas."
Bodegueros/as Full Time Cyber - Preunic Santiago Centro,Otra Área,"Santiago, Metropolitana de Santiago",Santiago,Metropolitana de Santiago,2026-09-04,6121383,salcobrand,2026-09-06,2026-09-06,0.3413,Operario,Jornada Completa,Preunic,Media,Chile,,2026-11-09,https://salcobrand.trabajando.cl/trabajo-empleo/bodegueros-as-full-time-cyber-preunic-santiago-centro/trabajo/6121383,En Empresas SB Preunic nos encontramos...,"En Empresas SB Preunic nos encontramos en búsqueda de Bodegueros/as para trabajar en el Cyber Septiembre/Octubre 2026 nuestra sucursal de Preunic Santiago Centro.
La misión de este cargo será encargarse del orden, mantención y reposición de la sala y bodega de la tienda; con el fin de facilitar la labor de ventas al mantener el stock de productos en sala y cuidar de la seguridad de los clientes al interior del local. Debes contar con disponibilidad para trabajar plazo 14 días (a partir del 28/09 de septiembre hasta el 11 de Octubre) en jornada Full Time: 42 horas a la semana.
En Empresas SB nos caracterizamos por ser una empresa que fomenta e impulsa el valor de equipos de trabajos diversos, aceptando el sello propio de cada persona, facilitando así ambientes laborales inclusivos, según la Ley 21.015, ¡No te pierdas la oportunidad de postular y ser parte de nuestra organización!",1,"Disponibilidad de Trabajar plazo fijo 14 días Full-Time (42 hrs), en turnos rotativos 5x2 y 6x1 de Lunes a Domingo.
Fecha de inicio: 28 de Septiembre.
Cumplir con la mayoría de edad."
Bodegueros/as Full Time Cyber - Preunic Viña Del Mar,Otra Área,"Viña del Mar, Valparaíso",Viña del Mar,Valparaíso,2026-09-03,6121248,salcobrand,2026-09-06,2026-09-06,0.4117,Operario,Jornada Completa,Preunic,Media,Chile,,2026-10-09,https://salcobrand.trabajando.cl/trabajo-empleo/bodegueros-as-full-time-cyber-preunic-vina-del-mar/trabajo/6121248,En Empresas SB Preunic nos encontramos...,"En Empresas SB Preunic nos encontramos en búsqueda de Bodegueros/as para trabajar en el Cyber Septiembre/Octubre 2026 nuestra sucursal de Preunic Viña Del Mar.
La misión de este cargo será encargarse del orden, mantención y reposición de la sala y bodega de la tienda; con el fin de facilitar la labor de ventas al mantener el stock de productos en sala y cuidar de la seguridad de los clientes al interior del local. Debes contar con disponibilidad para trabajar plazo 14 días (a partir del 28/09 de septiembre hasta el 11 de Octubre) en jornada Full Time: 42 horas a la semana.
En Empresas SB nos caracterizamos por ser una empresa que fomenta e impulsa el valor de equipos de trabajos diversos, aceptando el sello propio de cada persona, facilitando así ambientes laborales inclusivos, según la Ley 21.015, ¡No te pierdas la oportunidad de postular y ser parte de nuestra organización!",1,"Disponibilidad de Trabajar plazo fijo 14 días Full-Time (42 hrs), en turnos rotativos 5x2 y 6x1 de Lunes a Domingo.
Fecha de inicio: 28 de Septiembre.
Cumplir con la mayoría de edad."
Consultor/a Atracción del Talento - Plan Navidad,Otra Área,"Santiago, Metropolitana de Santiago",Santiago,Metropolitana de Santiago,2026-09-03,6120845,salcobrand,2026-09-06,2026-09-06,0.4325,Analista,Mixta (Teletrabajo + Presencial),Empresas SB,Universitaria,Chile,,2026-10-09,https://salcobrand.trabajando.cl/trabajo-empleo/consultor-a-atraccion-del-talento-plan-navidad/trabajo/6120845,¿Estás titulado/a de Psicología y en...,"¿Estás titulado/a de Psicología y en búsqueda de tu próximo desafío? 😎
¡En Empresas SB (Preunic, Salcobrand y Filiales) te queremos para nuestro equipo de Atracción del Talento Plan Navidad! 🎅🎄🤶
Si tienes ganas de aprender y disponibilidad para trabajar en un proyecto de 3 meses (con posibilidad de extensión) realizando el proceso de Atracción y Selección del Talento, ¡Esta oportunidad es para ti!
¿Cuál será tu misión?
Ser responsable del proceso completo de atracción del talento, cumpliendo con los requerimientos de los clientes, contribuyendo a la toma de decisiones sin sesgos y asegurar el ingreso de candidatos idóneos a los cargos solicitados, velando por entregar la mejor experiencia a nuestros clientes y postulantes.
Principales funciones:
Publicar ofertas laborales y filtrar CVs (revisar requisitos de ingreso según las políticas de la empresa).
Realizar entrevistas por competencias (individuales y grupales).
Enviar y analizar pruebas psicolaborales.
Asesorar a clientes internos de distintos niveles jerárquicos de la organización.
Coordinar los ingreso de los/as nuevos colaboradores a la organización.
Solicitar y entregar toda la documentación necesaria para el proceso de contratación.
En Empresas SB, valoramos y promovemos la diversidad en nuestros equipos de trabajo, creando ambientes inclusivos, donde cada persona aporta con su sello único. Únete a nosotros y forma parte de una organización comprometida con el desarrollo profesional y personal de sus colaboradores, en conformidad con la Ley 21.015.
¡Postula ahora y únete a nuestro equipo donde cada día es una oportunidad para crecer y destacar!",4,"¿Qué necesitamos de ti?
Título de Psicología (excluyente).
Al menos 6 meses de experiencia en Reclutamiento y Selección.
Disponibilidad para trabajar en modalidad híbrida (presencial y remoto) en Santiago Centro (excluyente)."
Asistente Administrativo/a - Plan Navidad,Otra Área,"Santiago, Metropolitana de Santiago",Santiago,Metropolitana de Santiago,2026-09-03,6120846,salcobrand,2026-09-06,2026-09-06,0.4094,Asistente,Mixta (Teletrabajo + Presencial),Empresas SB,Técnico profesional superior,Chile,1 años,2026-10-09,https://salcobrand.trabajando.cl/trabajo-empleo/asistente-administrativo-a-plan-navidad/trabajo/6120846,¿Estás en búsqueda de tu próximo desafío?...,"¿Estás en búsqueda de tu próximo desafío? 😎
¡En Empresas SB (Preunic, Salcobrand y Filiales) te queremos para nuestro equipo como Asistente Administrativo/a Plan Navidad! 🎅🎄🤶.
Si tienes ganas de aprender y disponibilidad para trabajar en un proyecto de 3 meses (con posibilidad de extensión) realizando funciones administrativas en el área de Atracción del Talento, ¡Esta oportunidad es para ti!
Tus principales funciones serán apoyar en tareas administrativas al equipo de Atracción de Talento: gestionar fichas, credenciales, entregar uniformes, entre otras.
En Empresas SB, valoramos y promovemos la diversidad en nuestros equipos de trabajo, creando ambientes inclusivos, donde cada persona aporta con su sello único. Únete a nosotros y forma parte de una organización comprometida con el desarrollo profesional y personal de sus colaboradores, en conformidad con la Ley 21.015.
¡Postula ahora y únete a nuestro equipo donde cada día es una oportunidad para crecer y destacar!",1,"Título de carrera técnica.
Al menos un año de experiencia en funciones administrativas.
Disponibilidad para trabajar en modalidad híbrida (presencial y remoto) en Santiago Centro (excluyente)."
Analista de Ciberseguridad y Protección de Datos,Otra Área,"Santiago, Metropolitana de Santiago",Santiago,Metropolitana de Santiago,2026-09-03,6120928,salcobrand,2026-09-06,2026-09-06,0.4289,Analista,Mixta (Teletrabajo + Presencial),Empresas SB,Universitaria,Chile,1 años,2026-10-09,https://salcobrand.trabajando.cl/trabajo-empleo/analista-de-ciberseguridad-y-proteccion-de-datos/trabajo/6120928,"Si te gustan los desafíos, eres una...","Si te gustan los desafíos, eres una persona proactiva, autónoma, con altos niveles de organización, trabajas colaborativamente y sientes que eres capaz de promover un excelente clima laboral con los más altos estándares de calidad y excelencia, ¡Empresas SB es el lugar indicado para ti!
Nos encontramos en búsqueda de profesional para el cargo de Analista de Ciberseguridad y Protección de Datos.
¿Cuál será tu desafío en este cargo?
Planificar y ejecutar el análisis de vulnerabilidades de toda la infraestructura tecnológica de Empresas SB, detectando de forma proactiva brechas de seguridad de la información y ciberseguridad.
¿Qué harás en tu día a día?
Evaluar y gestionar los requerimientos de hacking ético y los procesos de recertificación.
Gestionar la ejecución de actividades de análisis de vulnerabilidades y la entrega de informes a las distintas áreas técnicas responsables.
Identificar, evaluar y clasificar las vulnerabilidades que afecten la infraestructura tecnológica de Empresas SB.
Atender incidentes de nivel 1 y 2, evaluando, clasificando, registrando y escalando incidentes relacionados con correos maliciosos, ataques de phishing, ingeniería social, amenazas internas (insider) u otros vectores de ataque.
Ejecutar actividades de análisis mediante metodologías OSINT.
En Empresas SB nos caracterizamos por ser una empresa que fomenta e impulsa el valor de equipos de trabajos diversos, aceptando el sello propio de cada persona, facilitando así ambientes laborales inclusivos, según la Ley 21.015, ¡Súmate y sé parte de nuestra organización!",1,"Título de Ing. en Informática, Ciberseguridad o carrera afín.
Desde 1 año de experiencia en procesos de hacking ético y desarrollo seguro.
Especializaciones en seguridad de la información, ciberseguridad y gestión de incidentes (diplomados, cursos o certificaciones).
Manejo de herramientas de análisis de vulnerabilidades (Nessus o similares) y de suite Kali Linux.
Conocimiento de marcos como ISO 27001, NIST CSF, COBIT o CIS Control."
Dermoconsejero/a Multifunción - Las Condes (Licencia prolongada),Otra Área,"Las Condes, Metropolitana de Santiago",Las Condes,Metropolitana de Santiago,2026-09-03,6120956,salcobrand,2026-09-06,2026-09-06,0.2883,Vendedor,Jornada Completa,Salcobrand,Media,Chile,,2026-09-13,https://salcobrand.trabajando.cl/trabajo-empleo/dermoconsejero-a-multifuncion-las-condes-licencia-prolongada/trabajo/6120956,"Si el cuidado de la piel es tu pasión,...","Si el cuidado de la piel es tu pasión, aconsejar u orientar a quienes te rodean es parte de tu día a día y además estás actualizado/a con la diversidad de productos acordes a los tipos de piel ¡Salcobrand es el lugar indicado para ti 💙 !
Como dermoconsejera/o queremos que puedas guiar y aconsejar a nuestros/as cliente/s sobre productos de skincare, tipos de piel y/o cuidado personal, velando siempre por la estética del espacio de trabajo y potenciando las grandes marcas dermocosméticas con las que trabajamos.
En Salcobrand nos caracterizamos por ser una empresa que fomenta e impulsa el valor de equipos de trabajos diversos, aceptando el sello propio de cada persona, facilitando así ambientes laborales inclusivos, según la Ley 21.015, ¡Súmate y sé parte de nuestra organización!",1,"¿Qué necesitas para postular?
Tener algún estudio, curso o capacitación en el área de cosmetología y/o estética
Tener experiencia en ventas y atención al cliente
Te acomodan los turnos rotativos."
Dermoconsejero/a Multifunción - San Antonio (Licencia prolongada),Otra Área,"San Antonio, Valparaíso",San Antonio,Valparaíso,2026-09-03,6120959,salcobrand,2026-09-06,2026-09-06,0.2802,Vendedor,Jornada Completa,Salcobrand,Media,Chile,,2026-09-13,https://salcobrand.trabajando.cl/trabajo-empleo/dermoconsejero-a-multifuncion-san-antonio-licencia-prolongada/trabajo/6120959,"Si el cuidado de la piel es tu pasión,...","Si el cuidado de la piel es tu pasión, aconsejar u orientar a quienes te rodean es parte de tu día a día y además estás actualizado/a con la diversidad de productos acordes a los tipos de piel ¡Salcobrand es el lugar indicado para ti 💙 !
Como dermoconsejera/o queremos que puedas guiar y aconsejar a nuestros/as cliente/s sobre productos de skincare, tipos de piel y/o cuidado personal, velando siempre por la estética del espacio de trabajo y potenciando las grandes marcas dermocosméticas con las que trabajamos.
En Salcobrand nos caracterizamos por ser una empresa que fomenta e impulsa el valor de equipos de trabajos diversos, aceptando el sello propio de cada persona, facilitando así ambientes laborales inclusivos, según la Ley 21.015, ¡Súmate y sé parte de nuestra organización!",1,"¿Qué necesitas para postular?
Tener algún estudio, curso o capacitación en el área de cosmetología y/o estética
Tener experiencia en ventas y atención al cliente
Te acomodan los turnos rotativos."
Jefe de Diseño de Experiencia de Clientes,Otra Área,"Santiago, Metropolitana de Santiago",Santiago,Metropolitana de Santiago,2026-09-03,6120940,salcobrand,2026-09-06,2026-09-06,0.3567,Supervisor,Mixta (Teletrabajo + Presencial),Salcobrand,Técnico profesional superior,Chile,2 años,2026-09-13,https://salcobrand.trabajando.cl/trabajo-empleo/jefe-de-diseno-de-experiencia-de-clientes/trabajo/6120940,En Salcobrand nos encontramos en la...,"En Salcobrand nos encontramos en la búsqueda de nuestro/a próximo/a Jefe de Diseño de Experiencia de Clientes para sumarse a la Gerencia de Marketing, Estrategia Clientes y Comunicaciones. Tu desafío principal será liderar la estrategia integral de Experiencia de Clientes y los programas de Voz del Cliente (VoC) en todos nuestros canales de contacto, traduciendo datos en planes de acción operativos que maximicen la satisfacción y el valor del negocio.
🎯 Propósito del cargoPlanificar, implementar y supervisar la estrategia de Experiencia de Clientes en todos los puntos de contacto de Salcobrand, articulando acciones con áreas operativas, comerciales y logísticas para resolver fricciones y elevar el estándar de servicio.
📌 Principales funcionesCustomer Journey Mapping: Mapear y actualizar continuamente los viajes del cliente (Customer Journey Maps) identificando puntos de dolor, fricciones y momentos clave en canales presenciales y remotos.
Gestión de Voz del Cliente (VoC): Administrar programas de medición de experiencia (NPS, verbatims, encuestas adhoc) e integrar la información en reportes ejecutivos y tableros de gestión.
Close the Loop: Diseñar e implementar iniciativas de recuperación de clientes detractores y seguimiento a casos críticos junto a las áreas operativas y comerciales.
Articulación Interáreas: Liderar mesas de trabajo con Operaciones, Comercial, TI y Logística para resolver fallas de procesos y sistémicas en la atención al cliente.
Cultura Centrada en el Cliente: Promover programas de formación alineados a las Promesas Salcobrand para colaboradores en locales y áreas de soporte.
En Salcobrand fomentamos e impulsamos el valor de equipos de trabajo diversos, aceptando el sello propio de cada persona y facilitando ambientes laborales inclusivos bajo la Ley 21.015. ¡Te invitamos a ser parte de nuestra organización!",1,"🎓 Requisitos del perfilTítulo profesional universitario de Ingeniería Comercial, Ingeniería Civil, Administración de Servicios o Administración de Empresas (Excluyente).
Entre 3 y 5 años de experiencia liderando áreas o proyectos de Experiencia de Cliente (CX) o Experiencia de Servicios en retail, salud, e-commerce o industrias de servicio.
Conocimientos sólidos en metodologías CX (Design Thinking, Journey Mapping, Agile), herramientas de medición VoC y análisis de datos (deseable Power BI / SQL básico-intermedio)."
Bodegueros/as Full Time Cyber - Preunic Mall Plaza Vespucio,Otra Área,"La Florida, Metropolitana de Santiago",La Florida,Metropolitana de Santiago,2026-09-03,6121254,salcobrand,2026-09-06,2026-09-06,0.3786,Operario,Jornada Completa,Preunic,Media,Chile,,2026-10-09,https://salcobrand.trabajando.cl/trabajo-empleo/bodegueros-as-full-time-cyber-preunic-mall-plaza-vespucio/trabajo/6121254,En Empresas SB Preunic nos encontramos...,"En Empresas SB Preunic nos encontramos en búsqueda de Bodegueros/as para trabajar en el Cyber Septiembre/Octubre 2026 nuestra sucursal de Preunic Mall Plaza Vespucio.
La misión de este cargo será encargarse del orden, mantención y reposición de la sala y bodega de la tienda; con el fin de facilitar la labor de ventas al mantener el stock de productos en sala y cuidar de la seguridad de los clientes al interior del local. Debes contar con disponibilidad para trabajar plazo 14 días (a partir del 28/09 de septiembre hasta el 11 de Octubre) en jornada Full Time: 42 horas a la semana.
En Empresas SB nos caracterizamos por ser una empresa que fomenta e impulsa el valor de equipos de trabajos diversos, aceptando el sello propio de cada persona, facilitando así ambientes laborales inclusivos, según la Ley 21.015, ¡No te pierdas la oportunidad de postular y ser parte de nuestra organización!",1,"Disponibilidad de Trabajar plazo fijo 14 días Full-Time (42 hrs), en turnos rotativos 5x2 y 6x1 de Lunes a Domingo.
Fecha de inicio: 28 de Septiembre.
Cumplir con la mayoría de edad."
Bodegueros/as Full Time Cyber - Preunic Los Ángeles,Otra Área,"Los Ángeles, Biobío",Los Ángeles,Biobío,2026-09-03,6121261,salcobrand,2026-09-06,2026-09-06,0.3695,Operario,Jornada Completa,Preunic,Media,Chile,,2026-10-09,https://salcobrand.trabajando.cl/trabajo-empleo/bodegueros-as-full-time-cyber-preunic-los-angeles/trabajo/6121261,En Empresas SB Preunic nos encontramos...,"En Empresas SB Preunic nos encontramos en búsqueda de Bodegueros/as para trabajar en el Cyber Septiembre/Octubre 2026 nuestra sucursal de Preunic Los Ángeles.
La misión de este cargo será encargarse del orden, mantención y reposición de la sala y bodega de la tienda; con el fin de facilitar la labor de ventas al mantener el stock de productos en sala y cuidar de la seguridad de los clientes al interior del local. Debes contar con disponibilidad para trabajar plazo 14 días (a partir del 28/09 de septiembre hasta el 11 de Octubre) en jornada Full Time: 42 horas a la semana.
En Empresas SB nos caracterizamos por ser una empresa que fomenta e impulsa el valor de equipos de trabajos diversos, aceptando el sello propio de cada persona, facilitando así ambientes laborales inclusivos, según la Ley 21.015, ¡No te pierdas la oportunidad de postular y ser parte de nuestra organización!",1,"Disponibilidad de Trabajar plazo fijo 14 días Full-Time (42 hrs), en turnos rotativos 5x2 y 6x1 de Lunes a Domingo.
Fecha de inicio: 28 de Septiembre.
Cumplir con la mayoría de edad."
Bodegueros/as Full Time Cyber - Preunic Curicó,Otra Área,"Curicó, Maule",Curicó,Maule,2026-09-03,6121265,salcobrand,2026-09-06,2026-09-06,0.4099,Operario,Jornada Completa,Preunic,Media,Chile,,2026-10-09,https://salcobrand.trabajando.cl/trabajo-empleo/bodegueros-as-full-time-cyber-preunic-curico/trabajo/6121265,En Empresas SB Preunic nos encontramos...,"En Empresas SB Preunic nos encontramos en búsqueda de Bodegueros/as para trabajar en el Cyber Septiembre/Octubre 2026 nuestra sucursal de Preunic Curicó.
La misión de este cargo será encargarse del orden, mantención y reposición de la sala y bodega de la tienda; con el fin de facilitar la labor de ventas al mantener el stock de productos en sala y cuidar de la seguridad de los clientes al interior del local. Debes contar con disponibilidad para trabajar plazo 14 días (a partir del 28/09 de septiembre hasta el 11 de Octubre) en jornada Full Time: 42 horas a la semana.
En Empresas SB nos caracterizamos por ser una empresa que fomenta e impulsa el valor de equipos de trabajos diversos, aceptando el sello propio de cada persona, facilitando así ambientes laborales inclusivos, según la Ley 21.015, ¡No te pierdas la oportunidad de postular y ser parte de nuestra organización!",1,"Disponibilidad de Trabajar plazo fijo 14 días Full-Time (42 hrs), en turnos rotativos 5x2 y 6x1 de Lunes a Domingo.
Fecha de inicio: 28 de Septiembre.
Cumplir con la mayoría de edad."
Bodegueros/as Full Time Cyber - Preunic Encomenderos,Otra Área,"Las Condes, Metropolitana de Santiago",Las Condes,Metropolitana de Santiago,2026-09-03,6121272,salcobrand,2026-09-06,2026-09-06,0.4087,Operario,Jornada Completa,Preunic,Media,Chile,,2026-10-09,https://salcobrand.trabajando.cl/trabajo-empleo/bodegueros-as-full-time-cyber-preunic-encomenderos/trabajo/6121272,En Empresas SB Preunic nos encontramos...,"En Empresas SB Preunic nos encontramos en búsqueda de Bodegueros/as para trabajar en el Cyber Septiembre/Octubre 2026 nuestra sucursal de Preunic Encomenderos.
La misión de este cargo será encargarse del orden, mantención y reposición de la sala y bodega de la tienda; con el fin de facilitar la labor de ventas al mantener el stock de productos en sala y cuidar de la seguridad de los clientes al interior del local. Debes contar con disponibilidad para trabajar plazo 14 días (a partir del 28/09 de septiembre hasta el 11 de Octubre) en jornada Full Time: 42 horas a la semana.
En Empresas SB nos caracterizamos por ser una empresa que fomenta e impulsa el valor de equipos de trabajos diversos, aceptando el sello propio de cada persona, facilitando así ambientes laborales inclusivos, según la Ley 21.015, ¡No te pierdas la oportunidad de postular y ser parte de nuestra organización!",1,"Disponibilidad de Trabajar plazo fijo 14 días Full-Time (42 hrs), en turnos rotativos 5x2 y 6x1 de Lunes a Domingo.
Fecha de inicio: 28 de Septiembre.
Cumplir con la mayoría de edad."
Ingeniero Optimización e Inteligencia Logística,Otra Área,"San Bernardo, Metropolitana de Santiago",San Bernardo,Metropolitana de Santiago,2026-09-03,6121291,salcobrand,2026-09-06,2026-09-06,0.4726,Analista,Jornada Completa,Salcobrand,Universitaria,Chile,2 años,2026-09-13,https://salcobrand.trabajando.cl/trabajo-empleo/ingeniero-optimizacion-e-inteligencia-logistica/trabajo/6121291,En Empresas SB nos encontramos en la...,"En Empresas SB nos encontramos en la búsqueda de nuestro/a próximo/a Ingeniero Optimización e Inteligencia Logística para sumarse a la Gerencia de Logística (Jefatura de Proyectos Logísticos). Tu misión principal será diseñar, desarrollar y liderar capacidades de inteligencia logística integrando grandes volúmenes de datos mediante analítica avanzada, inteligencia artificial y modelación matemática para optimizar la cadena de suministro.
🎯 Propósito del cargoLiderar la creación de modelos de datos, simulaciones y algoritmos predictivos a partir de las fuentes oficiales de la operación (WMS, ERP, TMS, OMS), maximizando la productividad, el uso de recursos y anticipando comportamientos operacionales para la toma de decisiones estratégicas de la compañía.
📌 Principales funcionesModelos de Datos y Dashboards: Diseñar y administrar indicadores clave (KPIs), tableros de control y modelos de datos para operaciones de transporte, e-commerce, distribución y centros de logística.
Analítica Avanzada e Inteligencia Artificial: Desarrollar análisis descriptivos, diagnósticos y modelos predictivos (Machine Learning/IA) para anticipar demandas, optimizar inventarios, costos y niveles de servicio.
Simulación y Optimización Operacional: Liderar estudios de capacidad, escenarios y modelación matemática para maximizar el desempeño, ROI y rendimiento de la cadena logística.
Integración y Calidad de Datos: Integrar y depurar información proveniente de múltiples sistemas corporativos (WMS, ERP, TMS, OMS) garantizando consistencia y calidad de datos.
Transformación Digital y Reportabilidad: Elaborar presentaciones ejecutivas para la gerencia e impulsar iniciativas de automatización, innovación y benchmarking operacional.
En Empresas SB fomentamos e impulsamos el valor de equipos de trabajo diversos, aceptando el sello propio de cada persona y facilitando ambientes laborales inclusivos bajo la Ley 21.015. ¡Te invitamos a ser parte de nuestra organización!",1,"🎓 Requisitos del perfilTítulo profesional universitario en Ingeniería Civil Industrial o Ingeniería Matemática (carrera de 5 años o más).
Desde 6 años de experiencia laboral en análisis de datos, optimización y modelación operacional en áreas de Logística, Supply Chain o Proyectos.
Experiencia técnica comprobable en sistemas logísticos (WMS, ERP, TMS, OMS) y herramientas de Business Intelligence / Analítica Avanzada.
Conocimientos sólidos en Modelación Matemática, Estadística, desarrollo de modelos predictivos y deseable experiencia en Inteligencia Artificial o Machine Learning aplicados al negocio.
Dominio de Inglés nivel Intermedio."
Bodegueros/as Full Time Cyber - Preunic Talca,Otra Área,"Las Condes, Metropolitana de Santiago",Las Condes,Metropolitana de Santiago,2026-09-03,6121275,salcobrand,2026-09-06,2026-09-06,0.3925,Operario,Jornada Completa,Preunic,Media,Chile,,2026-10-09,https://salcobrand.trabajando.cl/trabajo-empleo/bodegueros-as-full-time-cyber-preunic-talca/trabajo/6121275,En Empresas SB Preunic nos encontramos...,"En Empresas SB Preunic nos encontramos en búsqueda de Bodegueros/as para trabajar en el Cyber Septiembre/Octubre 2026 nuestra sucursal de Preunic Talca.
La misión de este cargo será encargarse del orden, mantención y reposición de la sala y bodega de la tienda; con el fin de facilitar la labor de ventas al mantener el stock de productos en sala y cuidar de la seguridad de los clientes al interior del local. Debes contar con disponibilidad para trabajar plazo 14 días (a partir del 28/09 de septiembre hasta el 11 de Octubre) en jornada Full Time: 42 horas a la semana.
En Empresas SB nos caracterizamos por ser una empresa que fomenta e impulsa el valor de equipos de trabajos diversos, aceptando el sello propio de cada persona, facilitando así ambientes laborales inclusivos, según la Ley 21.015, ¡No te pierdas la oportunidad de postular y ser parte de nuestra organización!",1,"Disponibilidad de Trabajar plazo fijo 14 días Full-Time (42 hrs), en turnos rotativos 5x2 y 6x1 de Lunes a Domingo.
Fecha de inicio: 28 de Septiembre.
Cumplir con la mayoría de edad."
Químico(a) Farmacéutico(a) Full Time - Ovalle,Otra Área,"Ovalle, Coquimbo",Ovalle,Coquimbo,2026-09-03,6121278,salcobrand,2026-09-06,2026-09-06,0.3797,Jefe Área/Sección/Depto./Local,Por Turnos,Salcobrand,Universitaria,Chile,,2026-10-09,https://salcobrand.trabajando.cl/trabajo-empleo/quimico-a-farmaceutico-a-full-time-ovalle/trabajo/6121278,¿Te motiva trabajar en equipo y asumir...,"¿Te motiva trabajar en equipo y asumir nuevos desafíos?
En Salcobrand nos encontramos en búsqueda de Químicos(as) Farmacéuticos(as) 🧖🏻💙para asumir un rol clave tanto en la gestión del equipo como en la excelencia operacional, con impacto directo en la experiencia de nuestros clientes y en el cumplimiento de los objetivos del negocio.
¿Cuál será tu propósito en este cargo?
Serás responsable de liderar y gestionar al equipo de trabajo, velando por el cumplimiento de las metas comerciales y operacionales del local. Asimismo, deberás garantizar una atención de excelencia, promoviendo una experiencia de compra memorable y fortaleciendo la fidelización de nuestros clientes.
Tenemos para ti los siguientes beneficios:
·        Asignación de bonos en fechas especiales.
·        Programas de formación permanente.
·        Programas de reconocimiento.
·        Celebraciones, sorteos con entretenidos premios y eventos.
·        Otros beneficios.
En Salcobrand nos caracterizamos por ser una empresa que fomenta e impulsa el valor de equipos de trabajos diversos, aceptando el sello propio de cada persona, facilitando así ambientes laborales inclusivos, según la Ley 21.015.
Postula con nosotros y sé parte de una organización comprometida con la salud, donde tu rol marca una real diferencia en la comunidad.",1,"Título en Química y Farmacia.
Conocimiento en Ley de fármacos, Legislación Farmacéutica y Legislación Laboral básica.
Disponibilidad para trabajar turnos rotativos 6x1."
Bodegueros/as Full Time Cyber - Preunic Mall Arauco Maipú,Otra Área,"Maipú, Metropolitana de Santiago",Maipú,Metropolitana de Santiago,2026-09-03,6121279,salcobrand,2026-09-06,2026-09-06,0.412,Operario,Jornada Completa,Preunic,Media,Chile,,2026-10-09,https://salcobrand.trabajando.cl/trabajo-empleo/bodegueros-as-full-time-cyber-preunic-mall-arauco-maipu/trabajo/6121279,En Empresas SB Preunic nos encontramos...,"En Empresas SB Preunic nos encontramos en búsqueda de Bodegueros/as para trabajar en el Cyber Septiembre/Octubre 2026 nuestra sucursal de Preunic Mall Arauco Maipú.
La misión de este cargo será encargarse del orden, mantención y reposición de la sala y bodega de la tienda; con el fin de facilitar la labor de ventas al mantener el stock de productos en sala y cuidar de la seguridad de los clientes al interior del local. Debes contar con disponibilidad para trabajar plazo 14 días (a partir del 28/09 de septiembre hasta el 11 de Octubre) en jornada Full Time: 42 horas a la semana.
En Empresas SB nos caracterizamos por ser una empresa que fomenta e impulsa el valor de equipos de trabajos diversos, aceptando el sello propio de cada persona, facilitando así ambientes laborales inclusivos, según la Ley 21.015, ¡No te pierdas la oportunidad de postular y ser parte de nuestra organización!",1,"Disponibilidad de Trabajar plazo fijo 14 días Full-Time (42 hrs), en turnos rotativos 5x2 y 6x1 de Lunes a Domingo.
Fecha de inicio: 28 de Septiembre.
Cumplir con la mayoría de edad."
Auxiliar de bodega (Cyber) - Ñuñoa,Otra Área,"Ñuñoa, Metropolitana de Santiago",Ñuñoa,Metropolitana de Santiago,2026-09-02,6120299,salcobrand,2026-09-06,2026-09-06,0.3505,Operario,Jornada Completa,Salcobrand,Media,Chile,,2026-09-13,https://salcobrand.trabajando.cl/trabajo-empleo/auxiliar-de-bodega-cyber-nunoa/trabajo/6120299,"En Salcobrand , nuestra gente es nuestro...","En Salcobrand, nuestra gente es nuestro mayor activo. Trabajamos para crear un entorno que celebre tanto a nuestros empleados como la diversidad de habilidades, orígenes y experiencias vitales dentro de nuestro lugar de trabajo.
Nos encontramos en búsqueda de Auxiliar de Bodega CYBER el cual dentro de sus funciones se encargará de:
Revisar oportunamente las bandejas a utilizar.
Realizar el proceso de picking conforme al procedimiento (preparación de la bandeja, colocar etiqueta, cierre, cuadratura, entrega de bandejas).
Revisar los vencimientos de los productos en los estándares de picking.
Requisitos:
Enseñanza Media.
Experiencia Previa (No excluyente).
Disponibilidad para trabajar en Ñuñoa.
Ubicación: Metro Ñuñoa.
Horario: Lunes a domingo 5*2 rotativos (8:00 a 18:00).
Si te gustan los desafíos y sientes que eres capaz de promover un excelente clima laboral con los más altos estándares de calidad y excelencia, este es el lugar indicado para ti.",1,"Enseñanza media completa.
Experiencia en bodega (idealmente).
Disponibilidad para trabajar en Ñuñoa."
Liquidador de salud remoto,Otra Área,"Santiago, Metropolitana de Santiago",Santiago,Metropolitana de Santiago,2026-09-02,6120459,salcobrand,2026-09-06,2026-09-06,0.3346,Administrativo,Teletrabajo,Empresas SB,Media,Chile,1 años,2026-09-13,https://salcobrand.trabajando.cl/trabajo-empleo/liquidador-de-salud-remoto/trabajo/6120459,"Si te gustan los desafíos, eres una...","Si te gustan los desafíos, eres una persona proactiva, autónoma, con altos niveles de organización, trabajas colaborativamente y sientes que eres capaz de promover un excelente clima laboral con los más altos estándares de calidad y excelencia, ¡este es el lugar indicado para ti!
Nos encontramos en búsqueda de Liquidador/a de Salud Remoto.
¿Cuál será tu desafío en este cargo?
Evaluar la procedencia de la cobertura y monto de los daños en función de las condiciones de las pólizas, rigiéndose por la normativa vigente.
Tus principales funciones:
- Liquidar siniestros de asegurados
- Actualizar pólizas de cuentas
- Planificar bandeja de liquidación
- Soporte atención clientes
Grandes desafíos, excelente ambiente laboral y todos los beneficios de trabajar en una empresa reconocida y querida en el mercado.
En Empresas SB nos caracterizamos por ser una empresa que fomenta e impulsa el valor de equipos de trabajos diversos, aceptando el sello propio de cada persona, facilitando así ambientes laborales inclusivos, según la Ley 21.015, ¡Súmate y sé parte de nuestra organización!",1,- Experiencia en liquidación de Seguros Salud (Excluyente).
Auxiliar de Farmacia Integral - Rapa Nui,Otra Área,"Isla de Pascua, Valparaíso",Isla de Pascua,Valparaíso,2026-09-01,6119814,salcobrand,2026-09-06,2026-09-06,0.3772,Técnico,Jornada Completa,Salcobrand,Técnico profesional superior,Chile,,2026-09-13,https://salcobrand.trabajando.cl/trabajo-empleo/auxiliar-de-farmacia-integral-rapa-nui/trabajo/6119814,"¿Te gusta ayudar a las personas, te...","¿Te gusta ayudar a las personas, te preocupas por entregar una buena atención y crees que tu trabajo puede marcar una diferencia en el día a día de los clientes?
Entonces esta oportunidad puede ser para ti.
En Salcobrand💙 estamos buscando Auxiliares de Farmacia Integral con vocación de servicio y ganas de sumarse a un equipo comprometido con el bienestar de las personas.
¿Qué harás en este rol👩 👨 ?
Atender y asesorar a los clientes en la compra de fármacos y productos de consumo masivo.
Entregar una atención cercana y de calidad, fomentando la confianza y fidelización.
Realizar cuadratura de caja.
Revisar la vigencia de los medicamentos.
Mantener el orden, limpieza, etiquetado y correcta exhibición de los productos en sala.
¿Qué te ofrecemos?
Asignación de bonos en fechas especiales.
Programas de formación permanente.
Programas de reconocimiento.
Celebraciones, sorteos con entretenidos premios y eventos.
Otros beneficios.
En Salcobrand nos caracterizamos por ser una empresa que fomenta e impulsa el valor de equipos de trabajos diversos, aceptando el sello propio de cada persona, facilitando así ambientes laborales inclusivos, según la Ley 21.015, ¡Súmate y sé parte de nuestra organización!
¡Súmate a Salcobrand!",1,"🔎 Lo que necesitamos de ti:
Formación acreditada en farmacia (carnet o certificado de Auxiliar de Farmacia, Auxiliar Paramédico de Farmacia o Título Técnico de Nivel Superior en Farmacia).
Disponibilidad para jornada completa de 42 horas semanales, en turnos rotativos.
Recidir en Rapa Nui.
Idealmente experiencia en Salud."
Auxiliar de Farmacia Integral Part Time - Independencia ,Otra Área,"Independencia, Metropolitana de Santiago",Independencia,Metropolitana de Santiago,2026-09-01,6119819,salcobrand,2026-09-06,2026-09-06,0.3901,Técnico,Part Time,Salcobrand,Técnico profesional superior,Chile,,2026-09-13,https://salcobrand.trabajando.cl/trabajo-empleo/auxiliar-de-farmacia-integral-part-time-independencia/trabajo/6119819,"¿Te gusta ayudar a las personas, te...","¿Te gusta ayudar a las personas, te preocupas por entregar una buena atención y crees que tu trabajo puede marcar una diferencia en el día a día de los clientes?
Entonces esta oportunidad puede ser para ti.
En Salcobrand💙 estamos buscando Auxiliares de Farmacia Integral con vocación de servicio y ganas de sumarse a un equipo comprometido con el bienestar de las personas.
¿Qué harás en este rol👩 👨 ?
Atender y asesorar a los clientes en la compra de fármacos y productos de consumo masivo.
Entregar una atención cercana y de calidad, fomentando la confianza y fidelización.
Realizar cuadratura de caja.
Revisar la vigencia de los medicamentos.
Mantener el orden, limpieza, etiquetado y correcta exhibición de los productos en sala.
¿Qué te ofrecemos?
Asignación de bonos en fechas especiales.
Programas de formación permanente.
Programas de reconocimiento.
Celebraciones, sorteos con entretenidos premios y eventos.
Otros beneficios.
En Salcobrand nos caracterizamos por ser una empresa que fomenta e impulsa el valor de equipos de trabajos diversos, aceptando el sello propio de cada persona, facilitando así ambientes laborales inclusivos, según la Ley 21.015, ¡Súmate y sé parte de nuestra organización!
¡Súmate a Salcobrand!",1,"¿Qué necesitamos?
Formación acreditada en farmacia: carnet o certificado de Auxiliar de Farmacia, Auxiliar Paramédico de Farmacia o Título Técnico de Nivel Superior en Farmacia.
Disponibilidad para trabajar jornada part time, para cubrir turnos en la semana, fin de semana y festivos, minimo 20 y maximo 30 hrs."
Auxiliar de Farmacia Integral Part Time - Chiguayante,Otra Área,"Independencia, Metropolitana de Santiago",Independencia,Metropolitana de Santiago,2026-09-01,6119821,salcobrand,2026-09-06,2026-09-06,0.3922,Técnico,Part Time,Salcobrand,Técnico profesional superior,Chile,,2026-09-13,https://salcobrand.trabajando.cl/trabajo-empleo/auxiliar-de-farmacia-integral-part-time-chiguayante/trabajo/6119821,"¿Te gusta ayudar a las personas, te...","¿Te gusta ayudar a las personas, te preocupas por entregar una buena atención y crees que tu trabajo puede marcar una diferencia en el día a día de los clientes?
Entonces esta oportunidad puede ser para ti.
En Salcobrand💙 estamos buscando Auxiliares de Farmacia Integral con vocación de servicio y ganas de sumarse a un equipo comprometido con el bienestar de las personas.
¿Qué harás en este rol👩 👨 ?
Atender y asesorar a los clientes en la compra de fármacos y productos de consumo masivo.
Entregar una atención cercana y de calidad, fomentando la confianza y fidelización.
Realizar cuadratura de caja.
Revisar la vigencia de los medicamentos.
Mantener el orden, limpieza, etiquetado y correcta exhibición de los productos en sala.
¿Qué te ofrecemos?
Asignación de bonos en fechas especiales.
Programas de formación permanente.
Programas de reconocimiento.
Celebraciones, sorteos con entretenidos premios y eventos.
Otros beneficios.
En Salcobrand nos caracterizamos por ser una empresa que fomenta e impulsa el valor de equipos de trabajos diversos, aceptando el sello propio de cada persona, facilitando así ambientes laborales inclusivos, según la Ley 21.015, ¡Súmate y sé parte de nuestra organización!
¡Súmate a Salcobrand!",1,"¿Qué necesitamos?
Formación acreditada en farmacia: carnet o certificado de Auxiliar de Farmacia, Auxiliar Paramédico de Farmacia o Título Técnico de Nivel Superior en Farmacia.
Disponibilidad para trabajar jornada part time, para cubrir turnos en la semana, fin de semana y festivos, minimo 20 y maximo 30 hrs."
Auxiliar de Farmacia Integral - Sector Oriente RM ,Otra Área,"Las Condes, Metropolitana de Santiago",Las Condes,Metropolitana de Santiago,2026-09-01,6119824,salcobrand,2026-09-06,2026-09-06,0.4022,Técnico,Jornada Completa,Salcobrand,Técnico profesional superior,Chile,,2026-09-13,https://salcobrand.trabajando.cl/trabajo-empleo/auxiliar-de-farmacia-integral-sector-oriente-rm/trabajo/6119824,"¿Te gusta ayudar a las personas, te...","¿Te gusta ayudar a las personas, te preocupas por entregar una buena atención y crees que tu trabajo puede marcar una diferencia en el día a día de los clientes?
Entonces esta oportunidad puede ser para ti.
En Salcobrand💙 estamos buscando Auxiliares de Farmacia Integral con vocación de servicio y ganas de sumarse a un equipo comprometido con el bienestar de las personas.
¿Qué harás en este rol👩 👨 ?
Atender y asesorar a los clientes en la compra de fármacos y productos de consumo masivo.
Entregar una atención cercana y de calidad, fomentando la confianza y fidelización.
Realizar cuadratura de caja.
Revisar la vigencia de los medicamentos.
Mantener el orden, limpieza, etiquetado y correcta exhibición de los productos en sala.
¿Qué te ofrecemos?
Asignación de bonos en fechas especiales.
Programas de formación permanente.
Programas de reconocimiento.
Celebraciones, sorteos con entretenidos premios y eventos.
Otros beneficios.
En Salcobrand nos caracterizamos por ser una empresa que fomenta e impulsa el valor de equipos de trabajos diversos, aceptando el sello propio de cada persona, facilitando así ambientes laborales inclusivos, según la Ley 21.015, ¡Súmate y sé parte de nuestra organización!
¡Súmate a Salcobrand!",1,"🔎 Lo que necesitamos de ti:
Formación acreditada en farmacia (carnet o certificado de Auxiliar de Farmacia, Auxiliar Paramédico de Farmacia o Título Técnico de Nivel Superior en Farmacia).
Disponibilidad para jornada completa de 42 horas semanales, en turnos rotativos."
Lider Tecnico IA,Otra Área,"Santiago, Metropolitana de Santiago",Santiago,Metropolitana de Santiago,2026-09-01,6119926,salcobrand,2026-09-06,2026-09-06,0.4012,Ingeniero,Mixta (Teletrabajo + Presencial),Empresas SB,Universitaria,Chile,3 años,2026-08-09,https://salcobrand.trabajando.cl/trabajo-empleo/lider-tecnico-ia/trabajo/6119926,"Si te gustan los desafíos, eres una...","Si te gustan los desafíos, eres una persona proactiva, autónoma, con altos niveles de organización, trabajas colaborativamente y sientes que eres capaz de promover un excelente clima laboral con los más altos estándares de calidad y excelencia, ¡Empresas SB es el lugar indicado para ti!
Nos encontramos en búsqueda de profesional para el cargo de Lider Técnico IA.
¿Cuál será tu desafío en este cargo?
Diseñar la arquitectura técnica de todas las soluciones, acelerando el proceso del ciclo de desarrollo de software utilizando IA como asistente asi como identificando oportunidades de modernización agéntica cuando aplique, asegurando siempre que los sistemas sean escalables, mantenibles, seguros y sigan principios de IA responsable.
Tus principales funciones:
Traducir los requerimientos de negocio en especificaciones técnicas.
Diseñar sistemas y definir la arquitectura de desarrollo, tomando decisiones críticas sobre el rendimiento y los trade-offs del software.
Aplicar patrones arquitectónicos y/o agénticos en los flujos de trabajo.
Implementar herramientas de observabilidad agéntica y controles de seguridad para garantizar la gobernanza y salvaguardas en los entornos de ejecución.
En Empresas SB nos caracterizamos por ser una empresa que fomenta e impulsa el valor de equipos de trabajos diversos, aceptando el sello propio de cada persona, facilitando así ambientes laborales inclusivos, según la Ley 21.015, ¡Súmate y sé parte de nuestra organización!",1,"Título de Ingeniería en Informática o carrera afín.
Desde 3 años de experiencia como Líder Técnico en equipos de desarrollo.
Dominio en protocolos de integración de IA (Model Context Protocol - MCP, A2A).
Al menos 1 año de experiencia integrando mejores prácticas de IA en productos de software.
Experiencia en arquitectura de software y diseño de sistemas complejos."
Químico(a) Farmacéutico(a) Full Time - San Felipe,Otra Área,"San Felipe, Valparaíso",San Felipe,Valparaíso,2026-09-01,6119966,salcobrand,2026-09-06,2026-09-06,0.3947,Jefe Área/Sección/Depto./Local,Por Turnos,Salcobrand,Universitaria,Chile,,2026-08-09,https://salcobrand.trabajando.cl/trabajo-empleo/quimico-a-farmaceutico-a-full-time-san-felipe/trabajo/6119966,¿Te motiva trabajar en equipo y asumir...,"¿Te motiva trabajar en equipo y asumir nuevos desafíos?
En Salcobrand nos encontramos en búsqueda de Químicos(as) Farmacéuticos(as) 🧖🏻💙para asumir un rol clave tanto en la gestión del equipo como en la excelencia operacional, con impacto directo en la experiencia de nuestros clientes y en el cumplimiento de los objetivos del negocio.
¿Cuál será tu propósito en este cargo?
Serás responsable de liderar y gestionar al equipo de trabajo, velando por el cumplimiento de las metas comerciales y operacionales del local. Asimismo, deberás garantizar una atención de excelencia, promoviendo una experiencia de compra memorable y fortaleciendo la fidelización de nuestros clientes.
Tenemos para ti los siguientes beneficios:
·        Asignación de bonos en fechas especiales.
·        Programas de formación permanente.
·        Programas de reconocimiento.
·        Celebraciones, sorteos con entretenidos premios y eventos.
·        Otros beneficios.
En Salcobrand nos caracterizamos por ser una empresa que fomenta e impulsa el valor de equipos de trabajos diversos, aceptando el sello propio de cada persona, facilitando así ambientes laborales inclusivos, según la Ley 21.015.
Postula con nosotros y sé parte de una organización comprometida con la salud, donde tu rol marca una real diferencia en la comunidad.",1,"Título en Química y Farmacia.
Conocimiento en Ley de fármacos, Legislación Farmacéutica y Legislación Laboral básica.
Disponibilidad para trabajar turnos rotativos 6x1."
Químico(a) Farmacéutico(a) Full Time - Antofagasta,Otra Área,"Antofagasta, Antofagasta",Antofagasta,Antofagasta,2026-09-01,6119989,salcobrand,2026-09-06,2026-09-06,0.3857,Jefe Área/Sección/Depto./Local,Por Turnos,Salcobrand,Universitaria,Chile,,2026-08-09,https://salcobrand.trabajando.cl/trabajo-empleo/quimico-a-farmaceutico-a-full-time-antofagasta/trabajo/6119989,¿Te motiva trabajar en equipo y asumir...,"¿Te motiva trabajar en equipo y asumir nuevos desafíos?
En Salcobrand nos encontramos en búsqueda de Químicos(as) Farmacéuticos(as) 🧖🏻💙para asumir un rol clave tanto en la gestión del equipo como en la excelencia operacional, con impacto directo en la experiencia de nuestros clientes y en el cumplimiento de los objetivos del negocio.
¿Cuál será tu propósito en este cargo?
Serás responsable de liderar y gestionar al equipo de trabajo, velando por el cumplimiento de las metas comerciales y operacionales del local. Asimismo, deberás garantizar una atención de excelencia, promoviendo una experiencia de compra memorable y fortaleciendo la fidelización de nuestros clientes.
Tenemos para ti los siguientes beneficios:
·        Asignación de bonos en fechas especiales.
·        Programas de formación permanente.
·        Programas de reconocimiento.
·        Celebraciones, sorteos con entretenidos premios y eventos.
·        Otros beneficios.
En Salcobrand nos caracterizamos por ser una empresa que fomenta e impulsa el valor de equipos de trabajos diversos, aceptando el sello propio de cada persona, facilitando así ambientes laborales inclusivos, según la Ley 21.015.
Postula con nosotros y sé parte de una organización comprometida con la salud, donde tu rol marca una real diferencia en la comunidad.",1,"Título en Química y Farmacia.
Conocimiento en Ley de fármacos, Legislación Farmacéutica y Legislación Laboral básica.
Disponibilidad para trabajar turnos rotativos 6x1."
Químico(a) Farmacéutico(a) Full Time - Machalí,Otra Área,"Machalí, Lib. Gral. Bdo. O'Higgins",Machalí,Lib. Gral. Bdo. O'Higgins,2026-09-01,6119992,salcobrand,2026-09-06,2026-09-06,0.3956,Jefe Área/Sección/Depto./Local,Por Turnos,Salcobrand,Universitaria,Chile,,2026-08-09,https://salcobrand.trabajando.cl/trabajo-empleo/quimico-a-farmaceutico-a-full-time-machali/trabajo/6119992,¿Te motiva trabajar en equipo y asumir...,"¿Te motiva trabajar en equipo y asumir nuevos desafíos?
En Salcobrand nos encontramos en búsqueda de Químicos(as) Farmacéuticos(as) 🧖🏻💙para asumir un rol clave tanto en la gestión del equipo como en la excelencia operacional, con impacto directo en la experiencia de nuestros clientes y en el cumplimiento de los objetivos del negocio.
¿Cuál será tu propósito en este cargo?
Serás responsable de liderar y gestionar al equipo de trabajo, velando por el cumplimiento de las metas comerciales y operacionales del local. Asimismo, deberás garantizar una atención de excelencia, promoviendo una experiencia de compra memorable y fortaleciendo la fidelización de nuestros clientes.
Tenemos para ti los siguientes beneficios:
·        Asignación de bonos en fechas especiales.
·        Programas de formación permanente.
·        Programas de reconocimiento.
·        Celebraciones, sorteos con entretenidos premios y eventos.
·        Otros beneficios.
En Salcobrand nos caracterizamos por ser una empresa que fomenta e impulsa el valor de equipos de trabajos diversos, aceptando el sello propio de cada persona, facilitando así ambientes laborales inclusivos, según la Ley 21.015.
Postula con nosotros y sé parte de una organización comprometida con la salud, donde tu rol marca una real diferencia en la comunidad.",1,"Título en Química y Farmacia.
Conocimiento en Ley de fármacos, Legislación Farmacéutica y Legislación Laboral básica.
Disponibilidad para trabajar turnos rotativos 6x1."
Químico(a) Farmacéutico(a) Full Time - Curicó,Otra Área,"Curicó, Maule",Curicó,Maule,2026-09-01,6119990,salcobrand,2026-09-06,2026-09-06,0.3981,Jefe Área/Sección/Depto./Local,Por Turnos,Salcobrand,Universitaria,Chile,,2026-08-09,https://salcobrand.trabajando.cl/trabajo-empleo/quimico-a-farmaceutico-a-full-time-curico/trabajo/6119990,¿Te motiva trabajar en equipo y asumir...,"¿Te motiva trabajar en equipo y asumir nuevos desafíos?
En Salcobrand nos encontramos en búsqueda de Químicos(as) Farmacéuticos(as) 🧖🏻💙para asumir un rol clave tanto en la gestión del equipo como en la excelencia operacional, con impacto directo en la experiencia de nuestros clientes y en el cumplimiento de los objetivos del negocio.
¿Cuál será tu propósito en este cargo?
Serás responsable de liderar y gestionar al equipo de trabajo, velando por el cumplimiento de las metas comerciales y operacionales del local. Asimismo, deberás garantizar una atención de excelencia, promoviendo una experiencia de compra memorable y fortaleciendo la fidelización de nuestros clientes.
Tenemos para ti los siguientes beneficios:
·        Asignación de bonos en fechas especiales.
·        Programas de formación permanente.
·        Programas de reconocimiento.
·        Celebraciones, sorteos con entretenidos premios y eventos.
·        Otros beneficios.
En Salcobrand nos caracterizamos por ser una empresa que fomenta e impulsa el valor de equipos de trabajos diversos, aceptando el sello propio de cada persona, facilitando así ambientes laborales inclusivos, según la Ley 21.015.
Postula con nosotros y sé parte de una organización comprometida con la salud, donde tu rol marca una real diferencia en la comunidad.",1,"Título en Química y Farmacia.
Conocimiento en Ley de fármacos, Legislación Farmacéutica y Legislación Laboral básica.
Disponibilidad para trabajar turnos rotativos 6x1."
Químico(a) Farmacéutico(a) Part Time  - Melipilla,Otra Área,"Melipilla, Metropolitana de Santiago",Melipilla,Metropolitana de Santiago,2026-09-01,6120002,salcobrand,2026-09-06,2026-09-06,0.3884,Jefe Área/Sección/Depto./Local,Part Time,Salcobrand,Universitaria,Chile,,2026-08-09,https://salcobrand.trabajando.cl/trabajo-empleo/quimico-a-farmaceutico-a-part-time-melipilla/trabajo/6120002,¿Te motiva trabajar en equipo y asumir...,"¿Te motiva trabajar en equipo y asumir nuevos desafíos?
En Salcobrand nos encontramos en búsqueda de Químicos(as) Farmacéuticos(as) 🧖🏻💙para asumir un rol clave tanto en la gestión del equipo como en la excelencia operacional, con impacto directo en la experiencia de nuestros clientes y en el cumplimiento de los objetivos del negocio.
¿Cuál será tu propósito en este cargo?
Serás responsable de liderar y gestionar al equipo de trabajo, velando por el cumplimiento de las metas comerciales y operacionales del local. Asimismo, deberás garantizar una atención de excelencia, promoviendo una experiencia de compra memorable y fortaleciendo la fidelización de nuestros clientes.
Tenemos para ti los siguientes beneficios:
·        Asignación de bonos en fechas especiales.
·        Programas de formación permanente.
·        Programas de reconocimiento.
·        Celebraciones, sorteos con entretenidos premios y eventos.
·        Otros beneficios.
En Salcobrand nos caracterizamos por ser una empresa que fomenta e impulsa el valor de equipos de trabajos diversos, aceptando el sello propio de cada persona, facilitando así ambientes laborales inclusivos, según la Ley 21.015.
Postula con nosotros y sé parte de una organización comprometida con la salud, donde tu rol marca una real diferencia en la comunidad.",1,"Título en Química y Farmacia.
Conocimiento en Ley de fármacos, Legislación Farmacéutica y Legislación Laboral básica.
Disponibilidad para trabajar domingos y festivos."
Químico(a) Farmacéutico(a) Part Time  - Quillota,Otra Área,"Quillota, Valparaíso",Quillota,Valparaíso,2026-09-01,6120001,salcobrand,2026-09-06,2026-09-06,0.3969,Jefe Área/Sección/Depto./Local,Part Time,Salcobrand,Universitaria,Chile,,2026-08-09,https://salcobrand.trabajando.cl/trabajo-empleo/quimico-a-farmaceutico-a-part-time-quillota/trabajo/6120001,¿Te motiva trabajar en equipo y asumir...,"¿Te motiva trabajar en equipo y asumir nuevos desafíos?
En Salcobrand nos encontramos en búsqueda de Químicos(as) Farmacéuticos(as) 🧖🏻💙para asumir un rol clave tanto en la gestión del equipo como en la excelencia operacional, con impacto directo en la experiencia de nuestros clientes y en el cumplimiento de los objetivos del negocio.
¿Cuál será tu propósito en este cargo?
Serás responsable de liderar y gestionar al equipo de trabajo, velando por el cumplimiento de las metas comerciales y operacionales del local. Asimismo, deberás garantizar una atención de excelencia, promoviendo una experiencia de compra memorable y fortaleciendo la fidelización de nuestros clientes.
Tenemos para ti los siguientes beneficios:
·        Asignación de bonos en fechas especiales.
·        Programas de formación permanente.
·        Programas de reconocimiento.
·        Celebraciones, sorteos con entretenidos premios y eventos.
·        Otros beneficios.
En Salcobrand nos caracterizamos por ser una empresa que fomenta e impulsa el valor de equipos de trabajos diversos, aceptando el sello propio de cada persona, facilitando así ambientes laborales inclusivos, según la Ley 21.015.
Postula con nosotros y sé parte de una organización comprometida con la salud, donde tu rol marca una real diferencia en la comunidad.",1,"Título en Química y Farmacia.
Conocimiento en Ley de fármacos, Legislación Farmacéutica y Legislación Laboral básica.
Disponibilidad para trabajar domingos y festivos."
Químico(a) Farmacéutico(a) Part Time  - La Cisterna,Otra Área,"La Cisterna, Metropolitana de Santiago",La Cisterna,Metropolitana de Santiago,2026-09-01,6120004,salcobrand,2026-09-06,2026-09-06,0.387,Jefe Área/Sección/Depto./Local,Part Time,Salcobrand,Universitaria,Chile,,2026-08-09,https://salcobrand.trabajando.cl/trabajo-empleo/quimico-a-farmaceutico-a-part-time-la-cisterna/trabajo/6120004,¿Te motiva trabajar en equipo y asumir...,"¿Te motiva trabajar en equipo y asumir nuevos desafíos?
En Salcobrand nos encontramos en búsqueda de Químicos(as) Farmacéuticos(as) 🧖🏻💙para asumir un rol clave tanto en la gestión del equipo como en la excelencia operacional, con impacto directo en la experiencia de nuestros clientes y en el cumplimiento de los objetivos del negocio.
¿Cuál será tu propósito en este cargo?
Serás responsable de liderar y gestionar al equipo de trabajo, velando por el cumplimiento de las metas comerciales y operacionales del local. Asimismo, deberás garantizar una atención de excelencia, promoviendo una experiencia de compra memorable y fortaleciendo la fidelización de nuestros clientes.
Tenemos para ti los siguientes beneficios:
·        Asignación de bonos en fechas especiales.
·        Programas de formación permanente.
·        Programas de reconocimiento.
·        Celebraciones, sorteos con entretenidos premios y eventos.
·        Otros beneficios.
En Salcobrand nos caracterizamos por ser una empresa que fomenta e impulsa el valor de equipos de trabajos diversos, aceptando el sello propio de cada persona, facilitando así ambientes laborales inclusivos, según la Ley 21.015.
Postula con nosotros y sé parte de una organización comprometida con la salud, donde tu rol marca una real diferencia en la comunidad.",1,"Título en Química y Farmacia.
Conocimiento en Ley de fármacos, Legislación Farmacéutica y Legislación Laboral básica.
Disponibilidad para trabajar domingos y festivos."
Químico(a) Farmacéutico(a) Part Time  - Curicó,Otra Área,"Curicó, Maule",Curicó,Maule,2026-09-01,6120006,salcobrand,2026-09-06,2026-09-06,0.4083,Jefe Área/Sección/Depto./Local,Part Time,Salcobrand,Universitaria,Chile,,2026-08-09,https://salcobrand.trabajando.cl/trabajo-empleo/quimico-a-farmaceutico-a-part-time-curico/trabajo/6120006,¿Te motiva trabajar en equipo y asumir...,"¿Te motiva trabajar en equipo y asumir nuevos desafíos?
En Salcobrand nos encontramos en búsqueda de Químicos(as) Farmacéuticos(as) 🧖🏻💙para asumir un rol clave tanto en la gestión del equipo como en la excelencia operacional, con impacto directo en la experiencia de nuestros clientes y en el cumplimiento de los objetivos del negocio.
¿Cuál será tu propósito en este cargo?
Serás responsable de liderar y gestionar al equipo de trabajo, velando por el cumplimiento de las metas comerciales y operacionales del local. Asimismo, deberás garantizar una atención de excelencia, promoviendo una experiencia de compra memorable y fortaleciendo la fidelización de nuestros clientes.
Tenemos para ti los siguientes beneficios:
·        Asignación de bonos en fechas especiales.
·        Programas de formación permanente.
·        Programas de reconocimiento.
·        Celebraciones, sorteos con entretenidos premios y eventos.
·        Otros beneficios.
En Salcobrand nos caracterizamos por ser una empresa que fomenta e impulsa el valor de equipos de trabajos diversos, aceptando el sello propio de cada persona, facilitando así ambientes laborales inclusivos, según la Ley 21.015.
Postula con nosotros y sé parte de una organización comprometida con la salud, donde tu rol marca una real diferencia en la comunidad.",1,"Título en Química y Farmacia.
Conocimiento en Ley de fármacos, Legislación Farmacéutica y Legislación Laboral básica.
Disponibilidad para trabajar domingos y festivos."
Consultor/a Cosmética Coreana 30 hrs Part Time - Preunic Parque Arauco,Otra Área,"Las Condes, Metropolitana de Santiago",Las Condes,Metropolitana de Santiago,2026-09-01,6120154,salcobrand,2026-09-06,2026-09-06,0.3516,Vendedor,Part Time,Preunic,Media,Chile,1 años,2026-08-09,https://salcobrand.trabajando.cl/trabajo-empleo/consultor-a-cosmetica-coreana-30-hrs-part-time-preunic-parque-arauco/trabajo/6120154,El equipo Preunic Mall Parque Arauco...,"El equipo Preunic Mall Parque Arauco reconocido como la Empresa N°1 en Perfumería quiere contar contigo y todas tus ganas de aprender😁.
Deseamos que puedas orientar y asesorar a quienes nos visitan sobre productos de Belleza y Cuidado Personal de Cosmética Coreana (Maquillaje, Tipos de Piel y Tendencias)💄, interpretando sus necesidades y acompañándolo a hacer click con las grandes marcas que trabajamos.
Si lo anterior te describe y además tienes experiencia en ventas y atención al cliente, conoces sobre el área cosmética y de cuidado personal y te acomoda jornada Part Time (30 horas) con turnos rotativos (5x2 y 6x1) ¡Queremos conocerte! 👀.
En Empresas SB nos caracterizamos por ser una empresa que fomenta e impulsa el valor de equipos de trabajos diversos, aceptando el sello propio de cada persona, facilitando así ambientes laborales inclusivos, según la Ley 21.015, ¡No te pierdas la oportunidad de postular y ser parte de nuestra organización!",1,"Disponibilidad para trabajar Part Time (30 horas) con turnos rotativos (5x2 y 6x1) en LAS CONDES.
Cumplir con mayoría de edad.
Experiencia y conocimientos comprobable en maquillaje/cosmética"
Auxiliar de Farmacia Integral - Huechuraba,Otra Área,"Huechuraba, Metropolitana de Santiago",Huechuraba,Metropolitana de Santiago,2026-09-01,6120165,salcobrand,2026-09-06,2026-09-06,0.3499,Técnico,Jornada Completa,Salcobrand,Técnico profesional superior,Chile,,2026-09-13,https://salcobrand.trabajando.cl/trabajo-empleo/auxiliar-de-farmacia-integral-huechuraba/trabajo/6120165,"¿Te gusta ayudar a las personas, te...","¿Te gusta ayudar a las personas, te preocupas por entregar una buena atención y crees que tu trabajo puede marcar una diferencia en el día a día de los clientes?
Entonces esta oportunidad puede ser para ti.
En Salcobrand💙 estamos buscando Auxiliares de Farmacia Integral con vocación de servicio y ganas de sumarse a un equipo comprometido con el bienestar de las personas.
¿Qué harás en este rol👩 👨 ?
Atender y asesorar a los clientes en la compra de fármacos y productos de consumo masivo.
Entregar una atención cercana y de calidad, fomentando la confianza y fidelización.
Realizar cuadratura de caja.
Revisar la vigencia de los medicamentos.
Mantener el orden, limpieza, etiquetado y correcta exhibición de los productos en sala.
¿Qué te ofrecemos?
Asignación de bonos en fechas especiales.
Programas de formación permanente.
Programas de reconocimiento.
Celebraciones, sorteos con entretenidos premios y eventos.
Otros beneficios.
En Salcobrand nos caracterizamos por ser una empresa que fomenta e impulsa el valor de equipos de trabajos diversos, aceptando el sello propio de cada persona, facilitando así ambientes laborales inclusivos, según la Ley 21.015, ¡Súmate y sé parte de nuestra organización!
¡Súmate a Salcobrand!",1,"🔎 Lo que necesitamos de ti:
Formación acreditada en farmacia (carnet o certificado de Auxiliar de Farmacia, Auxiliar Paramédico de Farmacia o Título Técnico de Nivel Superior en Farmacia).
Disponibilidad para jornada completa de 42 horas semanales, en turnos rotativos."
Auxiliar de bodega (Cyber) - Las Condes,Otra Área,"Las Condes, Metropolitana de Santiago",Las Condes,Metropolitana de Santiago,2026-09-01,6120175,salcobrand,2026-09-06,2026-09-06,0.37,Operario,Jornada Completa,Salcobrand,Media,Chile,,2026-09-13,https://salcobrand.trabajando.cl/trabajo-empleo/auxiliar-de-bodega-cyber-las-condes/trabajo/6120175,"En Salcobrand , nuestra gente es nuestro...","En Salcobrand, nuestra gente es nuestro mayor activo. Trabajamos para crear un entorno que celebre tanto a nuestros empleados como la diversidad de habilidades, orígenes y experiencias vitales dentro de nuestro lugar de trabajo.
Nos encontramos en búsqueda de Auxiliar de Bodega CYBER el cual dentro de sus funciones se encargará de:
Revisar oportunamente las bandejas a utilizar.
Realizar el proceso de picking conforme al procedimiento (preparación de la bandeja, colocar etiqueta, cierre, cuadratura, entrega de bandejas).
Revisar los vencimientos de los productos en los estándares de picking.
Requisitos:
Enseñanza Media completa.
Experiencia Previa (No excluyente).
Disponibilidad para trabajar en Las Condes.
Ubicación: Metro El Golf.
Horario: Lunes a domingo 5*2 rotativos (8:00 a 18:00).
Si te gustan los desafíos y sientes que eres capaz de promover un excelente clima laboral con los más altos estándares de calidad y excelencia, este es el lugar indicado para ti.",1,"Enseñanza media completa.
Experiencia en bodega (idealmente)
Disponibilidad para trabajar en Las Condes."
Auxiliar de bodega (Cyber) - San Bernardo,Otra Área,"San Bernardo, Metropolitana de Santiago",San Bernardo,Metropolitana de Santiago,2026-09-01,6120176,salcobrand,2026-09-06,2026-09-06,0.3799,Operario,Jornada Completa,Salcobrand,Media,Chile,,2026-09-13,https://salcobrand.trabajando.cl/trabajo-empleo/auxiliar-de-bodega-cyber-san-bernardo/trabajo/6120176,"En Empresas SB , nuestra gente es nuestro...","En Empresas SB, nuestra gente es nuestro mayor activo. Trabajamos para crear un entorno que celebre tanto a nuestros empleados como la diversidad de habilidades, orígenes y experiencias vitales dentro de nuestro lugar de trabajo.
Nos encontramos en búsqueda de Auxiliar de Bodega CYBER el cual dentro de sus funciones se encargará de:
Revisar oportunamente las bandejas a utilizar.
Realizar el proceso de picking conforme al procedimiento (preparación de la bandeja, colocar etiqueta, cierre, cuadratura, entrega de bandejas).
Revisar los vencimientos de los productos en los estándares de picking.
Requisitos:
Enseñanza Media completa.
Experiencia Previa (No excluyente).
Disponibilidad para trabajar en San Bernardo.
Horario: Turnos rotativos de 6*1 (06:00 a 14:00 y 14:00 a 22:00).
Movilización a domicilio entrada a la 06:00 y salida a las 22:00.
Si te gustan los desafíos y sientes que eres capaz de promover un excelente clima laboral con los más altos estándares de calidad y excelencia, este es el lugar indicado para ti.",1,"- Experiencia en bodega
- Disponibilidad para trabajar en San Bernardo."
Químico(a) Farmacéutico(a) Part Time  - Vitacura,Otra Área,"Vitacura, Metropolitana de Santiago",Vitacura,Metropolitana de Santiago,2026-09-01,6120003,salcobrand,2026-09-06,2026-09-06,0.3977,Jefe Área/Sección/Depto./Local,Part Time,Salcobrand,Universitaria,Chile,,2026-08-09,https://salcobrand.trabajando.cl/trabajo-empleo/quimico-a-farmaceutico-a-part-time-vitacura/trabajo/6120003,¿Te motiva trabajar en equipo y asumir...,"¿Te motiva trabajar en equipo y asumir nuevos desafíos?
En Salcobrand nos encontramos en búsqueda de Químicos(as) Farmacéuticos(as) 🧖🏻💙para asumir un rol clave tanto en la gestión del equipo como en la excelencia operacional, con impacto directo en la experiencia de nuestros clientes y en el cumplimiento de los objetivos del negocio.
¿Cuál será tu propósito en este cargo?
Serás responsable de liderar y gestionar al equipo de trabajo, velando por el cumplimiento de las metas comerciales y operacionales del local. Asimismo, deberás garantizar una atención de excelencia, promoviendo una experiencia de compra memorable y fortaleciendo la fidelización de nuestros clientes.
Tenemos para ti los siguientes beneficios:
·        Asignación de bonos en fechas especiales.
·        Programas de formación permanente.
·        Programas de reconocimiento.
·        Celebraciones, sorteos con entretenidos premios y eventos.
·        Otros beneficios.
En Salcobrand nos caracterizamos por ser una empresa que fomenta e impulsa el valor de equipos de trabajos diversos, aceptando el sello propio de cada persona, facilitando así ambientes laborales inclusivos, según la Ley 21.015.
Postula con nosotros y sé parte de una organización comprometida con la salud, donde tu rol marca una real diferencia en la comunidad.",1,"Título en Química y Farmacia.
Conocimiento en Ley de fármacos, Legislación Farmacéutica y Legislación Laboral básica.
Disponibilidad para trabajar domingos y festivos."
Controller Locales,Otra Área,"Providencia, Metropolitana de Santiago",Providencia,Metropolitana de Santiago,2026-08-31,6119205,salcobrand,2026-09-06,2026-09-06,0.3636,Analista,Mixta (Teletrabajo + Presencial),Salcobrand,Universitaria,Chile,2 años,2026-09-13,https://salcobrand.trabajando.cl/trabajo-empleo/controller-locales/trabajo/6119205,En Salcobrand nos encontramos en la...,"En Salcobrand nos encontramos en la búsqueda de nuestro/a próximo/a Controller Locales para sumarse a la Gerencia de Estándares y Continuidad Operacional. Tu misión principal será monitorear y gestionar la resolución de incidencias operativas en tiempo real, garantizando la continuidad de las tiendas, el cumplimiento de horarios y la mejor experiencia para nuestros clientes.
🎯 Propósito del cargo
Controlar y dar seguimiento oportuno a la resolución de tickets e incidencias operativas levantadas por locales, jefes zonales y áreas de negocio, asegurando la continuidad de la operación en tienda y canales de e-commerce.
📌 Principales funciones
Monitoreo e Incidencias en Tiempo Real: Hacer seguimiento hasta la resolución de tickets (Jira, Takary, WhatsApp) que impacten la operación o dispositivos críticos (tótems, POS, PDA).
Control de Aperturas, Cierres y Tiempos: Monitorear en Panel 360 el cumplimiento de horarios de apertura/cierre de locales y alertar desviaciones en los tiempos de espera de clientes.
E-commerce y Recetas: Dar seguimiento a la validación de recetas pendientes (""open"") y al cierre de pedidos de retiro en tienda y última milla para asegurar la promesa de entrega.
Coordinación y Escalamiento: Escalar y coordinar directamente con TI, mantención, proveedores de conectividad y jefes zonales las soluciones bajo los SLA definidos.
Reportabilidad y Traspaso de Turno: Registrar el cierre diario de la operación para asegurar la trazabilidad y la continuidad del servicio entre turnos.
En Salcobrand fomentamos e impulsamos el valor de equipos de trabajo diversos, aceptando el sello propio de cada persona y facilitando ambientes laborales inclusivos bajo la Ley 21.015. ¡Te invitamos a ser parte de nuestra organización!",1,"🎓 ¿Qué necesitamos de ti?
Título profesional de Ingeniería Civil Industrial, Estadística, Ingeniería Comercial o carrera afín (mínimo 5 años de estudios).
Desde 1 año de experiencia trabajando en análisis de datos o equipos analíticos.
Manejo técnico de Excel Avanzado y SQL Intermedio.
Capacidad analítica, visión de negocio y pasión por la experiencia del cliente."
Supervisor/a de Consumo - Temuco,Otra Área,"Temuco, La Araucanía",Temuco,La Araucanía,2026-08-31,6119196,salcobrand,2026-09-06,2026-09-06,0.3713,Supervisor,En terreno,Salcobrand,Técnico medio/ colegio técnico,Chile,1 años,2026-09-13,https://salcobrand.trabajando.cl/trabajo-empleo/supervisor-a-de-consumo-temuco/trabajo/6119196,"Si te gustan los desafíos, eres una...","Si te gustan los desafíos, eres una persona proactiva, autónoma, con altos niveles de organización, trabajas colaborativamente y sientes que eres capaz de promover un excelente clima laboral con los más altos estándares de calidad y excelencia, ¡Salcobrand es el lugar indicado para ti!
Nos encontramos en búsqueda de profesional para el cargo de Supervisor/a de Consumo.
¿Cuál será tu desafío en este cargo?
Contribuir en el cumplimiento de las metas y estrategias comerciales del área Dermocosmetica de Salcobrand, brindando un trabajo de excelencia que permita generar valor, buscando oportunidades de mejora que contribuyan con los lineamientos establecidos por el equipo.
Tus principales funciones:
Supervisión y control de procesos comerciales.
Levantamiento de problemas y contingencias en locales.
Buscar o generar oportunidades comerciales
En Salcobrand nos caracterizamos por ser una empresa que fomenta e impulsa el valor de equipos de trabajos diversos, aceptando el sello propio de cada persona, facilitando así ambientes laborales inclusivos, según la Ley 21.015, ¡Súmate y sé parte de nuestra organización!",1,"Desde 1 año de experiencia liderando equipos.
Manejo y conocimiento Office intermedio."
Vendor Manager Inventory (VMI),Otra Área,"Santiago, Metropolitana de Santiago",Santiago,Metropolitana de Santiago,2026-08-31,6119195,salcobrand,2026-09-06,2026-09-06,0.4539,Analista,Mixta (Teletrabajo + Presencial),Salcobrand,Universitaria,Chile,2 años,2026-09-13,https://salcobrand.trabajando.cl/trabajo-empleo/vendor-manager-inventory-vmi/trabajo/6119195,En Salcobrand buscamos un/a Vendor...,"En Salcobrand buscamos un/a Vendor Manager Inventory para nuestra Gerencia de Gestión de Inventario. Tu desafío principal será liderar de punta a punta el abastecimiento y la distribución de la cuenta Unilever, asegurando la máxima disponibilidad de productos en todos nuestros canales.
🎯 Propósito
Gestionar el abastecimiento estratégico de consumo masivo (compra y distribución) y liderar la relación con el proveedor, asegurando la continuidad operacional y maximizando las ventas de la categoría.
📌 Principales funciones
Abastecimiento: Planificar la compra y distribución para garantizar el stock correcto en toda la cadena de tiendas y canales digitales.
Control de KPIs: Monitorear y optimizar indicadores clave de la cuenta como Nivel de Servicio (%NS), %Fill Rate y Días de Alcance.
Campañas y Promociones: Coordinar el stock oportuno para lanzamientos, inclusiones y productos promocionales.
Eficiencia de Stock: Controlar el sobrestock y el inventario inmovilizado para optimizar la eficiencia de las bodegas.
En Salcobrand fomentamos e impulsamos el valor de equipos de trabajos diversos, aceptando el sello propio de cada persona y facilitando ambientes laborales inclusivos bajo la Ley 21.015. ¡Te invitamos a ser parte de nuestra organización!",1,"🎓 Requisitos
Título de Ingeniería Civil Industrial, Ingeniería Industrial o Ingeniería Comercial.
Desde 2 años de experiencia en Supply Chain, Gestión de Inventario, Abastecimiento o Retail.
Perfil analítico, con excelentes habilidades de comunicación y negociación con proveedores."
Analista Experiencia de Clientes,Otra Área,"Providencia, Metropolitana de Santiago",Providencia,Metropolitana de Santiago,2026-08-31,6119198,salcobrand,2026-09-06,2026-09-06,0.4535,Analista,Mixta (Teletrabajo + Presencial),Salcobrand,Universitaria,Chile,2 años,2026-09-13,https://salcobrand.trabajando.cl/trabajo-empleo/analista-experiencia-de-clientes/trabajo/6119198,En Salcobrand buscamos un/a Analista...,"En Salcobrand buscamos un/a Analista de Experiencia de Clientes para sumarse a la Gerencia de Marketing, Clientes y Comunicaciones Externas. Tu desafío principal será transformar los datos de percepción y la ""Voz del Cliente"" en insights estratégicos que impulsen la recomendación (NPS) y la rentabilidad del negocio.
🎯 Propósito del cargo
Analizar y entregar propuestas de valor a partir de los datos de Experiencia de Clientes. Serás responsable de la integridad del estudio recurrente de NPS, cruzando datos de percepción con KPIs operativos y de negocio (fuga, recompra, niveles de servicio) para proponer mejoras en todos los puntos de contacto de la compañía.
📌 Principales funciones
Calidad y Gestión de NPS: Velar por la integridad, confiabilidad y reportabilidad del estudio de recomendación (NPS) a nivel compañía para comités ejecutivos y áreas internas.
Análisis de la Voz del Cliente: Analizar resultados en todos los puntos de contacto e identificar oportunidades de mejora continua.
Modelos de Rentabilidad e Investigación: Actualizar el Modelo de Rentabilidad de NPS, analizar comportamientos en programas de fidelización y apoyar el diseño de estudios adhoc.
Socio Estratégico: Participar en mesas multidisciplinarias aportando la mirada del cliente a través de datos y coordinar requerimientos con el equipo de BI y proveedores de encuestas.
En Salcobrand fomentamos e impulsamos el valor de equipos de trabajo diversos, aceptando el sello propio de cada persona y facilitando ambientes laborales inclusivos bajo la Ley 21.015. ¡Te invitamos a ser parte de nuestra organización!",1,"🎓 ¿Qué necesitamos de ti?
Título profesional de Ingeniería Civil Industrial, Estadística, Ingeniería Comercial o carrera afín (mínimo 5 años de estudios).
Desde 1 año de experiencia trabajando en análisis de datos o equipos analíticos.
Manejo técnico de Excel Avanzado y SQL Intermedio.
Capacidad analítica, visión de negocio y pasión por la experiencia del cliente."
Trabajador Social (Honorario),Otra Área,"Providencia, Metropolitana de Santiago",Providencia,Metropolitana de Santiago,2026-08-31,6119200,salcobrand,2026-09-06,2026-09-06,0.2874,Analista,Mixta (Teletrabajo + Presencial),Empresas SB,Universitaria,Chile,2 años,2026-09-13,https://salcobrand.trabajando.cl/trabajo-empleo/trabajador-social-honorario/trabajo/6119200,Buscamos un/a Trabajador/a Social de...,"Buscamos un/a Trabajador/a Social de Apoyo Sanitario para sumarse al equipo bajo la modalidad de Prestación de Servicios a Honorarios. Tu misión será desarrollar intervenciones y evaluaciones sociales metódicas orientadas a promover el acceso oportuno a prestaciones y programas de salud, gestionando redes de apoyo y realizando un seguimiento técnico continuo para contribuir a una atención integral y centrada en las personas.
🎯 Propósito del cargo
Desarrollar intervenciones y evaluaciones sociales metódicas para orientar, gestionar casos y coordinar redes de apoyo que aseguren el acceso a programas de salud y una atención cercana y resolutiva.
📌 Principales funciones
Atención e Intervención Social: Realizar entrevistas, orientar y elaborar diagnósticos sociales y planes de intervención de acuerdo con los lineamientos técnicos.
Gestión de Casos y Beneficios: Tramitar el acceso a prestaciones, realizar derivaciones y coordinar acciones con la red asistencial pública e instituciones externas.
Seguimiento y Registro Metódico: Monitorear el cumplimiento de acciones comprometidas, elaborar informes técnicos y mantener un registro actualizado y ordenado en planillas.
Confidencialidad y Protocolos: Resguardar el manejo ético y reservado de la información sensible de los usuarios cumpliendo la normativa vigente.
Nuestra organización promueve activamente entornos de trabajo basados en el respeto, la igualdad de oportunidades y la diversidad de talentos, garantizando procesos de selección inclusivos y adaptados a la Ley 21.015. ¡Te invitamos a postular!",1,"🎓 Requisitos del perfil
Título profesional de Trabajador/a Social o Licenciado/a en Trabajo Social.
Mínimo 3 años de experiencia en instituciones o programas del Sistema Público de Salud (CESFAM, Hospitales, Servicios de Salud).
Conocimientos técnicos en la red asistencial pública, beneficios sociales/previsionales, gestión de casos y Excel nivel intermedio (manejo metódico de planillas).
Modalidad: Prestación de Servicios a Honorarios."
Certificador QA,Otra Área,"Santiago, Metropolitana de Santiago",Santiago,Metropolitana de Santiago,2026-08-31,6119202,salcobrand,2026-09-06,2026-09-06,0.3957,Operario,Jornada Completa,Salcobrand,Media,Chile,,2026-09-13,https://salcobrand.trabajando.cl/trabajo-empleo/certificador-qa/trabajo/6119202,En Salcobrand buscamos un/a Certificador...,"En Salcobrand buscamos un/a Certificador QA para sumarse al equipo de operaciones de nuestro Centro de Distribución. Tu misión principal será realizar certificaciones a los distintos procesos logísticos y detectar desviaciones en el proceso.
¿Cuál será tu desafío en este cargo?
Realizar certificaciones aleatorias y dirigidas a los distintos procesos del Centro de Distribución, levantando la información de los puntos críticos, generando mediciones periódicas y corrigiendo desviaciones.
Tus principales funciones:
Realizar Certificaciones a los distintos procesos logísticos.
Identificar los puntos críticos donde se genera pérdida para la compañía.
Realizar inventarios en el Centro de Distribución.
En Salcobrand fomentamos e impulsamos el valor de equipos de trabajo diversos, aceptando el sello propio de cada persona y facilitando ambientes laborales inclusivos bajo la Ley 21.015. ¡Te invitamos a ser parte de nuestra organización!",1,"🎓 ¿Qué necesitas para postular?
Título Técnico relacionado a Logística.
Desde 1 año de experiencia manejando indicadores de control de gestión.
Excel intermedio."
Analista de Compensaciones y Analítica,Otra Área,"Santiago, Metropolitana de Santiago",Santiago,Metropolitana de Santiago,2026-08-31,6119201,salcobrand,2026-09-06,2026-09-06,0.4447,Analista,Mixta (Teletrabajo + Presencial),Empresas SB,Universitaria,Chile,2 años,2026-09-13,https://salcobrand.trabajando.cl/trabajo-empleo/analista-de-compensaciones-y-analitica/trabajo/6119201,En Empresas SB nos encontramos en la...,"En Empresas SB nos encontramos en la búsqueda de nuestro/a próximo/a Analista de Compensaciones y Analítica para sumarse a la Gerencia de Personas. Tu objetivo central será analizar, estructurar y gestionar la estrategia de compensaciones, equidad salarial y estructura organizacional de la compañía, entregando información analítica clave para la toma de decisiones estratégicas.
🎯 Propósito del cargo
Diseñar y gestionar la estructura de compensaciones, beneficios y modelos de equidad salarial de la empresa, analizando datos de mercado y métricas internas para asegurar la competitividad, sostenibilidad financiera y optimización de los costos de dotación.
📌 Principales funciones
Gestión y Análisis de Compensaciones: Evaluar, estructurar y mantener actualizadas las bandas salariales, escalas de cargos y estructuras de incentivos variables de la compañía.
Estudios de Mercado y Equidad Salarial: Analizar estudios salariales del mercado y realizar comparativos internos para proponer ajustes que aseguren la competitividad y la equidad interna.
Control de Presupuesto y Dotación: Monitorear y controlar el presupuesto de gastos de personal, analizando desviaciones en costos de dotación, compensaciones y beneficios.
Modelamiento e Inteligencia de Datos: Construir tableros de control (dashboards) y reportes periódicos de KPIs del área para brindar visibilidad analítica a la alta dirección.
Consultoría Interna: Asesorar a los Business Partners (BP) y jefaturas en valoraciones de cargos, ofertas laborales y propuestas de movilidad interna.
En Empresas SB fomentamos e impulsamos el valor de equipos de trabajo diversos, aceptando el sello propio de cada persona y facilitando ambientes laborales inclusivos bajo la Ley 21.015. ¡Te invitamos a ser parte de nuestra organización!",1,"🎓 Requisitos del perfil
Título profesional universitario en Ingeniería Civil Industrial o Ingeniería en Estadística.
Mínimo 2 años de experiencia laboral comprobable en áreas de Compensaciones, Control de Gestión de Personas o Analytics.
Experiencia técnica en análisis y modelamiento de datos, valoración de cargos y estructuras salariales.
Manejo avanzado de Microsoft Excel (fórmulas complejas, modelamiento de datos) y deseable conocimiento en herramientas de BI (Power BI)."
Supervisor/a de Picking - San Bernardo ,Otra Área,"San Bernardo, Metropolitana de Santiago",San Bernardo,Metropolitana de Santiago,2026-08-31,6119203,salcobrand,2026-09-06,2026-09-06,0.4645,Supervisor,Jornada Completa,Salcobrand,Técnico profesional superior,Chile,2 años,2026-09-13,https://salcobrand.trabajando.cl/trabajo-empleo/supervisor-a-de-picking-san-bernardo/trabajo/6119203,En Salcobrand buscamos incorporar a...,"En Salcobrand buscamos incorporar a un/a Supervisor/a de Picking para nuestro Centro de Distribución en San Bernardo, quien será responsable de liderar equipos operativos y asegurar una ejecución eficiente, segura y de alta calidad en los procesos de preparación de pedidos.
Si te motiva el liderazgo en terreno, la mejora continua y el cumplimiento de altos estándares operacionales, ¡esta oportunidad es para ti!
¿Cuál será tu principal desafío?
Supervisar y controlar la planificación y ejecución del picking en las zonas asignadas del Centro de Distribución, liderando equipos productivos y asegurando el cumplimiento de los niveles de servicio, calidad, seguridad y normativas internas.
Principales funciones
Asegurar la correcta planificación y ejecución del picking diario en las zonas asignadas.
Supervisar la trazabilidad y correcto estado físico y sistémico de los productos.
Coordinar al equipo operativo promoviendo buenas prácticas, orden y seguridad.
Impulsar la mejora continua del proceso de picking, buscando eficiencias y reducción de costos.
En Empresas SB (Salcobrand, Preunic y Filiales) promovemos equipos diversos y ambientes laborales inclusivos, de acuerdo con la Ley 21.015.
📩 Postula y sé parte de un equipo que mueve miles de pedidos con excelencia todos los días.",1,"Formación técnica completa (nivel técnico avanzado).
Al menos 5 años de experiencia en operaciones logísticas o bodegas, idealmente en retail o rubro farmacéutico.
Experiencia liderando equipos operativos (idealmente más de 12 personas).
Conocimientos y experiencia en uso de WMS y procesos de picking.
Capacidad de liderazgo, orientación a resultados y foco en la calidad del servicio."
Analista Gestión del Cambio,Otra Área,"Santiago, Metropolitana de Santiago",Santiago,Metropolitana de Santiago,2026-08-31,6119223,salcobrand,2026-09-06,2026-09-06,0.4267,Analista,Mixta (Teletrabajo + Presencial),Empresas SB,Universitaria,Chile,2 años,2026-09-13,https://salcobrand.trabajando.cl/trabajo-empleo/analista-gestion-del-cambio/trabajo/6119223,En Empresas SB nos encontramos en la...,"En Empresas SB nos encontramos en la búsqueda de nuestro/a próximo/a Analista de Gestión del Cambio para sumarse a la Gerencia de Personas (Subgerencia de Desarrollo Organizacional). Tu misión principal será diseñar, ejecutar y medir las estrategias de adopción e impacto organizacional frente a proyectos de transformación, garantizando una transición fluida, la mitigación de resistencias y la sostenibilidad de los nuevos procesos, tecnologías o cultura en los colaboradores.
🎯 Propósito del cargo
Asegurar la adopción efectiva de proyectos de transformación tecnológica y cultural en la organización, acompañando a los equipos y líderes a través de metodologías estructuradas de gestión del cambio para maximizar el compromiso y el valor del negocio.
📌 Principales funciones
Evaluación de Impacto y Diagnóstico: Evaluar el nivel de preparación de la organización mediante herramientas cualitativas y cuantitativas (encuestas, entrevistas, talleres) para dimensionar el esfuerzo de adopción.
Planes de Cambio (ADKAR): Formular e implementar planes integrales de cambio articulando acciones de comunicación, formación y gestión de resistencias.
Red de Embajadores y Liderazgo: Formar a los líderes como patrocinadores del cambio y activar/estructurar la Red de Embajadores mediante entrenamientos y seguimiento continuo.
Alineación de Competencias: Levantar necesidades formativas junto a Comunicación Interna y Formación para diseñar contenidos y metodologías de aprendizaje eficientes.
Medición y KPI de Adopción: Monitorear indicadores de adopción, resistencia y clima frente al cambio utilizando tableros de control y analítica de personas para tomar acciones correctivas oportunas.
En Empresas SB fomentamos e impulsamos el valor de equipos de trabajo diversos, aceptando el sello propio de cada persona y facilitando ambientes laborales inclusivos bajo la Ley 21.015. ¡Te invitamos a ser parte de nuestra organización!",1,"🎓 Requisitos del perfil
Título profesional universitario en Psicología, Sociología, Ingeniería Comercial o carrera afín.
Desde 3 años de experiencia laboral, con al menos 2 a 4 años liderando o apoyando procesos de Gestión del Cambio, Desarrollo Organizacional o Consultoría de Transformación cultural/tecnológica.
Deseable certificación en metodología de gestión del cambio ADKAR.
Conocimientos básicos en metodologías ágiles y disponibilidad para salidas a terreno."
Ingeniero/a de Proyectos Logísticos Senior,Otra Área,"San Bernardo, Metropolitana de Santiago",San Bernardo,Metropolitana de Santiago,2026-08-31,6119207,salcobrand,2026-09-06,2026-09-06,0.4507,Analista,Jornada Completa,Salcobrand,Universitaria,Chile,2 años,2026-09-13,https://salcobrand.trabajando.cl/trabajo-empleo/ingeniero-a-de-proyectos-logisticos-senior/trabajo/6119207,🚀 ¡Buscamos Ingeniero/a de Proyectos...,"🚀 ¡Buscamos Ingeniero/a de Proyectos Logísticos!
¿Tienes experiencia en logística, análisis de datos y optimización de procesos? Esta es tu oportunidad para ser parte de una empresa en constante crecimiento, donde los desafíos logísticos se convierten en proyectos reales con impacto directo en la operación.
En Salcobrand, nos encontramos en búsqueda de un/a Ingeniero/a de Proyectos Logísticos para sumarse a la Gerencia de Logística.
Tu misión será:
Evaluar, diseñar e implementar proyectos logísticos en centros de distribución y locales, con foco en eficiencia operativa, optimización de inventarios y mejora continua de procesos.
¿Qué harás en este rol?
Evaluar y desarrollar proyectos logísticos.
Implementar soluciones en nuevos locales o remodelaciones.
Monitorear inventarios y diseñar paneles de indicadores.
Proponer mejoras en procesos y aplicar modelos de optimización.
Trabajar con diversas áreas internas: logística, supply chain, tecnología, BI y ventas.
En Salcobrand promovemos equipos diversos e inclusivos, en línea con la Ley 21.015 💙
📩 ¡Postula y sé parte de un equipo con impacto directo en el negocio!",1,"Requisitos del cargo:
Título de Ingeniería Civil Industrial o carrera afín.
Desde 6 años de experiencia en proyectos operacionales/logísticos.
Manejo avanzado de Excel y SQL (excluyente).
Conocimientos en programación, ERP, WMS o Google Appsheet (deseable)."
Product Manager Nuevos Negocios,Otra Área,"Vitacura, Metropolitana de Santiago",Vitacura,Metropolitana de Santiago,2026-08-31,6119208,salcobrand,2026-09-06,2026-09-06,0.4018,Analista,Mixta (Teletrabajo + Presencial),Medcell,Universitaria,Chile,1 años,2026-09-13,https://salcobrand.trabajando.cl/trabajo-empleo/product-manager-nuevos-negocios/trabajo/6119208,¿Eres de quienes ven oportunidades...,"¿Eres de quienes ven oportunidades donde otros ven límites?
Si te motiva crear, negociar e impulsar nuevas líneas de productos que marquen la diferencia, esta oportunidad es para ti.
En importante empresa del rubro salud y bienestar, buscamos a un/a Product Manager de Nuevos Negocios para unirse a la Gerencia Comercial y Marketing Farma MEDCELL 💜, con foco en la búsqueda y desarrollo de productos innovadores para marcas en crecimiento.
¿Cuál será tu principal misión?
Liderar la búsqueda, evaluación y desarrollo de nuevos negocios, productos y proveedores, asegurando rentabilidad, calidad y valor para nuestros clientes.
Tus principales desafíos serán:
Explorar de forma continua nuevas oportunidades comerciales para ampliar y diversificar nuestro portafolio.
Negociar con proveedores nacionales e internacionales, asegurando óptimas condiciones comerciales.
Coordinar con equipos internos (desarrollo, category y product managers) para implementar nuevos productos.
Participar activamente en el proceso completo de desarrollo, desde la idea hasta el lanzamiento al mercado.
¿Qué ofrecemos?
Posibilidad real de proponer ideas y verlas hacerse realidad.
Equipo dinámico, multidisciplinario y con foco en la innovación.
Ambiente de trabajo colaborativo con modalidad mixta (presencial/remoto).
Proyección profesional en una empresa con propósito.
Si te apasionan los desafíos, este es tu lugar. Postula y haz que las ideas se conviertan en nuevos negocios. 🚀",1,"¿Qué necesitas para postular?
Título profesional en Ingeniería Comercial o Ingeniería Civil Industrial.
Interés en el desarrollo de productos, negociación y visión comercial.
Nivel de inglés avanzado.
Deseable experiencia en roles similares, pero también abierto a profesionales sin experiencia laboral previa, con ganas de aprender y crecer."
Category Manager Nuevos Negocios,Otra Área,"Las Condes, Metropolitana de Santiago",Las Condes,Metropolitana de Santiago,2026-08-31,6119218,salcobrand,2026-09-06,2026-09-06,0.4114,Vendedor,Jornada Completa,Medcell,Universitaria,Chile,3 años,2026-09-13,https://salcobrand.trabajando.cl/trabajo-empleo/category-manager-nuevos-negocios/trabajo/6119218,"En Medcell , parte de Empresas SB ,...","En Medcell, parte de Empresas SB, nos encontramos en la búsqueda de nuestro/a próximo/a Category Manager de Nuevos Negocios, Marcas y Productos para sumarse a la Gerencia Comercial y Marketing de Consumo. Tu desafío principal será buscar, evaluar y negociar nuevas marcas, representaciones y desarrollos de productos a nivel nacional e internacional, impulsando el crecimiento, la rentabilidad y la profundidad de catálogo en nuestros canales.
🎯 Propósito del cargo
Liderar la búsqueda y negociación de nuevas marcas y productos (representaciones o desarrollos), conectando las oportunidades del mercado internacional con las necesidades de nuestros clientes y velando por la calidad, factibilidad técnica y rentabilidad del negocio.
📌 Principales funciones
Búsqueda y Negociación Internacional: Identificar oportunidades de negocio y negociar con proveedores globales condiciones comerciales (costos, MOQ, desarrollo de productos) resguardando la calidad y rentabilidad.
Desarrollo de Categorías y Marcas: Detectar tendencias de mercado para la creación o profundización de categorías y marcas (propias o representadas) aumentando la participación en Salcobrand y Preunic.
Sincronización Interna (Cross-functional): Trabajar junto a las áreas de Desarrollo (factibilidad técnica), Supply Chain (logística) y Category Clientes para alinear la oferta con la demanda real.
Gestión de Proveedores: Mantener relaciones comerciales con proveedores vigentes y nuevos para asegurar una oferta diversificada, oportuna y competitiva.
En Medcell fomentamos e impulsamos el valor de equipos de trabajo diversos, aceptando el sello propio de cada persona y facilitando ambientes laborales inclusivos bajo la Ley 21.015. ¡Te invitamos a ser parte de nuestra organización!",1,"🎓 Requisitos del perfil
Título profesional universitario de Ingeniería Comercial, Ingeniería Civil o carrera equivalente.
Desde 3 años de experiencia en áreas comerciales dentro de la industria de consumo masivo (idealmente en categorías de belleza, cuidado personal, higiene o marcas propias).
Dominio de Inglés Avanzado (Excluyente) para negociaciones internacionales.
Manejo avanzado de Microsoft Office y visión estratégica de negociación."
Anfitriona Asesora - Chillán,Otra Área,"Chillán, Ñuble",Chillán,Ñuble,2026-08-31,6119228,salcobrand,2026-09-06,2026-09-06,0.3223,Administrativo,Jornada Completa,Salcobrand,Media,Chile,1 años,2026-09-13,https://salcobrand.trabajando.cl/trabajo-empleo/anfitriona-asesora-chillan/trabajo/6119228,En Salcobrand estamos en búsqueda de...,"En Salcobrand estamos en búsqueda de una Anfitriona para proyecto, quien será la primera cara visible para nuestros clientes, entregando una experiencia de servicio cercana, cordial y resolutiva.
🌟 Tu misión:
Brindar la mejor atención a los clientes en el local, asesorándolos con amabilidad, resolviendo dudas y ofreciendo alternativas de compra que se adapten a sus necesidades, siempre bajo un trato empático y respetuoso.
📌 Principales funciones:
Dar la bienvenida a clientes y detectar sus necesidades con escucha activa.
Resolver escenarios de no-stock entregando alternativas (otros locales, e-commerce, fonofarmacia).
Promover la inscripción y uso del Programa Mi Salcobrand.
Cumplir con los protocolos de atención definidos para el local.
🎯 Requisitos:
Al menos 1 año de experiencia en atención y servicio al cliente.
Deseable experiencia en retail.
En Salcobrand fomentamos la diversidad e inclusión laboral bajo la Ley 21.015.
📩 ¡Postula y sé parte de un proyecto innovador que transforma la experiencia de nuestros clientes!",1,"Al menos 1 año de experiencia en atención y servicio al cliente.
Deseable experiencia en retail."
Supervisor/a Consultoras Belleza,Otra Área,"Santiago, Metropolitana de Santiago",Santiago,Metropolitana de Santiago,2026-08-31,6119227,salcobrand,2026-09-06,2026-09-06,0.4116,Supervisor,Mixta (Teletrabajo + Presencial),Salcobrand,Técnico profesional superior,Chile,2 años,2026-09-13,https://salcobrand.trabajando.cl/trabajo-empleo/supervisor-a-consultoras-belleza/trabajo/6119227,"Si te gustan los desafíos, eres proactivo/a,...","Si te gustan los desafíos, eres proactivo/a, autónomo, con altos niveles de organización, compromiso y sientes que eres capaz de promover un excelente clima laboral con los más altos estándares de calidad y excelencia, este es el lugar indicado para ti!
Nos encontramos en búsqueda de Supervisor/a Consultoras Integrales.
¿Cuál será tu desafío en este cargo?
Velar por el cumplimiento de objetivos del área, brindando apoyo al grupo de Consultoras Integrales a cargo y jefaturas de sala.
Funciones principales
Gestionar capacitaciones, licencia, vacaciones y cupos disponibles a las áreas correspondientes y hacer seguimiento para tener la dotación completa.
Visitar y guiar a su equipo asignado.
Hacer la bajada y seguimiento de los procedimientos de nuestras Consultoras Integrales.
En Salcobrand nos caracterizamos por ser una empresa que fomenta e impulsa el valor de equipos de trabajo diversos, aceptando el sello propio de cada colaborador, facilitando así, ambientes laborales inclusivos, según la Ley 21.015.",1,"Deseable alguna formación técnica en el área de Belleza y/o Comercial
Conocimiento básico en contabilidad y área comercial.
Experiencia en liderazgo de equipos o de proyectos."
Dermoconsejero/a Multifunción Full Time - Temuco,Otra Área,"Temuco, La Araucanía",Temuco,La Araucanía,2026-08-31,6119442,salcobrand,2026-09-06,2026-09-06,0.2915,Vendedor,Jornada Completa,Salcobrand,Media,Chile,,2026-07-09,https://salcobrand.trabajando.cl/trabajo-empleo/dermoconsejero-a-multifuncion-full-time-temuco/trabajo/6119442,"Si el cuidado de la piel es tu pasión,...","Si el cuidado de la piel es tu pasión, aconsejar u orientar a quienes te rodean es parte de tu día a día y además estás actualizado/a con la diversidad de productos acordes a los tipos de piel ¡Salcobrand es el lugar indicado para ti 💙 !
Como dermoconsejera/o queremos que puedas guiar y aconsejar a nuestros/as cliente/s sobre productos de skincare, tipos de piel y/o cuidado personal, velando siempre por la estética del espacio de trabajo y potenciando las grandes marcas dermocosméticas con las que trabajamos.
En Salcobrand nos caracterizamos por ser una empresa que fomenta e impulsa el valor de equipos de trabajos diversos, aceptando el sello propio de cada persona, facilitando así ambientes laborales inclusivos, según la Ley 21.015, ¡Súmate y sé parte de nuestra organización!",1,"¿Qué necesitas para postular?
Tener algún estudio, curso o capacitación en el área de cosmetología y/o estética
Tener experiencia en ventas y atención al cliente
Te acomodan los turnos rotativos."
Reponedor(a) Full Time - Isla de Pascua,Otra Área,"Isla de Pascua, Valparaíso",Isla de Pascua,Valparaíso,2026-08-31,6119689,salcobrand,2026-09-06,2026-09-06,0.3636,Reponedor / Repositor,Jornada Completa,Salcobrand,Media,Chile,,2026-07-09,https://salcobrand.trabajando.cl/trabajo-empleo/reponedor-a-full-time-isla-de-pascua/trabajo/6119689,"💡 Si te gusta mantener el orden, reponer...","💡 Si te gusta mantener el orden, reponer productos y asesorar a clientes, esta oportunidad es para ti! 💡
📢 En Salcobrand estamos buscando Asistentes de Sala para Isla de Pascua, quienes serán responsables de:
- Administrar y almacenar mercadería 📦
- Detectar quiebres y vencimientos 🛒
- Colocación de flejes y visualización de productos 🏷?
- ¡Y mucho más!
Requisitos para el cargo:
📌 Disponibilidad para trabajar Full Time y en turnos rotativos.
🎁 Beneficios que tenemos para ti:
💳 Tarjeta de beneficios para colaboradores de Salcobrand
🎉 Días libres para tu bienestar
💰 Asignaciones de bonos
📈 Oportunidades de desarrollo profesional
¡Y muchos más!
🌍 En Salcobrand fomentamos la diversidad y la inclusión 🌍
Nos caracterizamos por ser una empresa que valora la diversidad en nuestros equipos, facilitando ambientes laborales inclusivos según la Ley 21.015.
📩 ¡Postula ahora y sé parte de Salcobrand! 🚀",1,"🔹 Requisitos mínimos para postular: 🔹
Disponibilidad para trabajar Full Time y en turnos rotativos 🕒 (Lunes a Domingo)
🏠 Residencia en la zona o alrededores 📍"
Electromecánico de Mantención ,Otra Área,"San Bernardo, Metropolitana de Santiago",San Bernardo,Metropolitana de Santiago,2026-08-31,6119192,salcobrand,2026-09-06,2026-09-06,0.4071,Mantenedor,Jornada Completa,Salcobrand,Técnico profesional superior,Chile,5 años,2026-09-13,https://salcobrand.trabajando.cl/trabajo-empleo/electromecanico-de-mantencion/trabajo/6119192,"Si te gustan los desafíos, eres una...","Si te gustan los desafíos, eres una persona proactiva, autónoma, con altos niveles de organización, trabajas colaborativamente y sientes que eres capaz de promover un excelente clima laboral con los más altos estándares de calidad y excelencia, ¡Salcobrand es el lugar indicado para ti!
Nos encontramos en búsqueda de profesional para el cargo de Electromecánico de Mantención de nuestro Centro de Distribución en San Bernardo.
¿Cuál será tu desafío en este cargo?
Desarrollar y ejecutar procedimientos de mantención en Centro de Distribución, para lograr una alta disponibilidad de los equipos y procesos.
Tus principales funciones:
Chequear el funcionamiento eléctrico y mecánico de las instalaciones.
Cumplir la planificación de las mantenciones y reparación programadas.
Mantener en óptimas condiciones equipos, instrumentos y herramientas de trabajo que sean proporcionadas por la empresa.
En Salcobrand nos caracterizamos por ser una empresa que fomenta e impulsa el valor de equipos de trabajos diversos, aceptando el sello propio de cada persona, facilitando así ambientes laborales inclusivos, según la Ley 21.015, ¡Súmate y sé parte de nuestra organización!",1,"¿Qué necesitas para postular?
Título Técnico en Electrónica y Electricidad.
Conocimiento en sistemas neumáticos, sistemas electromecánico, automatización. programación de equipos y/o mecánica industrial.
Desde 5 años trabajando en plantas industriales con sistemas de automatización."
Auxiliar de Farmacia Integral Part Time - Los Angeles,Otra Área,"Los Ángeles, Biobío",Los Ángeles,Biobío,2026-08-07,6110684,salcobrand,2026-08-07,2026-08-08,0.4077,Técnico,Part Time,Salcobrand,Técnico profesional superior,Chile,,2026-08-23,https://salcobrand.trabajando.cl/trabajo-empleo/auxiliar-de-farmacia-integral-part-time-los-angeles/trabajo/6110684,En Salcobrand 💙 trabajamos cada día...,"En Salcobrand 💙 trabajamos cada día para mejorar la calidad de vida de las personas, y hoy queremos seguir creciendo a lo largo del país junto a nuevos talentos.
Si buscas desarrollo profesional y un equipo que valore tu aporte, esta oportunidad es para ti.
¿Qué te ofrecemos🎁?
Asignación de bonos en fechas especiales.
Programas de formación permanente.
Programas de reconocimiento.
Celebraciones, sorteos con entretenidos premios y eventos.
Otros beneficios.
En Salcobrand nos caracterizamos por ser una empresa que fomenta e impulsa el valor de equipos de trabajos diversos, aceptando el sello propio de cada persona, facilitando así ambientes laborales inclusivos, según la Ley 21.015, ¡Súmate y sé parte de nuestra organización!
🚀Únete a Salcobrand y logremos juntos contribuir al bienestar de las personas.",1,"¿Qué necesitamos?
Formación acreditada en farmacia: carnet o certificado de Auxiliar de Farmacia, Auxiliar Paramédico de Farmacia o Título Técnico de Nivel Superior en Farmacia.
Disponibilidad para trabajar jornada part time, para cubrir turnos en la semana, fin de semana y festivos, minimo 20 y maximo 30 hrs."
Ingeniero/a de Software IA,Otra Área,"San Bernardo, Metropolitana de Santiago",San Bernardo,Metropolitana de Santiago,2026-08-07,6110611,salcobrand,2026-08-07,2026-08-08,0.4488,Ingeniero,Mixta (Teletrabajo + Presencial),Empresas SB,Universitaria,Chile,3 años,2026-08-14,https://salcobrand.trabajando.cl/trabajo-empleo/ingeniero-a-de-software-ia/trabajo/6110611,"Si te gustan los desafíos, eres una...","Si te gustan los desafíos, eres una persona proactiva, autónoma, con altos niveles de organización, trabajas colaborativamente y sientes que eres capaz de promover un excelente clima laboral con los más altos estándares de calidad y excelencia, ¡Empresas SB es el lugar indicado para ti!
Nos encontramos en búsqueda de profesional para el cargo de Ingeniero/a de Software IA.
¿Cuál será tu desafío en este cargo?
Orquestar e implementar capacidades agénticas para el desarrollo de soluciones, interactuando de manera continua con los agentes de IA para validar los resultados del código generado dentro de los flujos de trabajo automatizados.
Tus principales funciones:
Construir y documentar herramientas (APIs, funciones) para los agentes.
Diseñar Instrucciones y Prompts en el flujo de trabajo. Escribir, optimizar y versionar las instrucciones (prompts) de los agentes.
Auditar cadena de razonamiento de los agentes.
Diseñar e implementar estrategias basadas en especificaciones.
Investigar, explorar y adoptar nuevas herramientas.
En Empresas SB nos caracterizamos por ser una empresa que fomenta e impulsa el valor de equipos de trabajos diversos, aceptando el sello propio de cada persona, facilitando así ambientes laborales inclusivos, según la Ley 21.015, ¡Súmate y sé parte de nuestra organización!",1,"Título universitario de Ing. en Informatica o carrera afín, con especialidad en nube pública (OCI, GCP, AWS, Azure) e IA (deseable).
Manejo de ""prompt engineering"".
Dominio de plataformas de observabilidad agéntica e interpretación de context graphs."
Auxiliar de Farmacia Integral- Molina (Licencia prolongada),Otra Área,"Molina, Maule",Molina,Maule,2026-08-07,6110587,salcobrand,2026-08-07,2026-08-08,0.371,Técnico,Jornada Completa,Salcobrand,Técnico profesional superior,Chile,,2026-08-30,https://salcobrand.trabajando.cl/trabajo-empleo/auxiliar-de-farmacia-integral-molina-licencia-prolongada/trabajo/6110587,En Salcobrand 💙 trabajamos cada día...,"En Salcobrand 💙 trabajamos cada día para mejorar la calidad de vida de las personas, y hoy queremos seguir creciendo a lo largo del país junto a nuevos talentos.
Si buscas desarrollo profesional y un equipo que valore tu aporte, esta oportunidad es para ti.
¿Qué te ofrecemos🎁?
Asignación de bonos en fechas especiales.
Programas de formación permanente.
Programas de reconocimiento.
Celebraciones, sorteos con entretenidos premios y eventos.
Otros beneficios.
En Salcobrand nos caracterizamos por ser una empresa que fomenta e impulsa el valor de equipos de trabajos diversos, aceptando el sello propio de cada persona, facilitando así ambientes laborales inclusivos, según la Ley 21.015, ¡Súmate y sé parte de nuestra organización!
🚀Únete a Salcobrand y logremos juntos contribuir al bienestar de las personas.",1,"¿Qué necesitamos?
Formación acreditada en farmacia: carnet o certificado de Auxiliar de Farmacia, Auxiliar Paramédico de Farmacia o Título Técnico de Nivel Superior en Farmacia.
Disponibilidad para trabajar jornada completa (42 horas semanales)."
"Auxiliar de Farmacia Integral - Simon Bolivar, Ñuñoa",Otra Área,"Ñuñoa, Metropolitana de Santiago",Ñuñoa,Metropolitana de Santiago,2026-08-07,6110606,salcobrand,2026-08-07,2026-08-08,0.3856,Técnico,Jornada Completa,Salcobrand,Técnico profesional superior,Chile,,2026-08-23,https://salcobrand.trabajando.cl/trabajo-empleo/auxiliar-de-farmacia-integral-simon-bolivar-nunoa/trabajo/6110606,En Salcobrand 💙 trabajamos cada día...,"En Salcobrand 💙 trabajamos cada día para mejorar la calidad de vida de las personas, y hoy queremos seguir creciendo a lo largo del país junto a nuevos talentos.
Si buscas desarrollo profesional y un equipo que valore tu aporte, esta oportunidad es para ti.
¿Qué te ofrecemos🎁?
Asignación de bonos en fechas especiales.
Programas de formación permanente.
Programas de reconocimiento.
Celebraciones, sorteos con entretenidos premios y eventos.
Otros beneficios.
En Salcobrand nos caracterizamos por ser una empresa que fomenta e impulsa el valor de equipos de trabajos diversos, aceptando el sello propio de cada persona, facilitando así ambientes laborales inclusivos, según la Ley 21.015, ¡Súmate y sé parte de nuestra organización!
🚀Únete a Salcobrand y logremos juntos contribuir al bienestar de las personas.",1,"¿Qué necesitamos?
Formación acreditada en farmacia: carnet o certificado de Auxiliar de Farmacia, Auxiliar Paramédico de Farmacia o Título Técnico de Nivel Superior en Farmacia.
Disponibilidad para trabajar jornada completa (42 horas semanales)."
Analista de Compensaciones,Otra Área,"Santiago, Metropolitana de Santiago",Santiago,Metropolitana de Santiago,2026-08-07,6110624,salcobrand,2026-08-07,2026-08-08,0.4468,Analista,Mixta (Teletrabajo + Presencial),Empresas SB,Universitaria,Chile,2 años,2026-09-08,https://salcobrand.trabajando.cl/trabajo-empleo/analista-de-compensaciones/trabajo/6110624,En Empresas SB nos encontramos en la...,"En Empresas SB nos encontramos en la búsqueda de nuestro/a próximo/a Analista de Compensaciones para sumarse a la Gerencia de Personas. Tu objetivo central será analizar, estructurar y gestionar la estrategia de compensaciones, equidad salarial y estructura organizacional de la compañía, entregando información analítica clave para la toma de decisiones estratégicas.
🎯 Propósito del cargo
Diseñar y gestionar la estructura de compensaciones, beneficios y modelos de equidad salarial de la empresa, analizando datos de mercado y métricas internas para asegurar la competitividad, sostenibilidad financiera y optimización de los costos de dotación.
📌 Principales funciones
Gestión y Análisis de Compensaciones: Evaluar, estructurar y mantener actualizadas las bandas salariales, escalas de cargos y estructuras de incentivos variables de la compañía.
Estudios de Mercado y Equidad Salarial: Analizar estudios salariales del mercado y realizar comparativos internos para proponer ajustes que aseguren la competitividad y la equidad interna.
Control de Presupuesto y Dotación: Monitorear y controlar el presupuesto de gastos de personal, analizando desviaciones en costos de dotación, compensaciones y beneficios.
Modelamiento e Inteligencia de Datos: Construir tableros de control (dashboards) y reportes periódicos de KPIs del área para brindar visibilidad analítica a la alta dirección.
Consultoría Interna: Asesorar a los Business Partners (BP) y jefaturas en valoraciones de cargos, ofertas laborales y propuestas de movilidad interna.
En Empresas SB fomentamos e impulsamos el valor de equipos de trabajo diversos, aceptando el sello propio de cada persona y facilitando ambientes laborales inclusivos bajo la Ley 21.015. ¡Te invitamos a ser parte de nuestra organización!",1,"🎓 Requisitos del perfil
Título profesional universitario en Ingeniería Civil Industrial o Ingeniería en Estadística.
Mínimo 2 años de experiencia laboral comprobable en áreas de Compensaciones, Control de Gestión de Personas o Analytics.
Experiencia técnica en análisis y modelamiento de datos, valoración de cargos y estructuras salariales.
Manejo avanzado de Microsoft Excel (fórmulas complejas, modelamiento de datos) y deseable conocimiento en herramientas de BI (Power BI)."
Bodeguero/a Full Time (Reemplazo Licencia)  - Preunic Coquimbo,Otra Área,"Coquimbo, Coquimbo",Coquimbo,Coquimbo,2026-08-07,6110672,salcobrand,2026-08-07,2026-08-08,0.4056,Operario,Jornada Completa,Preunic,Media,Chile,,2026-08-14,https://salcobrand.trabajando.cl/trabajo-empleo/bodeguero-a-full-time-reemplazo-licencia-preunic-coquimbo/trabajo/6110672,En Empresas SB Preunic nos encontramos...,"En Empresas SB Preunic nos encontramos en búsqueda de Bodegueros/as para trabajar y cubrir licencia en nuestra sucursal de Preunic Coquimbo 🎉
La misión de este cargo será encargarse del orden, mantención y reposición de la sala y bodega de la tienda; con el fin de facilitar la labor de ventas al mantener el stock de productos en sala y cuidar de la seguridad de los clientes al interior del local. Debes contar con disponibilidad para trabajar en jornada Full Time: 42 horas a la semana, Lunes a Domingo, turnos 5x2 y 6x1 .
En Empresas SB nos caracterizamos por ser una empresa que fomenta e impulsa el valor de equipos de trabajos diversos, aceptando el sello propio de cada persona, facilitando así ambientes laborales inclusivos, según la Ley 21.015, ¡No te pierdas la oportunidad de postular y ser parte de nuestra organización!",1,"Disponibilidad de Trabajar Full-Time (42 hrs), en turnos rotativos 5x2 y 6x1.
Disponibilidad de cubrir licencia mínimo 1 mes que podría extenderse.
Cumplir con la mayoría de edad
Deseable experiencia previa en área de bodega (No excluyente)."
Bodeguero/a Full Time - Preunic Las Condes,Otra Área,"Las Condes, Metropolitana de Santiago",Las Condes,Metropolitana de Santiago,2026-08-06,6109958,salcobrand,2026-08-06,2026-08-08,0.4018,Operario,Jornada Completa,Preunic,Media,Chile,,2026-08-13,https://salcobrand.trabajando.cl/trabajo-empleo/bodeguero-a-full-time-preunic-las-condes/trabajo/6109958,En Empresas SB Preunic nos encontramos...,"En Empresas SB Preunic nos encontramos en búsqueda de Bodegueros/as para trabajar en nuestra sucursal de Preunic Las Condes 🎉
La misión de este cargo será encargarse del orden, mantención y reposición de la sala y bodega de la tienda; con el fin de facilitar la labor de ventas al mantener el stock de productos en sala y cuidar de la seguridad de los clientes al interior del local. Debes contar con disponibilidad para trabajar en jornada Full Time: 42 horas a la semana, Lunes a Domingo, turnos 5x2 y 6x1 .
En Empresas SB nos caracterizamos por ser una empresa que fomenta e impulsa el valor de equipos de trabajos diversos, aceptando el sello propio de cada persona, facilitando así ambientes laborales inclusivos, según la Ley 21.015, ¡No te pierdas la oportunidad de postular y ser parte de nuestra organización!",1,"Disponibilidad de Trabajar Full-Time (42 hrs), en turnos rotativos 5x2 y 6x1.
Cumplir con la mayoría de edad
Deseable experiencia previa en área de bodega (No excluyente)."
Bodeguero/a Full Time - Preunic Ñuñoa,Otra Área,"Ñuñoa, Metropolitana de Santiago",Ñuñoa,Metropolitana de Santiago,2026-08-06,6109960,salcobrand,2026-08-06,2026-08-08,0.3668,Operario,Jornada Completa,Preunic,Media,Chile,,2026-08-13,https://salcobrand.trabajando.cl/trabajo-empleo/bodeguero-a-full-time-preunic-nunoa/trabajo/6109960,En Empresas SB Preunic nos encontramos...,"En Empresas SB Preunic nos encontramos en búsqueda de Bodegueros/as para trabajar en nuestra sucursal de Preunic Portal Ñuñoa 🎉
La misión de este cargo será encargarse del orden, mantención y reposición de la sala y bodega de la tienda; con el fin de facilitar la labor de ventas al mantener el stock de productos en sala y cuidar de la seguridad de los clientes al interior del local. Debes contar con disponibilidad para trabajar en jornada Full Time: 42 horas a la semana, Lunes a Domingo, turnos 5x2 y 6x1 .
En Empresas SB nos caracterizamos por ser una empresa que fomenta e impulsa el valor de equipos de trabajos diversos, aceptando el sello propio de cada persona, facilitando así ambientes laborales inclusivos, según la Ley 21.015, ¡No te pierdas la oportunidad de postular y ser parte de nuestra organización!",1,"Disponibilidad de Trabajar Full-Time (42 hrs), en turnos rotativos 5x2 y 6x1.
Cumplir con la mayoría de edad
Deseable experiencia previa en área de bodega (No excluyente)."
Bodeguero/a Full Time - Preunic Quilicura,Otra Área,"Quilicura, Metropolitana de Santiago",Quilicura,Metropolitana de Santiago,2026-08-06,6109961,salcobrand,2026-08-06,2026-08-08,0.406,Operario,Jornada Completa,Preunic,Media,Chile,,2026-08-13,https://salcobrand.trabajando.cl/trabajo-empleo/bodeguero-a-full-time-preunic-quilicura/trabajo/6109961,En Empresas SB Preunic nos encontramos...,"En Empresas SB Preunic nos encontramos en búsqueda de Bodegueros/as para trabajar en nuestra sucursal de Preunic Quilicura 🎉
La misión de este cargo será encargarse del orden, mantención y reposición de la sala y bodega de la tienda; con el fin de facilitar la labor de ventas al mantener el stock de productos en sala y cuidar de la seguridad de los clientes al interior del local. Debes contar con disponibilidad para trabajar en jornada Full Time: 42 horas a la semana, Lunes a Domingo, turnos 5x2 y 6x1 .
En Empresas SB nos caracterizamos por ser una empresa que fomenta e impulsa el valor de equipos de trabajos diversos, aceptando el sello propio de cada persona, facilitando así ambientes laborales inclusivos, según la Ley 21.015, ¡No te pierdas la oportunidad de postular y ser parte de nuestra organización!",1,"Disponibilidad de Trabajar Full-Time (42 hrs), en turnos rotativos 5x2 y 6x1.
Cumplir con la mayoría de edad
Deseable experiencia previa en área de bodega (No excluyente)."
Líder Proyectos Digitales,Otra Área,"Santiago, Metropolitana de Santiago",Santiago,Metropolitana de Santiago,2026-08-06,6110006,salcobrand,2026-08-07,2026-08-08,0.43,Ingeniero,Mixta (Teletrabajo + Presencial),Empresas SB,Universitaria,Chile,3 años,2026-08-13,https://salcobrand.trabajando.cl/trabajo-empleo/lider-proyectos-digitales/trabajo/6110006,"Si te gustan los desafíos, eres una...","Si te gustan los desafíos, eres una persona proactiva, autónoma, con altos niveles de organización, trabajas colaborativamente y sientes que eres capaz de promover un excelente clima laboral con los más altos estándares de calidad y excelencia, ¡Empresas SB es el lugar indicado para ti!
Nos encontramos en búsqueda de profesional para el cargo de Lider Proyectos Digitales
¿Cuál será tu desafío en este cargo?
Liderar la definición funcional de soluciones digitales mediante el levantamiento de procesos, análisis de requerimientos, documentación funcional y coordinación entre las áreas de negocio, tecnología y proveedores, para asegurar implementaciones alineadas con los objetivos estratégicos, minimizando riesgos y garantizando la calidad de los
entregables del proyecto.
Tus principales funciones:
Conducir el discovery funcional: Ejecutar el levantamiento, validación y priorización de necesidades con las áreas de negocio y el proveedor (GEOCOM) para asegurar la cobertura del alcance.
Estandarizar procesos y gobernanza: Documentar el flujo AS-IS/TO-BE y centralizar el catálogo de reglas de negocio, asegurando la consistencia en fidelización, promociones y omnicanalidad.
Garantizar la excelencia técnica: Coordinar los ciclos de pruebas junto a QA, velando por una cobertura funcional precisa y alineada a las definiciones de negocio.
Administrar la documentación y trazabilidad: Elaborar informes de gestión, actas y análisis de brechas (gap analysis) para asegurar la transparencia y el control ante las instancias directivas.
Integrar frentes de trabajo: Actuar como puente entre los equipos de desarrollo, negocio y tecnología, asegurando la ejecución coherente del proyecto durante todo su ciclo de vida.
En Empresas SB nos caracterizamos por ser una empresa que fomenta e impulsa el valor de equipos de trabajos diversos, aceptando el sello propio de cada persona, facilitando así ambientes laborales inclusivos, según la Ley 21.015, ¡Súmate y sé parte de nuestra organización!",1,"Título de Ingeniería en Informática o carrera afín.
Desde 3 años de experiencia como Líder de Proyectos tecnológicos en empresas de retail y/o consumo masivo.
Experiencia en levantamiento y modelamiento de procesos.
Conocimientos de QA funcional.
Manejo de Jira y Confluence."
Auxiliar de Farmacia Integral - Sector Oriente RM,Otra Área,"Las Condes, Metropolitana de Santiago",Las Condes,Metropolitana de Santiago,2026-08-06,6110106,salcobrand,2026-08-07,2026-08-08,0.4137,Técnico,Jornada Completa,Salcobrand,Técnico profesional superior,Chile,,2026-08-23,https://salcobrand.trabajando.cl/trabajo-empleo/auxiliar-de-farmacia-integral-sector-oriente-rm/trabajo/6110106,En Salcobrand 💙 trabajamos cada día...,"En Salcobrand 💙 trabajamos cada día para mejorar la calidad de vida de las personas, y hoy queremos seguir creciendo a lo largo del país junto a nuevos talentos.
Si buscas desarrollo profesional y un equipo que valore tu aporte, esta oportunidad es para ti.
¿Qué te ofrecemos🎁?
Asignación de bonos en fechas especiales.
Programas de formación permanente.
Programas de reconocimiento.
Celebraciones, sorteos con entretenidos premios y eventos.
Otros beneficios.
En Salcobrand nos caracterizamos por ser una empresa que fomenta e impulsa el valor de equipos de trabajos diversos, aceptando el sello propio de cada persona, facilitando así ambientes laborales inclusivos, según la Ley 21.015, ¡Súmate y sé parte de nuestra organización!
🚀Únete a Salcobrand y logremos juntos contribuir al bienestar de las personas.",1,"¿Qué necesitamos?
Formación acreditada en farmacia: carnet o certificado de Auxiliar de Farmacia, Auxiliar Paramédico de Farmacia o Título Técnico de Nivel Superior en Farmacia.
Disponibilidad para trabajar jornada completa (42 horas semanales)."
Auxiliar de Farmacia Integral - Huechuraba,Otra Área,"Huechuraba, Metropolitana de Santiago",Huechuraba,Metropolitana de Santiago,2026-08-06,6110109,salcobrand,2026-08-07,2026-08-08,0.3783,Técnico,Jornada Completa,Salcobrand,Técnico profesional superior,Chile,,2026-08-23,https://salcobrand.trabajando.cl/trabajo-empleo/auxiliar-de-farmacia-integral-huechuraba/trabajo/6110109,En Salcobrand 💙 trabajamos cada día...,"En Salcobrand 💙 trabajamos cada día para mejorar la calidad de vida de las personas, y hoy queremos seguir creciendo a lo largo del país junto a nuevos talentos.
Si buscas desarrollo profesional y un equipo que valore tu aporte, esta oportunidad es para ti.
¿Qué te ofrecemos🎁?
Asignación de bonos en fechas especiales.
Programas de formación permanente.
Programas de reconocimiento.
Celebraciones, sorteos con entretenidos premios y eventos.
Otros beneficios.
En Salcobrand nos caracterizamos por ser una empresa que fomenta e impulsa el valor de equipos de trabajos diversos, aceptando el sello propio de cada persona, facilitando así ambientes laborales inclusivos, según la Ley 21.015, ¡Súmate y sé parte de nuestra organización!
🚀Únete a Salcobrand y logremos juntos contribuir al bienestar de las personas.",1,"¿Qué necesitamos?
Formación acreditada en farmacia: carnet o certificado de Auxiliar de Farmacia, Auxiliar Paramédico de Farmacia o Título Técnico de Nivel Superior en Farmacia.
Disponibilidad para trabajar jornada completa (42 horas semanales)."
Auxiliar de Farmacia Integral Part Time - Huechuraba,Otra Área,"Huechuraba, Metropolitana de Santiago",Huechuraba,Metropolitana de Santiago,2026-08-06,6110115,salcobrand,2026-08-07,2026-08-08,0.3926,Técnico,Part Time,Salcobrand,Técnico profesional superior,Chile,,2026-08-23,https://salcobrand.trabajando.cl/trabajo-empleo/auxiliar-de-farmacia-integral-part-time-huechuraba/trabajo/6110115,En Salcobrand 💙 trabajamos cada día...,"En Salcobrand 💙 trabajamos cada día para mejorar la calidad de vida de las personas, y hoy queremos seguir creciendo a lo largo del país junto a nuevos talentos.
Si buscas desarrollo profesional y un equipo que valore tu aporte, esta oportunidad es para ti.
¿Qué te ofrecemos🎁?
Asignación de bonos en fechas especiales.
Programas de formación permanente.
Programas de reconocimiento.
Celebraciones, sorteos con entretenidos premios y eventos.
Otros beneficios.
En Salcobrand nos caracterizamos por ser una empresa que fomenta e impulsa el valor de equipos de trabajos diversos, aceptando el sello propio de cada persona, facilitando así ambientes laborales inclusivos, según la Ley 21.015, ¡Súmate y sé parte de nuestra organización!
🚀Únete a Salcobrand y logremos juntos contribuir al bienestar de las personas.",1,"¿Qué necesitamos?
Formación acreditada en farmacia: carnet o certificado de Auxiliar de Farmacia, Auxiliar Paramédico de Farmacia o Título Técnico de Nivel Superior en Farmacia.
Disponibilidad para trabajar jornada part time, para cubrir turnos en la semana, fin de semana y festivos, minimo 20 y maximo 30 hrs."
Trabajador/a Social,Otra Área,"Providencia, Metropolitana de Santiago",Providencia,Metropolitana de Santiago,2026-08-06,6110225,salcobrand,2026-08-07,2026-08-08,0.3081,Analista,Mixta (Teletrabajo + Presencial),Empresas SB,Universitaria,Chile,2 años,2026-09-08,https://salcobrand.trabajando.cl/trabajo-empleo/trabajador-a-social/trabajo/6110225,Buscamos un/a Trabajador/a Social de...,"Buscamos un/a Trabajador/a Social de Apoyo Sanitario para sumarse al equipo bajo la modalidad de Prestación de Servicios a Honorarios. Tu misión será desarrollar intervenciones y evaluaciones sociales metódicas orientadas a promover el acceso oportuno a prestaciones y programas de salud, gestionando redes de apoyo y realizando un seguimiento técnico continuo para contribuir a una atención integral y centrada en las personas.
🎯 Propósito del cargo
Desarrollar intervenciones y evaluaciones sociales metódicas para orientar, gestionar casos y coordinar redes de apoyo que aseguren el acceso a programas de salud y una atención cercana y resolutiva.
📌 Principales funciones
Atención e Intervención Social: Realizar entrevistas, orientar y elaborar diagnósticos sociales y planes de intervención de acuerdo con los lineamientos técnicos.
Gestión de Casos y Beneficios: Tramitar el acceso a prestaciones, realizar derivaciones y coordinar acciones con la red asistencial pública e instituciones externas.
Seguimiento y Registro Metódico: Monitorear el cumplimiento de acciones comprometidas, elaborar informes técnicos y mantener un registro actualizado y ordenado en planillas.
Confidencialidad y Protocolos: Resguardar el manejo ético y reservado de la información sensible de los usuarios cumpliendo la normativa vigente.
Nuestra organización promueve activamente entornos de trabajo basados en el respeto, la igualdad de oportunidades y la diversidad de talentos, garantizando procesos de selección inclusivos y adaptados a la Ley 21.015. ¡Te invitamos a postular!",1,"🎓 Requisitos del perfil
Título profesional de Trabajador/a Social o Licenciado/a en Trabajo Social.
Mínimo 3 años de experiencia en instituciones o programas del Sistema Público de Salud (CESFAM, Hospitales, Servicios de Salud).
Conocimientos técnicos en la red asistencial pública, beneficios sociales/previsionales, gestión de casos y Excel nivel intermedio (manejo metódico de planillas).
Modalidad: Prestación de Servicios a Honorarios."
Químico(a) Farmacéutico(a) Full Time - Vitacura,Otra Área,"Vitacura, Metropolitana de Santiago",Vitacura,Metropolitana de Santiago,2026-08-06,6110327,salcobrand,2026-08-07,2026-08-08,0.4016,Jefe Área/Sección/Depto./Local,Por Turnos,Salcobrand,Universitaria,Chile,,2026-08-13,https://salcobrand.trabajando.cl/trabajo-empleo/quimico-a-farmaceutico-a-full-time-vitacura/trabajo/6110327,¿Te motiva trabajar en equipo y asumir...,"¿Te motiva trabajar en equipo y asumir nuevos desafíos?
En Salcobrand nos encontramos en búsqueda de Químicos(as) Farmacéuticos(as) 🧖🏻💙para asumir un rol clave tanto en la gestión del equipo como en la excelencia operacional, con impacto directo en la experiencia de nuestros clientes y en el cumplimiento de los objetivos del negocio.
¿Cuál será tu propósito en este cargo?
Serás responsable de liderar y gestionar al equipo de trabajo, velando por el cumplimiento de las metas comerciales y operacionales del local. Asimismo, deberás garantizar una atención de excelencia, promoviendo una experiencia de compra memorable y fortaleciendo la fidelización de nuestros clientes.
Tenemos para ti los siguientes beneficios:
·        Asignación de bonos en fechas especiales.
·        Programas de formación permanente.
·        Programas de reconocimiento.
·        Celebraciones, sorteos con entretenidos premios y eventos.
·        Otros beneficios.
En Salcobrand nos caracterizamos por ser una empresa que fomenta e impulsa el valor de equipos de trabajos diversos, aceptando el sello propio de cada persona, facilitando así ambientes laborales inclusivos, según la Ley 21.015.
Postula con nosotros y sé parte de una organización comprometida con la salud, donde tu rol marca una real diferencia en la comunidad.",1,"Título en Química y Farmacia.
Conocimiento en Ley de fármacos, Legislación Farmacéutica y Legislación Laboral básica.
Disponibilidad para trabajar turnos rotativos 6x1."
Químico(a) Farmacéutico(a) Part Time  - Valdivia,Otra Área,"Valdivia, Los Ríos",Valdivia,Los Ríos,2026-08-06,6110332,salcobrand,2026-08-07,2026-08-08,0.3902,Jefe Área/Sección/Depto./Local,Part Time,Salcobrand,Universitaria,Chile,,2026-08-13,https://salcobrand.trabajando.cl/trabajo-empleo/quimico-a-farmaceutico-a-part-time-valdivia/trabajo/6110332,¿Te motiva trabajar en equipo y asumir...,"¿Te motiva trabajar en equipo y asumir nuevos desafíos?
En Salcobrand nos encontramos en búsqueda de Químicos(as) Farmacéuticos(as) 🧖🏻💙para asumir un rol clave tanto en la gestión del equipo como en la excelencia operacional, con impacto directo en la experiencia de nuestros clientes y en el cumplimiento de los objetivos del negocio.
¿Cuál será tu propósito en este cargo?
Serás responsable de liderar y gestionar al equipo de trabajo, velando por el cumplimiento de las metas comerciales y operacionales del local. Asimismo, deberás garantizar una atención de excelencia, promoviendo una experiencia de compra memorable y fortaleciendo la fidelización de nuestros clientes.
Tenemos para ti los siguientes beneficios:
·        Asignación de bonos en fechas especiales.
·        Programas de formación permanente.
·        Programas de reconocimiento.
·        Celebraciones, sorteos con entretenidos premios y eventos.
·        Otros beneficios.
En Salcobrand nos caracterizamos por ser una empresa que fomenta e impulsa el valor de equipos de trabajos diversos, aceptando el sello propio de cada persona, facilitando así ambientes laborales inclusivos, según la Ley 21.015.
Postula con nosotros y sé parte de una organización comprometida con la salud, donde tu rol marca una real diferencia en la comunidad.",1,"Título en Química y Farmacia.
Conocimiento en Ley de fármacos, Legislación Farmacéutica y Legislación Laboral básica.
Disponibilidad para trabajar domingos y festivos."
Químico(a) Farmacéutico(a) Part Time  - Puerto Montt,Otra Área,"Puerto Montt, Los Lagos",Puerto Montt,Los Lagos,2026-08-06,6110334,salcobrand,2026-08-07,2026-08-08,0.4036,Jefe Área/Sección/Depto./Local,Part Time,Salcobrand,Universitaria,Chile,,2026-08-13,https://salcobrand.trabajando.cl/trabajo-empleo/quimico-a-farmaceutico-a-part-time-puerto-montt/trabajo/6110334,¿Te motiva trabajar en equipo y asumir...,"¿Te motiva trabajar en equipo y asumir nuevos desafíos?
En Salcobrand nos encontramos en búsqueda de Químicos(as) Farmacéuticos(as) 🧖🏻💙para asumir un rol clave tanto en la gestión del equipo como en la excelencia operacional, con impacto directo en la experiencia de nuestros clientes y en el cumplimiento de los objetivos del negocio.
¿Cuál será tu propósito en este cargo?
Serás responsable de liderar y gestionar al equipo de trabajo, velando por el cumplimiento de las metas comerciales y operacionales del local. Asimismo, deberás garantizar una atención de excelencia, promoviendo una experiencia de compra memorable y fortaleciendo la fidelización de nuestros clientes.
Tenemos para ti los siguientes beneficios:
·        Asignación de bonos en fechas especiales.
·        Programas de formación permanente.
·        Programas de reconocimiento.
·        Celebraciones, sorteos con entretenidos premios y eventos.
·        Otros beneficios.
En Salcobrand nos caracterizamos por ser una empresa que fomenta e impulsa el valor de equipos de trabajos diversos, aceptando el sello propio de cada persona, facilitando así ambientes laborales inclusivos, según la Ley 21.015.
Postula con nosotros y sé parte de una organización comprometida con la salud, donde tu rol marca una real diferencia en la comunidad.",1,"Título en Química y Farmacia.
Conocimiento en Ley de fármacos, Legislación Farmacéutica y Legislación Laboral básica.
Disponibilidad para trabajar domingos y festivos."
SkinExpert Belleza 30 hrs Part Time - Preunic Viña del Mar,Otra Área,"Viña del Mar, Valparaíso",Viña del Mar,Valparaíso,2026-08-06,6110343,salcobrand,2026-08-07,2026-08-08,0.2956,Vendedor,Part Time,Preunic,Media,Chile,,2026-08-13,https://salcobrand.trabajando.cl/trabajo-empleo/skinexpert-belleza-30-hrs-part-time-preunic-vina-del-mar/trabajo/6110343,El equipo de nuestra nueva tienda en...,"El equipo de nuestra nueva tienda en Preunic Viña del Mar reconocido como la Empresa N° 1 en Perfumería quiere contar contigo y todas tus ganas de aprender.
Como SkinExpert, deseamos que puedas orientar y asesorar a quienes nos visitan sobre productos de Belleza y Cuidado Personal (Maquillaje, Tipos de Piel y Tendencias), interpretando sus necesidades y acompañándolo a hacer click con las grandes marcas que trabajamos.
Si lo anterior te describe y además tienes experiencia en ventas y atención al cliente, tienes conocimientos sobre el área cosmética, dermatología y de cuidado personal y te acomodan jornada Part-Time (30 horas) con turnos rotativos de lunes a Domingo ¡Queremos conocerte!
En Empresas SB nos caracterizamos por ser una empresa que fomenta e impulsa el valor de equipos de trabajos diversos, aceptando el sello propio de cada persona, facilitando así ambientes laborales inclusivos, según la Ley 21.015, ¡No te pierdas la oportunidad de postular y ser parte de nuestra organización!",1,"- Experiencia en venta y/o atención al cliente
- Contar con título de Cosmetología/Estética Integral o cursos en piel, o experiencia en dermocosmética (comprobable)
- Disponibilidad para trabajar en jornada Part-Time (30 horas) con turnos rotativos de lunes a Domingo"
SkinExpert Belleza 30 hrs Part Time - Preunic Los Ángeles,Otra Área,"Los Ángeles, Biobío",Los Ángeles,Biobío,2026-08-06,6110344,salcobrand,2026-08-07,2026-08-08,0.301,Vendedor,Part Time,Preunic,Media,Chile,,2026-08-13,https://salcobrand.trabajando.cl/trabajo-empleo/skinexpert-belleza-30-hrs-part-time-preunic-los-angeles/trabajo/6110344,El equipo de nuestra nueva tienda en...,"El equipo de nuestra nueva tienda en Preunic Los Ángeles reconocido como la Empresa N° 1 en Perfumería quiere contar contigo y todas tus ganas de aprender.
Como SkinExpert, deseamos que puedas orientar y asesorar a quienes nos visitan sobre productos de Belleza y Cuidado Personal (Maquillaje, Tipos de Piel y Tendencias), interpretando sus necesidades y acompañándolo a hacer click con las grandes marcas que trabajamos.
Si lo anterior te describe y además tienes experiencia en ventas y atención al cliente, tienes conocimientos sobre el área cosmética, dermatología y de cuidado personal y te acomodan jornada Part-Time (30 horas) con turnos rotativos de lunes a Domingo ¡Queremos conocerte!
En Empresas SB nos caracterizamos por ser una empresa que fomenta e impulsa el valor de equipos de trabajos diversos, aceptando el sello propio de cada persona, facilitando así ambientes laborales inclusivos, según la Ley 21.015, ¡No te pierdas la oportunidad de postular y ser parte de nuestra organización!",1,"- Experiencia en venta y/o atención al cliente
- Contar con título de Cosmetología/Estética Integral o cursos en piel, o experiencia en dermocosmética (comprobable)
- Disponibilidad para trabajar en jornada Part-Time (30 horas) con turnos rotativos de lunes a Domingo"
Asesor/a Bienestar Vitaminas y Suplementos Multifunción - La Florida ,Otra Área,"La Florida, Metropolitana de Santiago",La Florida,Metropolitana de Santiago,2026-08-06,6110367,salcobrand,2026-08-07,2026-08-08,0.3441,Vendedor,Jornada Completa,Salcobrand,Universitaria,Chile,1 años,2026-08-13,https://salcobrand.trabajando.cl/trabajo-empleo/asesor-a-bienestar-vitaminas-y-suplementos-multifuncion-la-florida/trabajo/6110367,"En Salcobrand 💙, nuestra gente es...","En Salcobrand 💙, nuestra gente es nuestro mayor activo; trabajamos para crear un entorno que celebre tanto a nuestros empleados como la diversidad de habilidades, orígenes y experiencias vitales dentro de nuestro lugar de trabajo.
Hoy nos encontramos en búsqueda de profesionales para el cargo de Asesor/a Bienestar Vitaminas y Suplementos Multifunción.
¿Cuál será tu desafío en este cargo?
Asesorar a los clientes Salcobrand de manera personalizada y en base a necesidades de compra y experiencia/conocimientos adquiridos.
Brindar respuesta frente a dudas y/o consultas de productos de categoría Vitaminas y Suplementos.
Entregar información a Vendedores Salcobrand para contribuir a la mejor experiencia de compra de clientes.
En Salcobrand nos caracterizamos por ser una empresa que fomenta e impulsa el valor de equipos de trabajos diversos, aceptando el sello propio de cada persona, facilitando así ambientes laborales inclusivos, según la Ley 21.015, ¡Súmate y sé parte de nuestra organización! 😉",1,"¿Qué necesitas para postular?
Experiencia de 1 año trabajado en atención y servicio a clientes.
Disponibilidad para trabajar en turnos rotativos (5x2 y 6x1).
Experiencia/Conocimientos en suplementación y vida saludable."
Dermoconsejero/a Multifunción Full Time - Chicureo/ Colina (Lic Prolongada) ,Otra Área,"Colina, Metropolitana de Santiago",Colina,Metropolitana de Santiago,2026-08-06,6110387,salcobrand,2026-08-07,2026-08-08,0.3123,Vendedor,Jornada Completa,Salcobrand,Media,Chile,,2026-08-13,https://salcobrand.trabajando.cl/trabajo-empleo/dermoconsejero-a-multifuncion-full-time-chicureo-colina-lic-prolongada/trabajo/6110387,"Si el cuidado de la piel es tu pasión,...","Si el cuidado de la piel es tu pasión, aconsejar u orientar a quienes te rodean es parte de tu día a día y además estás actualizado/a con la diversidad de productos acordes a los tipos de piel ¡Salcobrand es el lugar indicado para ti 💙 !
Como dermoconsejera/o queremos que puedas guiar y aconsejar a nuestros/as cliente/s sobre productos de skincare, tipos de piel y/o cuidado personal, velando siempre por la estética del espacio de trabajo y potenciando las grandes marcas dermocosméticas con las que trabajamos.
En Salcobrand nos caracterizamos por ser una empresa que fomenta e impulsa el valor de equipos de trabajos diversos, aceptando el sello propio de cada persona, facilitando así ambientes laborales inclusivos, según la Ley 21.015, ¡Súmate y sé parte de nuestra organización!",1,"¿Qué necesitas para postular?
Tener algún estudio, curso o capacitación en el área de cosmetología y/o estética
Tener experiencia en ventas y atención al cliente
Te acomodan los turnos rotativos."
Químico(a) Farmacéutico(a) Full Time - Ñuñoa,Otra Área,"Ñuñoa, Metropolitana de Santiago",Ñuñoa,Metropolitana de Santiago,2026-08-06,6110328,salcobrand,2026-08-07,2026-08-08,0.3898,Jefe Área/Sección/Depto./Local,Por Turnos,Salcobrand,Universitaria,Chile,,2026-08-13,https://salcobrand.trabajando.cl/trabajo-empleo/quimico-a-farmaceutico-a-full-time-nunoa/trabajo/6110328,¿Te motiva trabajar en equipo y asumir...,"¿Te motiva trabajar en equipo y asumir nuevos desafíos?
En Salcobrand nos encontramos en búsqueda de Químicos(as) Farmacéuticos(as) 🧖🏻💙para asumir un rol clave tanto en la gestión del equipo como en la excelencia operacional, con impacto directo en la experiencia de nuestros clientes y en el cumplimiento de los objetivos del negocio.
¿Cuál será tu propósito en este cargo?
Serás responsable de liderar y gestionar al equipo de trabajo, velando por el cumplimiento de las metas comerciales y operacionales del local. Asimismo, deberás garantizar una atención de excelencia, promoviendo una experiencia de compra memorable y fortaleciendo la fidelización de nuestros clientes.
Tenemos para ti los siguientes beneficios:
·        Asignación de bonos en fechas especiales.
·        Programas de formación permanente.
·        Programas de reconocimiento.
·        Celebraciones, sorteos con entretenidos premios y eventos.
·        Otros beneficios.
En Salcobrand nos caracterizamos por ser una empresa que fomenta e impulsa el valor de equipos de trabajos diversos, aceptando el sello propio de cada persona, facilitando así ambientes laborales inclusivos, según la Ley 21.015.
Postula con nosotros y sé parte de una organización comprometida con la salud, donde tu rol marca una real diferencia en la comunidad.",1,"Título en Química y Farmacia.
Conocimiento en Ley de fármacos, Legislación Farmacéutica y Legislación Laboral básica.
Disponibilidad para trabajar turnos rotativos 6x1."
Coordinador/a Asesoría Experta,Otra Área,"Santiago, Metropolitana de Santiago",Santiago,Metropolitana de Santiago,2026-08-05,6109714,salcobrand,2026-08-05,2026-08-08,0.4272,Otro Profesional,En terreno,Preunic,Técnico profesional superior,Chile,3 años,2026-12-08,https://salcobrand.trabajando.cl/trabajo-empleo/coordinador-a-asesoria-experta/trabajo/6109714,"Si te gustan los desafíos, eres una...","Si te gustan los desafíos, eres una persona proactiva, autónoma, con altos niveles de organización, trabajas colaborativamente y sientes que eres capaz de promover un excelente clima laboral con los más altos estándares de calidad y excelencia, ¡Empresas SB es el lugar indicado para ti!
Nos encontramos en búsqueda de profesional para el cargo de Coordinador/a Asesoría Experta.
¿Cuál será tu desafío en este cargo?
Desarrollar y gestionar el plan estratégico para lograr una asesoría experta en categorías core, articulando un plan integral desde la identificación de contenidos relevantes, desarrollo de recursos formativos y correcta implementación con el objetivo de impactar positivamente en el proceso de atención permitiendo a los vendedores desplegar una asesoría de alto nivel fortaleciendo la experiencia que viven los clientes.
¿Qué harás en tu día a día?
Diseñar, desarrollar y gestionar planes de formación para categorías core, integrando contenidos técnicos, técnicas de venta y habilidades de servicio/atención.
Planificar y coordinar el calendario anual del programa formativo: Escuela Preunic.
Articular acciones formativas con proveedores comerciales definidos por acuerdo comercial Generar crecimiento sostenido de las categorías.
Velar por el desarrollo de distintos recursos formativos, acordes a los desafíos del negocio Promover innovación y la adherencia por medio.
En Preunic nos caracterizamos por ser una empresa que fomenta e impulsa el valor de equipos de trabajos diversos, aceptando el sello propio de cada persona, facilitando así ambientes laborales inclusivos, según la Ley 21.015, ¡Súmate y sé parte de nuestra organización!",1,"Título de Ing. en Adm. de Empresas , Gestión de personas, RRHH, Marketing, Publicidad, Estética Integral o carreras afín.
Al menos 3 años de experienca en coordinación de procesos formativos o procesos de capacitación/entrenamiento de equipos de trabajo.
Dominio de Procesos de Formación, mecánicas e-learning.
Manejo de herramientas G-suite o Microsoft Office y plataformas de diseño instruccional."
Consultor/a de Belleza Full Time - Mall Plaza Antofagasta,Otra Área,"Antofagasta, Antofagasta",Antofagasta,Antofagasta,2026-08-05,6109484,salcobrand,2026-08-05,2026-08-08,0.3223,Asistente,Jornada Completa,Preunic,Media,Chile,1 años,2026-12-08,https://salcobrand.trabajando.cl/trabajo-empleo/consultor-a-de-belleza-full-time-mall-plaza-antofagasta/trabajo/6109484,"El equipo Preunic de Mall Plaza Antofagasta,...","El equipo Preunic de Mall Plaza Antofagasta, reconocido como la Empresa N° 1 en Perfumería quiere contar contigo y todas tus ganas de aprender.
Deseamos que puedas orientar y asesorar a quienes nos visitan sobre productos de Belleza y Cuidado Personal (Maquillaje, Tipos de Piel y Tendencias), interpretando sus necesidades y acompañándolo a hacer click con las grandes marcas que trabajamos.
Si lo anterior te describe y además tienes experiencia en ventas y atención al cliente, conoces sobre el área cosmética y de cuidado personal y te acomodan trabajar con turnos rotativos 44 horas ( 5x 2 y 6x 1) ¡Queremos conocerte!
¡No te pierdas la oportunidad de postular a una empresa inclusiva, diversa e innovadora, en la que podrás capacitarte, crecer y optar a múltiples beneficios!
#HayPega #CreemosEnTiEmpresasSB #SomosDiversidad #Belleza",1,"Requisitos:
Disponibilidad para trabajar en turnos rotativas
Cumplir con mayoría de edad"
Dermoconsejero/a Multifunción Full Time - Lota (Lic Prolongada) ,Otra Área,"Lota, Biobío",Lota,Biobío,2026-08-05,6109495,salcobrand,2026-08-05,2026-08-08,0.3336,Vendedor,Jornada Completa,Salcobrand,Media,Chile,,2026-12-08,https://salcobrand.trabajando.cl/trabajo-empleo/dermoconsejero-a-multifuncion-full-time-lota-lic-prolongada/trabajo/6109495,"Si el cuidado de la piel es tu pasión,...","Si el cuidado de la piel es tu pasión, aconsejar u orientar a quienes te rodean es parte de tu día a día y además estás actualizado/a con la diversidad de productos acordes a los tipos de piel ¡Salcobrand es el lugar indicado para ti 💙 !
Como dermoconsejera/o queremos que puedas guiar y aconsejar a nuestros/as cliente/s sobre productos de skincare, tipos de piel y/o cuidado personal, velando siempre por la estética del espacio de trabajo y potenciando las grandes marcas dermocosméticas con las que trabajamos.
En Salcobrand nos caracterizamos por ser una empresa que fomenta e impulsa el valor de equipos de trabajos diversos, aceptando el sello propio de cada persona, facilitando así ambientes laborales inclusivos, según la Ley 21.015, ¡Súmate y sé parte de nuestra organización!",1,"¿Qué necesitas para postular?
Tener algún estudio, curso o capacitación en el área de cosmetología y/o estética
Tener experiencia en ventas y atención al cliente
Te acomodan los turnos rotativos."
Lider Tecnico IA,Otra Área,"Santiago, Metropolitana de Santiago",Santiago,Metropolitana de Santiago,2026-08-05,6109747,salcobrand,2026-08-05,2026-08-08,0.4172,Ingeniero,Mixta (Teletrabajo + Presencial),Empresas SB,Universitaria,Chile,3 años,2026-12-08,https://salcobrand.trabajando.cl/trabajo-empleo/lider-tecnico-ia/trabajo/6109747,"Si te gustan los desafíos, eres una...","Si te gustan los desafíos, eres una persona proactiva, autónoma, con altos niveles de organización, trabajas colaborativamente y sientes que eres capaz de promover un excelente clima laboral con los más altos estándares de calidad y excelencia, ¡Empresas SB es el lugar indicado para ti!
Nos encontramos en búsqueda de profesional para el cargo de Lider Técnico IA.
¿Cuál será tu desafío en este cargo?
Diseñar la arquitectura técnica de todas las soluciones, acelerando el proceso del ciclo de desarrollo de software utilizando IA como asistente asi como identificando oportunidades de modernización agéntica cuando aplique, asegurando siempre que los sistemas sean escalables, mantenibles, seguros y sigan principios de IA responsable.
Tus principales funciones:
Traducir los requerimientos de negocio en especificaciones técnicas.
Diseñar sistemas y definir la arquitectura de desarrollo, tomando decisiones críticas sobre el rendimiento y los trade-offs del software.
Aplicar patrones arquitectónicos y/o agénticos en los flujos de trabajo.
Implementar herramientas de observabilidad agéntica y controles de seguridad para garantizar la gobernanza y salvaguardas en los entornos de ejecución.
En Empresas SB nos caracterizamos por ser una empresa que fomenta e impulsa el valor de equipos de trabajos diversos, aceptando el sello propio de cada persona, facilitando así ambientes laborales inclusivos, según la Ley 21.015, ¡Súmate y sé parte de nuestra organización!",1,"Título de Ingeniería en Informática o carrera afín.
Desde 3 años de experiencia como Líder Técnico en equipos de desarrollo.
Dominio en protocolos de integración de IA (Model Context Protocol - MCP, A2A).
Al menos 1 año de experiencia integrando mejores prácticas de IA en productos de software.
Experiencia en arquitectura de software y diseño de sistemas complejos."
Analista Experiencia de Clientes,Otra Área,"Providencia, Metropolitana de Santiago",Providencia,Metropolitana de Santiago,2026-08-05,6109826,salcobrand,2026-08-05,2026-08-08,0.4505,Analista,Mixta (Teletrabajo + Presencial),Salcobrand,Universitaria,Chile,2 años,2026-09-08,https://salcobrand.trabajando.cl/trabajo-empleo/analista-experiencia-de-clientes/trabajo/6109826,En Salcobrand buscamos un/a Analista...,"En Salcobrand buscamos un/a Analista de Experiencia de Clientes para sumarse a la Gerencia de Marketing, Clientes y Comunicaciones Externas. Tu desafío principal será transformar los datos de percepción y la ""Voz del Cliente"" en insights estratégicos que impulsen la recomendación (NPS) y la rentabilidad del negocio.
🎯 Propósito del cargoAnalizar y entregar propuestas de valor a partir de los datos de Experiencia de Clientes. Serás responsable de la integridad del estudio recurrente de NPS, cruzando datos de percepción con KPIs operativos y de negocio (fuga, recompra, niveles de servicio) para proponer mejoras en todos los puntos de contacto de la compañía.
📌 Principales funcionesCalidad y Gestión de NPS: Velar por la integridad, confiabilidad y reportabilidad del estudio de recomendación (NPS) a nivel compañía para comités ejecutivos y áreas internas.
Análisis de la Voz del Cliente: Analizar resultados en todos los puntos de contacto e identificar oportunidades de mejora continua.
Modelos de Rentabilidad e Investigación: Actualizar el Modelo de Rentabilidad de NPS, analizar comportamientos en programas de fidelización y apoyar el diseño de estudios adhoc.
Socio Estratégico: Participar en mesas multidisciplinarias aportando la mirada del cliente a través de datos y coordinar requerimientos con el equipo de BI y proveedores de encuestas.
En Salcobrand fomentamos e impulsamos el valor de equipos de trabajo diversos, aceptando el sello propio de cada persona y facilitando ambientes laborales inclusivos bajo la Ley 21.015. ¡Te invitamos a ser parte de nuestra organización!",1,"🎓 ¿Qué necesitamos de ti?Título profesional de Ingeniería Civil Industrial, Estadística, Ingeniería Comercial o carrera afín (mínimo 5 años de estudios).
Desde 1 año de experiencia trabajando en análisis de datos o equipos analíticos.
Manejo técnico de Excel Avanzado y SQL Intermedio.
Capacidad analítica, visión de negocio y pasión por la experiencia del cliente."
Consultor/a Integral Personal Care - Vitacura,Otra Área,"Vitacura, Metropolitana de Santiago",Vitacura,Metropolitana de Santiago,2026-08-05,6109758,salcobrand,2026-08-05,2026-08-08,0.3322,Vendedor,Jornada Completa,Salcobrand,Media,Chile,1 años,2026-12-08,https://salcobrand.trabajando.cl/trabajo-empleo/consultor-a-integral-personal-care-vitacura/trabajo/6109758,¿Te apasiona el cuidado personal y...,"¿Te apasiona el cuidado personal y las últimas tendencias en bienestar? En Salcobrand estamos buscando un/a Consultor/a Integral Personal Care para asesorar a nuestros/as clientes/as sobre productos de las categorías de cuidado personal, además serás responsable de cuidar la estética del espacio de trabajo y potenciar las grandes marcas con las que colaboramos.
¡No te pierdas la oportunidad de postular a una empresa inclusiva, diversa e innovadora, en la que podrás capacitarte, crecer y optar a múltiples beneficios!
En Salcobrand nos caracterizamos por ser una empresa que fomenta e impulsa el valor de equipos de trabajos diversos, aceptando el sello propio de cada persona, facilitando así ambientes laborales inclusivos, según la Ley 21.015, ¡Súmate y sé parte de nuestra organización!",1,"¿Qué necesitas para postular?
Experiencia en ventas y atención al cliente
Te acomoda la jornada full time con turnos rotativos 5x2 y 6x1"
Operario/a Integral ,Otra Área,"Santiago, Metropolitana de Santiago",Santiago,Metropolitana de Santiago,2026-08-05,6109584,salcobrand,2026-08-05,2026-08-06,0.3961,Operario,Jornada Completa,Salcobrand,Media,Chile,,2026-09-08,https://salcobrand.trabajando.cl/trabajo-empleo/operario-a-integral/trabajo/6109584,En Salcobrand buscamos un/a Operario/a...,"En Salcobrand buscamos un/a Operario/a Integral para sumarse al equipo de operaciones digitales y Dark Store. Tu misión principal será armar y empaquetar los pedidos realizados por canales digitales, asegurando una preparación precisa y entregas a tiempo para nuestros clientes.
🎯 Tus principales desafíosPicking y Armado: Realizar el armado de pedidos multicanal de forma rápida y precisa, verificando la disponibilidad de stock.
Control de Calidad: Revisar las fechas de vencimiento de los productos para proceder oportunamente a devoluciones si corresponde.
Empaquetado y Entrega: Velar por el correcto empaquetado del pedido y coordinar la entrega en las ventanas de tiempo con los proveedores logísticos y shoppers.
Inventario: Realizar conteos selectivos de productos y coordinar solicitud de artículos en quiebre.
En Salcobrand fomentamos e impulsamos el valor de equipos de trabajo diversos, aceptando el sello propio de cada persona y facilitando ambientes laborales inclusivos bajo la Ley 21.015. ¡Te invitamos a ser parte de nuestra organización!",1,"🎓 Requisitos del perfilEnseñanza Media Completa.
Deseable experiencia previa en labores operativas, reposición, picking, bodegas o locales comerciales.
Orientación al detalle, responsabilidad y capacidad para trabajar en equipo en un entorno dinámico."
Bodeguero/a Full Time - Preunic Concepción,Otra Área,"Concepción, Biobío",Concepción,Biobío,2026-08-04,6109256,salcobrand,2026-08-05,2026-08-08,0.4075,Operario,Jornada Completa,Preunic,Media,Chile,,2026-11-08,https://salcobrand.trabajando.cl/trabajo-empleo/bodeguero-a-full-time-preunic-concepcion/trabajo/6109256,En Empresas SB Preunic nos encontramos...,"En Empresas SB Preunic nos encontramos en búsqueda de Bodegueros/as para trabajar en nuestra sucursal de Preunic Mall Bio Bio 🎉
La misión de este cargo será encargarse del orden, mantención y reposición de la sala y bodega de la tienda; con el fin de facilitar la labor de ventas al mantener el stock de productos en sala y cuidar de la seguridad de los clientes al interior del local. Debes contar con disponibilidad para trabajar en jornada Full Time: 42 horas a la semana, Lunes a Domingo, turnos 5x2 y 6x1 .
En Empresas SB nos caracterizamos por ser una empresa que fomenta e impulsa el valor de equipos de trabajos diversos, aceptando el sello propio de cada persona, facilitando así ambientes laborales inclusivos, según la Ley 21.015, ¡No te pierdas la oportunidad de postular y ser parte de nuestra organización!",1,"Disponibilidad de Trabajar Full-Time (42 hrs), en turnos rotativos 5x2 y 6x1.
Cumplir con la mayoría de edad
Deseable experiencia previa en área de bodega (No excluyente)."
Químico(a) Farmacéutico(a) Full Time - San Felipe,Otra Área,"San Felipe, Valparaíso",San Felipe,Valparaíso,2026-08-04,6109147,salcobrand,2026-08-04,2026-08-08,0.4009,Jefe Área/Sección/Depto./Local,Por Turnos,Salcobrand,Universitaria,Chile,,2026-11-08,https://salcobrand.trabajando.cl/trabajo-empleo/quimico-a-farmaceutico-a-full-time-san-felipe/trabajo/6109147,¿Te motiva trabajar en equipo y asumir...,"¿Te motiva trabajar en equipo y asumir nuevos desafíos?
En Salcobrand nos encontramos en búsqueda de Químicos(as) Farmacéuticos(as) 🧖🏻💙para asumir un rol clave tanto en la gestión del equipo como en la excelencia operacional, con impacto directo en la experiencia de nuestros clientes y en el cumplimiento de los objetivos del negocio.
¿Cuál será tu propósito en este cargo?
Serás responsable de liderar y gestionar al equipo de trabajo, velando por el cumplimiento de las metas comerciales y operacionales del local. Asimismo, deberás garantizar una atención de excelencia, promoviendo una experiencia de compra memorable y fortaleciendo la fidelización de nuestros clientes.
Tenemos para ti los siguientes beneficios:
·        Asignación de bonos en fechas especiales.
·        Programas de formación permanente.
·        Programas de reconocimiento.
·        Celebraciones, sorteos con entretenidos premios y eventos.
·        Otros beneficios.
En Salcobrand nos caracterizamos por ser una empresa que fomenta e impulsa el valor de equipos de trabajos diversos, aceptando el sello propio de cada persona, facilitando así ambientes laborales inclusivos, según la Ley 21.015.
Postula con nosotros y sé parte de una organización comprometida con la salud, donde tu rol marca una real diferencia en la comunidad.",1,"Título en Química y Farmacia.
Conocimiento en Ley de fármacos, Legislación Farmacéutica y Legislación Laboral básica.
Disponibilidad para trabajar turnos rotativos 6x1."
Químico(a) Farmacéutico(a) Part Time  - Viña del Mar,Otra Área,"Viña del Mar, Valparaíso",Viña del Mar,Valparaíso,2026-08-04,6109148,salcobrand,2026-08-04,2026-08-08,0.4142,Jefe Área/Sección/Depto./Local,Part Time,Salcobrand,Universitaria,Chile,,2026-11-08,https://salcobrand.trabajando.cl/trabajo-empleo/quimico-a-farmaceutico-a-part-time-vina-del-mar/trabajo/6109148,¿Te motiva trabajar en equipo y asumir...,"¿Te motiva trabajar en equipo y asumir nuevos desafíos?
En Salcobrand nos encontramos en búsqueda de Químicos(as) Farmacéuticos(as) 🧖🏻💙para asumir un rol clave tanto en la gestión del equipo como en la excelencia operacional, con impacto directo en la experiencia de nuestros clientes y en el cumplimiento de los objetivos del negocio.
¿Cuál será tu propósito en este cargo?
Serás responsable de liderar y gestionar al equipo de trabajo, velando por el cumplimiento de las metas comerciales y operacionales del local. Asimismo, deberás garantizar una atención de excelencia, promoviendo una experiencia de compra memorable y fortaleciendo la fidelización de nuestros clientes.
Tenemos para ti los siguientes beneficios:
·        Asignación de bonos en fechas especiales.
·        Programas de formación permanente.
·        Programas de reconocimiento.
·        Celebraciones, sorteos con entretenidos premios y eventos.
·        Otros beneficios.
En Salcobrand nos caracterizamos por ser una empresa que fomenta e impulsa el valor de equipos de trabajos diversos, aceptando el sello propio de cada persona, facilitando así ambientes laborales inclusivos, según la Ley 21.015.
Postula con nosotros y sé parte de una organización comprometida con la salud, donde tu rol marca una real diferencia en la comunidad.",1,"Título en Química y Farmacia.
Conocimiento en Ley de fármacos, Legislación Farmacéutica y Legislación Laboral básica.
Disponibilidad para trabajar domingos y festivos."
Consultor/a de Belleza Full Time - Preunic Mall Arauco Maipú,Otra Área,"Maipú, Metropolitana de Santiago",Maipú,Metropolitana de Santiago,2026-08-04,6109240,salcobrand,2026-08-04,2026-08-08,0.3622,Vendedor,Jornada Completa,Preunic,Media,Chile,1 años,2026-11-08,https://salcobrand.trabajando.cl/trabajo-empleo/consultor-a-de-belleza-full-time-preunic-mall-arauco-maipu/trabajo/6109240,El equipo Preunic de Mall Arauco Maipú...,"El equipo Preunic de Mall Arauco Maipú reconocido como la Empresa N°1 en Perfumería quiere contar contigo y todas tus ganas de aprender😁.
Deseamos que puedas orientar y asesorar a quienes nos visitan sobre productos de Belleza y Cuidado Personal (Maquillaje, Tipos de Piel y Tendencias)💄, interpretando sus necesidades y acompañándolo a hacer click con las grandes marcas que trabajamos.
Si lo anterior te describe y además tienes experiencia en ventas y atención al cliente, conoces sobre el área cosmética y de cuidado personal y te acomoda jornada Full Time (42 horas) con turnos rotativos (una semana 5x2 y la siguiente 6x1) ¡Queremos conocerte! 👀.
En Empresas SB nos caracterizamos por ser una empresa que fomenta e impulsa el valor de equipos de trabajos diversos, aceptando el sello propio de cada persona, facilitando así ambientes laborales inclusivos, según la Ley 21.015, ¡No te pierdas la oportunidad de postular y ser parte de nuestra organización!",1,"Disponibilidad para trabajar en turnos rotativos 5x2 y 6x1 (ambos). Lunes a Domingo 42 hrs semanales.
Cumplir con mayoría de edad.
Experiencia y conocimientos comprobable en maquillaje/cosmética"
Bodeguero/a Full Time - Preunic Arauco Maipú ,Otra Área,"Maipú, Metropolitana de Santiago",Maipú,Metropolitana de Santiago,2026-08-04,6109316,salcobrand,2026-08-05,2026-08-08,0.4208,Operario,Jornada Completa,Preunic,Media,Chile,,2026-11-08,https://salcobrand.trabajando.cl/trabajo-empleo/bodeguero-a-full-time-preunic-arauco-maipu/trabajo/6109316,En Empresas SB Preunic nos encontramos...,"En Empresas SB Preunic nos encontramos en búsqueda de Bodegueros/as para trabajar en nuestra sucursal de Preunic Arauco Maipú 🎉
La misión de este cargo será encargarse del orden, mantención y reposición de la sala y bodega de la tienda; con el fin de facilitar la labor de ventas al mantener el stock de productos en sala y cuidar de la seguridad de los clientes al interior del local. Debes contar con disponibilidad para trabajar en jornada Full Time: 42 horas a la semana, Lunes a Domingo, turnos 5x2 y 6x1 .
En Empresas SB nos caracterizamos por ser una empresa que fomenta e impulsa el valor de equipos de trabajos diversos, aceptando el sello propio de cada persona, facilitando así ambientes laborales inclusivos, según la Ley 21.015, ¡No te pierdas la oportunidad de postular y ser parte de nuestra organización!",1,"Disponibilidad de Trabajar Full-Time (42 hrs), en turnos rotativos 5x2 y 6x1.
Cumplir con la mayoría de edad
Deseable experiencia previa en área de bodega (No excluyente)."
Jefe Trade Marketing,Otra Área,"Santiago, Metropolitana de Santiago",Santiago,Metropolitana de Santiago,2026-08-04,6109336,salcobrand,2026-08-05,2026-08-08,0.4013,Jefe Área/Sección/Depto./Local,Jornada Completa,Medcell,Universitaria,Chile,5 años,2026-09-08,https://salcobrand.trabajando.cl/trabajo-empleo/jefe-trade-marketing/trabajo/6109336,"En Medcell , buscamos a nuestro/a próximo/a...","En Medcell, buscamos a nuestro/a próximo/a Jefe Trade Marketing, quien será responsable de gestionar la relación comercial con clientes clave y liderar la ejecución de la estrategia de Trade Marketing en punto de venta, asegurando visibilidad, posicionamiento y disponibilidad de nuestros productos.
Si te motiva el trabajo en terreno, liderar equipos y generar impacto directo en la ejecución comercial, este desafío es para ti 🚀
🎯 ¿Cuál será tu desafío?
Asegurar una ejecución de excelencia en punto de venta, liderando equipos y coordinando acciones con clientes y áreas internas para potenciar la visibilidad y desempeño de las marcas.
📊 Principales funciones:
Gestionar la relación comercial con clientes clave, asegurando alineación y correcta ejecución en sala.
Liderar la implementación del plan de Trade Marketing, garantizando visibilidad, exhibición y campañas.
Supervisar equipos en terreno, asegurando cumplimiento de estándares y soporte en punto de venta.
Monitorear indicadores de ejecución, detectando oportunidades y generando planes de mejora.
Serás parte de un equipo dinámico, con alto impacto en la ejecución comercial y desarrollo de marca.
En Medecell promovemos equipos diversos e inclusivos, en línea con la Ley 21.015 💙
📩 ¡Postula y sé parte de un equipo con impacto directo en el negocio!",1,"👤 ¿Qué buscamos?
Formación en Ingeniería Comercial, Ingeniería Civil Industrial o carrera afín.
Desde 5 años de experiencia en Trade Marketing, retail o consumo masivo.
Experiencia liderando equipos en terreno.
Conocimiento en ejecución en punto de venta, gestión de canales y análisis de indicadores."
Category Planner (Reemplazo pre y post natal),Otra Área,"Santiago, Metropolitana de Santiago",Santiago,Metropolitana de Santiago,2026-08-04,6109339,salcobrand,2026-08-05,2026-08-08,0.499,Otro Profesional,Mixta (Teletrabajo + Presencial),Preunic,Universitaria,Chile,2 años,2026-11-08,https://salcobrand.trabajando.cl/trabajo-empleo/category-planner-reemplazo-pre-y-post-natal/trabajo/6109339,"Si te gustan los desafíos, eres una...","Si te gustan los desafíos, eres una persona proactiva, autónoma, con altos niveles de organización, trabajas colaborativamente y sientes que eres capaz de promover un excelente clima laboral con los más altos estándares de calidad y excelencia, ¡Preunic es el lugar indicado para ti!
Nos encontramos en búsqueda de profesional para el cargo de Category Planner.
¿Cuál será tu desafío en este cargo?
Administrar, proponer y desarrollar la estrategia de surtido de productos y exhibición para las diferentes categorías a cargo a través de procesos de category management, con el fin de asegurar la mayor rentabilidad del mix de productos y una propuesta comercial atractiva para los clientes de nuestro canal de ecommerce, buscando nuevas oportunidades de desarrollo del negocio.
Tus principales funciones:
Desarrollar los procesos de Category Management del negocio.
Analizar información interna y de mercado para las categorías del negocio.
Diseñar y evaluar la estrategia de exhibición para cada una de las categorías en el punto de venta.
Participar de la planificiación y desarrollo de la estrategia de ventas para cada una de las categorías a cargo.
En Preunic nos caracterizamos por ser una empresa que fomenta e impulsa el valor de equipos de trabajos diversos, aceptando el sello propio de cada persona, facilitando así ambientes laborales inclusivos, según la Ley 21.015, ¡Súmate y sé parte de nuestra organización!",1,"Título de  Ingeniería Comercial, Administración de empresas o carrera afín.
Al menos 2 años de experiencia en cargos similares utilizando JDA o Nielsen Spaceman.
Nivel de Office Avanzado.
Conocimientos del proceso de Category Management."
Operador/a CCTV - Las Condes,Otra Área,"San Bernardo, Metropolitana de Santiago",San Bernardo,Metropolitana de Santiago,2026-08-04,6109346,salcobrand,2026-08-05,2026-08-08,0.3749,Operario,Jornada Completa,Empresas SB,Media,Chile,1 años,2026-11-08,https://salcobrand.trabajando.cl/trabajo-empleo/operador-a-cctv-las-condes/trabajo/6109346,"Si te gustan los desafíos, eres una...","Si te gustan los desafíos, eres una persona proactiva, autónoma, con altos niveles de organización, trabajas colaborativamente y sientes que eres capaz de promover un excelente clima laboral con los más altos estándares de calidad y excelencia, ¡Empresas SB es el lugar indicado para ti!
Nos encontramos en búsqueda de profesional para el cargo de Operador/a CCTV.
¿Cuál será tu desafío en este cargo?
Deberás coordinar procedimientos de seguridad a partir de la información recibida desde los medios de seguridad electrónica (Circuito Cerrado de Televisión CCTV, alarmas y otros eventuales), reportando a Jefe de Seguridad electrónica sobre situaciones de seguridad.
Principales funciones:
Monitorear y administrar permanentemente la información recibida desde el sistema de CCTV y sistemas de Alarma en la Central de Monitoreo.
Informar a su jefatura cualquier irregularidad.
Coordinar acciones conforme a Protocolo con Policías, jefes de locales, zonales, supervisor de seguridad, u otros, cuando observe y/o reciba alertas sobre irregularidades.
En Empresas SB nos caracterizamos por ser una empresa que fomenta e impulsa el valor de equipos de trabajos diversos, aceptando el sello propio de cada persona, facilitando así ambientes laborales inclusivos, según la Ley 21.015, ¡Súmate y sé parte de nuestra organización!
En Empresas SB, nuestra gente es nuestro mayor activo. Trabajamos para crear un entorno que celebre tanto a nuestros colaboradores, como la diversidad de habilidades, orígenes y experiencias vitales dentro de nuestro lugar de trabajo.",1,"Manejo de CCTV o de temas asociados.
Experiencia en seguridad en Retail y/o logística.
Disponibilidad turnos son 4x4 rotativos de 07:00 am a 19:00 hrs y 19:00 hrs a 07:00 am."
Bodeguero/a Full Time - Preunic Mall Arauco Quilicura,Otra Área,"Quilicura, Metropolitana de Santiago",Quilicura,Metropolitana de Santiago,2026-08-04,6109347,salcobrand,2026-08-05,2026-08-08,0.4094,Operario,Jornada Completa,Preunic,Media,Chile,,2026-11-08,https://salcobrand.trabajando.cl/trabajo-empleo/bodeguero-a-full-time-preunic-mall-arauco-quilicura/trabajo/6109347,En Empresas SB Preunic nos encontramos...,"En Empresas SB Preunic nos encontramos en búsqueda de Bodegueros/as para trabajar en nuestra sucursal de Preunic Mall Arauco Quilicura🎉
La misión de este cargo será encargarse del orden, mantención y reposición de la sala y bodega de la tienda; con el fin de facilitar la labor de ventas al mantener el stock de productos en sala y cuidar de la seguridad de los clientes al interior del local. Debes contar con disponibilidad para trabajar en jornada Full Time: 42 horas a la semana, Lunes a Domingo, turnos 5x2 y 6x1 .
En Empresas SB nos caracterizamos por ser una empresa que fomenta e impulsa el valor de equipos de trabajos diversos, aceptando el sello propio de cada persona, facilitando así ambientes laborales inclusivos, según la Ley 21.015, ¡No te pierdas la oportunidad de postular y ser parte de nuestra organización!",1,"Disponibilidad de Trabajar Full-Time (42 hrs), en turnos rotativos 5x2 y 6x1.
Cumplir con la mayoría de edad
Deseable experiencia previa en área de bodega (No excluyente)."
Bodeguero/a Full Time - Preunic Coronel,Otra Área,"Coronel, Biobío",Coronel,Biobío,2026-08-04,6109328,salcobrand,2026-08-05,2026-08-08,0.3726,Operario,Jornada Completa,Preunic,Media,Chile,,2026-11-08,https://salcobrand.trabajando.cl/trabajo-empleo/bodeguero-a-full-time-preunic-coronel/trabajo/6109328,En Empresas SB Preunic nos encontramos...,"En Empresas SB Preunic nos encontramos en búsqueda de Bodegueros/as para trabajar en nuestra sucursal de Preunic Coronel 🎉
La misión de este cargo será encargarse del orden, mantención y reposición de la sala y bodega de la tienda; con el fin de facilitar la labor de ventas al mantener el stock de productos en sala y cuidar de la seguridad de los clientes al interior del local. Debes contar con disponibilidad para trabajar en jornada Full Time: 42 horas a la semana, Lunes a Domingo, turnos 5x2 y 6x1 .
En Empresas SB nos caracterizamos por ser una empresa que fomenta e impulsa el valor de equipos de trabajos diversos, aceptando el sello propio de cada persona, facilitando así ambientes laborales inclusivos, según la Ley 21.015, ¡No te pierdas la oportunidad de postular y ser parte de nuestra organización!",1,"Disponibilidad de Trabajar Full-Time (42 hrs), en turnos rotativos 5x2 y 6x1.
Cumplir con la mayoría de edad
Deseable experiencia previa en área de bodega (No excluyente)."
Bodegueros/as Full Time - Valdivia,Otra Área,"Valdivia, Los Ríos",Valdivia,Los Ríos,2026-08-04,6109222,salcobrand,2026-08-04,2026-08-05,0.4029,Asistente,Jornada Completa,Preunic,Media,Chile,1 años,2026-11-08,https://salcobrand.trabajando.cl/trabajo-empleo/bodegueros-as-full-time-valdivia/trabajo/6109222,En Empresas SB Preunic nos encontramos...,"En Empresas SB Preunic nos encontramos en búsqueda de Bodegueros/as para trabajar en nuestra sucursal de Valdivia.
La misión de este cargo será encargarse del orden, mantención y reposición de la sala y bodega de la tienda; con el fin de facilitar la labor de ventas al mantener el stock de productos en sala y cuidar de la seguridad de los clientes al interior del local.
En Empresas SB nos caracterizamos por ser una empresa que fomenta e impulsa el valor de equipos de trabajos diversos, aceptando el sello propio de cada persona, facilitando así ambientes laborales inclusivos, según la Ley 21.015, ¡No te pierdas la oportunidad de postular y ser parte de nuestra organización!
¡No te pierdas la oportunidad de postular a una empresa inclusiva, diversa e innovadora, en la que podrás capacitarte, crecer y optar a múltiples beneficios!",1,"Requisitos:
Disponibilidad para trabajar en turnos rotativas
Cumplir con mayoría de edad
Tener enseñanza media completa"
Vendor Manager Inventory (VMI),Otra Área,"Santiago, Metropolitana de Santiago",Santiago,Metropolitana de Santiago,2026-08-03,6108419,salcobrand,2026-08-03,2026-08-08,0.4556,Analista,Mixta (Teletrabajo + Presencial),Salcobrand,Universitaria,Chile,2 años,2026-09-08,https://salcobrand.trabajando.cl/trabajo-empleo/vendor-manager-inventory-vmi/trabajo/6108419,En Salcobrand buscamos un/a Vendor...,"En Salcobrand buscamos un/a Vendor Manager Inventory para nuestra Gerencia de Gestión de Inventario. Tu desafío principal será liderar de punta a punta el abastecimiento y la distribución de la cuenta Unilever, asegurando la máxima disponibilidad de productos en todos nuestros canales.
🎯 Propósito
Gestionar el abastecimiento estratégico de consumo masivo (compra y distribución) y liderar la relación con el proveedor, asegurando la continuidad operacional y maximizando las ventas de la categoría.
📌 Principales funciones
Abastecimiento: Planificar la compra y distribución para garantizar el stock correcto en toda la cadena de tiendas y canales digitales.
Control de KPIs: Monitorear y optimizar indicadores clave de la cuenta como Nivel de Servicio (%NS), %Fill Rate y Días de Alcance.
Campañas y Promociones: Coordinar el stock oportuno para lanzamientos, inclusiones y productos promocionales.
Eficiencia de Stock: Controlar el sobrestock y el inventario inmovilizado para optimizar la eficiencia de las bodegas.
En Salcobrand fomentamos e impulsamos el valor de equipos de trabajos diversos, aceptando el sello propio de cada persona y facilitando ambientes laborales inclusivos bajo la Ley 21.015. ¡Te invitamos a ser parte de nuestra organización!",1,"🎓 Requisitos
Título de Ingeniería Civil Industrial, Ingeniería Industrial o Ingeniería Comercial.
Desde 2 años de experiencia en Supply Chain, Gestión de Inventario, Abastecimiento o Retail.
Perfil analítico, con excelentes habilidades de comunicación y negociación con proveedores."
Product Manager de Alianzas y Convenios,Otra Área,"Providencia, Metropolitana de Santiago",Providencia,Metropolitana de Santiago,2026-08-03,6108406,salcobrand,2026-08-03,2026-08-08,0.428,Analista,Mixta (Teletrabajo + Presencial),Pharma Benefits,Universitaria,Chile,3 años,2026-09-08,https://salcobrand.trabajando.cl/trabajo-empleo/product-manager-de-alianzas-y-convenios/trabajo/6108406,¿Te motiva liderar negociaciones de...,"¿Te motiva liderar negociaciones de alto impacto y gestionar alianzas con grandes marcas e instituciones? En Empresas SB buscamos a nuestro/a próximo/a Product Manager de Alianzas y Convenios para la Gerencia de Pharma Benefits. Tu desafío principal será potenciar la propuesta de valor de la compañía, acelerando el crecimiento y la rentabilidad de nuestra cartera de grandes clientes.
🎯 Tu misión en el equipo
Liderar la estrategia comercial de convenios y alianzas de la compañía. Serás el/la responsable directo/a de construir relaciones a largo plazo con socios estratégicos (como Fonasa, Caja Los Andes, Isapres y más), asegurar el éxito de su implementación operativa, monitorear los KPIs del negocio y activar planes de fidelización que maximicen las ventas.
📌 Desafíos clave
Crecimiento Comercial: Coordinar y ejecutar campañas comerciales estratégicas (Farma y Consumo) comprometidas con las cuentas a cargo.
Control de KPIs: Monitorear permanentemente el comportamiento de las ventas y márgenes para asegurar convenios altamente rentables.
Fidelización y Marketing: Liderar planes de fidelización junto al equipo de Marketing para potenciar el retorno de clientes y el engagement.
Innovación en Productos: Desarrollar y optimizar nuevos modelos de negocio, como ""Convenios Capitados"", incrementando los ingresos del área.
En Empresas SB fomentamos e impulsamos el valor de equipos de trabajos diversos, aceptando el sello propio de cada persona y facilitando ambientes laborales inclusivos bajo la Ley 21.015. ¡Te invitamos a ser parte de nuestra organización!",1,"🎓 ¿Qué buscamos en ti?
Título de Ingeniería Comercial o carrera afín (mínimo 5 años de estudios).
Desde 5 años de experiencia gestionando carteras de grandes clientes, desarrollo de alianzas estratégicas y negociación B2B.
ADN analítico con experiencia en revisión de presupuestos, proyecciones de venta e indicadores comerciales.
Deseable experiencia previa en industrias de salud, seguros, beneficios, retail o laboratorios."
Jefe área Operaciones - Turno nocturno,Otra Área,"Santiago, Metropolitana de Santiago",Santiago,Metropolitana de Santiago,2026-08-03,6108408,salcobrand,2026-08-03,2026-08-08,0.3543,Jefe Área/Sección/Depto./Local,Jornada Completa,Salcobrand,Universitaria,Chile,3 años,2026-09-08,https://salcobrand.trabajando.cl/trabajo-empleo/jefe-area-operaciones-turno-nocturno/trabajo/6108408,En Salcobrand buscamos incorporar a...,"En Salcobrand buscamos incorporar a un Jefe Área Operaciones CD para nuestra Gerencia de Logística. Tu misión será planificar y monitorear de manera estratégica la recepción, almacenamiento y reposición de productos, liderando equipos operacionales para garantizar el nivel de servicio requerido por la compañía y la correcta llegada de productos a nuestros locales.
🎯 Propósito del cargo
Planificar y monitorear estratégicamente la ejecución de la recepción, almacenamiento y reposición de productos SB, asegurando el cumplimiento de las necesidades de los locales Salcobrand y guiando a los equipos para garantizar la continuidad operativa y el nivel de servicio.
📌 Principales funciones
Gestión Operacional: Realizar el seguimiento de la carga de trabajo en el sistema WMS para garantizar el cumplimiento diario de las tareas de recepción y almacenamiento.
Control y Trazabilidad: Administrar los localizadores de tránsito de productos procesados en el CD para asegurar la correcta trazabilidad en los sistemas.
Liderazgo de Equipos: Controlar y guiar a los equipos operacionales de las distintas áreas, asegurando el control de asistencia y el cumplimiento de los objetivos del turno.
Mejora Continua: Implementar eficiencias operacionales orientadas a la optimización de costos y garantizar la calidad de los procesos bajo estándares sanitarios y de seguridad.
Cumplimiento Normativo: Asegurar que el almacenamiento de productos cumpla con las normativas sanitarias vigentes en las zonas declaradas correspondientes.
En Salcobrand fomentamos equipos de trabajo diversos y promovemos ambientes laborales inclusivos, de acuerdo con la Ley 21.015.
¡Súmate y sé parte de una compañía que impacta la vida de millones de personas todos los días!",1,"🎓 Requisitos del cargo
Título profesional de una carrera de 5 años o más (Ingeniería Civil Industrial, Logística o afín).
Desde 5 años de experiencia laboral en operaciones logísticas o centros de distribución.
Manejo de Excel nivel avanzado, conocimiento en SQL (intermedio) y sistemas de administración de almacenes (ERP/WMS).
Experiencia práctica comprobable dirigiendo, guiando y liderando equipos de personas en entornos operativos.
Conocimientos en sistemas de gestión de calidad, control de gestión, y manejo de sustancias y residuos peligrosos.
Disponibilidad para trabajar de manera permanente en Turno Nocturno."
Supervisor Control de Calidad,Otra Área,"Pudahuel, Metropolitana de Santiago",Pudahuel,Metropolitana de Santiago,2026-08-03,6108410,salcobrand,2026-08-03,2026-08-08,0.3906,Supervisor,En terreno,Medcell,Técnico profesional superior,Chile,2 años,2026-09-08,https://salcobrand.trabajando.cl/trabajo-empleo/supervisor-control-de-calidad/trabajo/6108410,En Medcell nos encontramos en la búsqueda...,"En Medcell nos encontramos en la búsqueda de un Supervisor Control de Calidad para nuestra Subgerencia de Calidad y Desarrollo. Tu misión principal será supervisar y coordinar la ejecución de los procesos operativos del área, liderando directamente a nuestro equipo de inspectores para asegurar el estricto cumplimiento de los procedimientos, estándares normativos y controles definidos por la compañía.
🎯 Propósito del cargo:
Supervisar y coordinar la ejecución de los procesos operativos de Control de Calidad, liderando al equipo de Inspectores de Control de Calidad y asegurando el cumplimiento de los procedimientos, estándares normativos y controles definidos, con el fin de garantizar la correcta liberación, almacenamiento y control de los productos y materias primas.
📌 Principales funciones
- Liderazgo Operativo: Supervisar, coordinar y planificar las labores diarias del equipo de Inspectores de Control de Calidad (6 reportes directos), asegurando los estándares operacionales y el cumplimiento de las metas del área.
- Control de Procesos y Normativa: Controlar los procesos de recepción, muestreo, liberación y análisis documental de productos y materias primas para garantizar el estricto cumplimiento normativo y la trazabilidad del Sistema de Gestión de Calidad.
- Gestión Documental y Correctiva: Supervisar la correcta ejecución de los procedimientos, registros, y coordinar el levantamiento de acciones correctivas o desviaciones con el área de Aseguramiento de Calidad.
- Coordinación Externa y Análisis: Gestionar de forma permanente el envío de muestras a laboratorios externos, administrando la documentación asociada y haciendo seguimiento exhaustivo a sus análisis técnicos.
En Medcell, nos caracterizamos por ser una empresa que fomenta e impulsa el valor de equipos de trabajo diversos, aceptando el sello propio de cada colaborador, facilitando así, ambientes laborales inclusivos, según la Ley 21.015",1,"🎓 Requisitos del cargo
- Título Técnico de Nivel Superior o Profesional afín a las áreas de Calidad, Química, Farmacia o Laboratorio (con estudios avanzados completos).
- Desde 2 años de experiencia laboral en áreas de Control de Calidad, habiendo trabajado estrictamente bajo normas de calidad.
- Experiencia práctica y comprobable liderando, guiando o supervisando equipos de trabajo operativos (deseable manejo de equipos de inspección).
- Sólidos conocimientos demostrables en Normas GMP/GDP, Sistemas de Gestión de Calidad, técnicas de muestreo, liberación de productos, manejo documental y trazabilidad."
Head Comercial Retail Media,Otra Área,"Providencia, Metropolitana de Santiago",Providencia,Metropolitana de Santiago,2026-08-03,6108418,salcobrand,2026-08-03,2026-08-08,0.428,Analista,Mixta (Teletrabajo + Presencial),Salcobrand,Universitaria,Chile,5 años,2026-09-08,https://salcobrand.trabajando.cl/trabajo-empleo/head-comercial-retail-media/trabajo/6108418,¿Te apasiona la intersección entre...,"¿Te apasiona la intersección entre el marketing digital, la estrategia comercial y el uso analítico de datos? 📉
En Salcobrand nos encontramos en la búsqueda de nuestro/a próximo/a Head Comercial Retail Media para la Gerencia de Marketing, Estrategia Clientes y Comunicaciones.
📣 Tu misión sera:
Liderar el crecimiento y rentabilidad de nuevas líneas de negocio estratégicas, transformando los activos de la compañía en soluciones comerciales atractivas y escalables para partners y grandes cuentas.
Principales funciones:
Diseñar y ejecutar la estrategia comercial para la captación y fidelización de clientes corporativos y agencias.
Desarrollar y optimizar el portafolio de soluciones comerciales de la compañía.
Liderar y motivar al equipo comercial hacia el cumplimiento de metas de ingresos.
Monitorear la efectividad de los proyectos comerciales implementados mediante analítica de negocio.
En Salcobrand fomentamos e impulsamos el valor de equipos de trabajos diversos, aceptando el sello propio de cada persona y facilitando ambientes laborales inclusivos bajo la Ley 21.015. ¡Te invitamos a ser parte de nuestra organización! 💙",1,"🎓 Requisitos del cargo:
Ingeniería Comercial, Civil, Publicidad o carrera afín.
Mínimo 5-7 años de experiencia laboral, con al menos 3 años liderando equipos comerciales.
Experiencia en gestión de cuentas clave (KAM), trade marketing o desarrollo de negocios B2B."
"Jefe de Apertura, Remodelación y Cierre de Locales",Otra Área,"Providencia, Metropolitana de Santiago",Providencia,Metropolitana de Santiago,2026-08-03,6108424,salcobrand,2026-08-03,2026-08-08,0.3797,Analista,Mixta (Teletrabajo + Presencial),Salcobrand,Universitaria,Chile,4 años,2026-09-08,https://salcobrand.trabajando.cl/trabajo-empleo/jefe-de-apertura-remodelacion-y-cierre-de-locales/trabajo/6108424,En Salcobrand nos encontramos en búsqueda...,"En Salcobrand nos encontramos en búsqueda de un/a Jefe/a de Apertura, Remodelación y Cierre de Locales, quien será responsable de liderar y asegurar la correcta ejecución de los procesos de apertura, remodelación y cierre de locales a nivel nacional, cumpliendo con los estándares operacionales, sanitarios y de continuidad definidos por la compañía.
Propósito del cargo
Definir, guiar y controlar la operación de apertura, remodelación y cierre de locales Salcobrand, asegurando una implementación eficiente, en plazo y bajo los estándares establecidos, resguardando la continuidad operacional y los ingresos comprometidos de cada local.
Principales funciones
Definir y mantener los estándares de los procesos de apertura, remodelación y cierre de locales, asegurando su correcta implementación.
Diseñar e implementar un modelo de gestión con métricas claras de desempeño (plazos, impacto en el negocio, cumplimiento de estándares).
Liderar, guiar y controlar al equipo a cargo, asegurando calidad, cumplimiento de plazos y normativas vigentes.
Coordinar transversalmente con distintas áreas de la organización (Inmobiliaria, Legal, Tesorería, entre otras) para la correcta ejecución de los proyectos.
Velar por el cumplimiento de auditorías internas asociadas a la operación de los locales y condiciones definidas para su funcionamiento.
En Salcobrand fomentamos equipos diversos e inclusivos, promoviendo la igualdad de oportunidades y el respeto por las personas, en línea con la Ley 21.015.
📩 Postula y sé parte de una compañía líder en el rubro retail, con foco en la excelencia operacional. 💙",1,"Requisitos
Título profesional de Ingeniería Comercial, Ingeniería Civil Industrial, Administración de Empresas o carrera afín.
Al menos 5 años de experiencia laboral, idealmente liderando equipos y gestionando proyectos operacionales.
Experiencia trabajando con estándares de calidad y coordinación con múltiples áreas.
Manejo avanzado de Office.
Disponibilidad para salidas a terreno frecuentes y viajes dentro del país."
Analista Senior Inteligencia Operacional,Otra Área,"Providencia, Metropolitana de Santiago",Providencia,Metropolitana de Santiago,2026-08-03,6108421,salcobrand,2026-08-03,2026-08-08,0.4053,Analista,Mixta (Teletrabajo + Presencial),Salcobrand,Universitaria,Chile,1 años,2026-09-08,https://salcobrand.trabajando.cl/trabajo-empleo/analista-senior-inteligencia-operacional/trabajo/6108421,En Salcobrand buscamos un/A Analista...,"En Salcobrand buscamos un/A Analista Senior de Inteligencia Operacional para nuestra Gerencia de Estándares y Continuidad Operacional. Tu desafío será cruzar variables comerciales y operacionales para proponer mejoras que maximicen la rentabilidad y aseguren la eficiencia de nuestras tiendas.
🎯 Propósito
Asegurar la integridad y confiabilidad de los datos del canal presencial. Realizar análisis vinculando variables comerciales y operacionales usando la IA para proponer a equipos de trabajos oportunidades de mejora y con ello lograr mayor eficiencia y rentabilidad del negocio.
📌 Principales funciones
Calidad de Datos: Velar por la integridad y confiabilidad de la información de operación y ventas de los locales.
Paneles de Estándares: Definir e implementar tableros (dashboards) con estándares de servicio, generando alertas ante desviaciones.
Reportabilidad: Elaborar informes periódicos con resultados operativos y de negocio para distintas instancias de gestión.
Análisis de Desempeño: Identificar focos de trabajo en locales para apoyar el cumplimiento de sus objetivos comerciales.
En Salcobrand fomentamos e impulsamos el valor de equipos de trabajos diversos, aceptando el sello propio de cada persona y facilitando ambientes laborales inclusivos bajo la Ley 21.015. ¡Te invitamos a ser parte de nuestra organización!",1,"🎓 Requisitos
Título profesional universitario o técnico en carreras afines al análisis de datos (mínimo 5 años de carrera).
Desde 3 años de experiencia en análisis cuantitativo de operaciones, estadística comercial y generación de informes.
Manejo intermedio de SQL y/o Redshift, junto con Excel avanzado."
Supervisor/a de Consumo - Temuco,Otra Área,"Temuco, La Araucanía",Temuco,La Araucanía,2026-08-03,6108423,salcobrand,2026-08-03,2026-08-08,0.3825,Supervisor,En terreno,Salcobrand,Técnico medio/ colegio técnico,Chile,1 años,2026-09-08,https://salcobrand.trabajando.cl/trabajo-empleo/supervisor-a-de-consumo-temuco/trabajo/6108423,"Si te gustan los desafíos, eres una...","Si te gustan los desafíos, eres una persona proactiva, autónoma, con altos niveles de organización, trabajas colaborativamente y sientes que eres capaz de promover un excelente clima laboral con los más altos estándares de calidad y excelencia, ¡Salcobrand es el lugar indicado para ti!
Nos encontramos en búsqueda de profesional para el cargo de Supervisor/a de Consumo.
¿Cuál será tu desafío en este cargo?
Contribuir en el cumplimiento de las metas y estrategias comerciales del área Dermocosmetica de Salcobrand, brindando un trabajo de excelencia que permita generar valor, buscando oportunidades de mejora que contribuyan con los lineamientos establecidos por el equipo.
Tus principales funciones:
Supervisión y control de procesos comerciales.
Levantamiento de problemas y contingencias en locales.
Buscar o generar oportunidades comerciales
En Salcobrand nos caracterizamos por ser una empresa que fomenta e impulsa el valor de equipos de trabajos diversos, aceptando el sello propio de cada persona, facilitando así ambientes laborales inclusivos, según la Ley 21.015, ¡Súmate y sé parte de nuestra organización!",1,"Desde 1 año de experiencia liderando equipos.
Manejo y conocimiento Office intermedio."
Visitador Médico,Otra Área,"Ñuñoa, Metropolitana de Santiago",Ñuñoa,Metropolitana de Santiago,2026-08-03,6108426,salcobrand,2026-08-03,2026-08-08,0.3201,Asesor,Jornada Completa,Salcobrand,Técnico profesional superior,Chile,2 años,2026-09-08,https://salcobrand.trabajando.cl/trabajo-empleo/visitador-medico/trabajo/6108426,"En Salcobrand , nuestra gente es nuestro...","En Salcobrand, nuestra gente es nuestro mayor activo. Trabajamos para crear un entorno que celebre tanto a nuestros empleados como la diversidad de habilidades, orígenes y experiencias vitales dentro de nuestro lugar de trabajo.
Nos encontramos en búsqueda de profesional para el cargo de Visitador/a Médico el cual deberá identificar a los clientes potenciales en el territorio asignado y asegurar la permanencia y liderazgo de Recetario Magistral SB en el mercado.
Tus principales funciones serán:
Gestionar visitas a locales.
Gestionar capacitaciones.
Gestionar reportes.
En Salcobrand nos caracterizamos por ser una empresa que fomenta e impulsa el valor de equipos de trabajos diversos, aceptando el sello propio de cada persona, facilitando así ambientes laborales inclusivos, según la Ley 21.015, ¡Súmate y sé parte de nuestra organización!",1,"Visitador Médico o profesión relacionada a la salud.
Experiencia en el área de ventas en retail, farmacias, perfumerías, laboratorios o similares."
Asistente Administrativo/a - Plan Navidad,Otra Área,"Santiago, Metropolitana de Santiago",Santiago,Metropolitana de Santiago,2026-08-03,6108601,salcobrand,2026-08-03,2026-08-08,0.4216,Asistente,Mixta (Teletrabajo + Presencial),Empresas SB,Técnico profesional superior,Chile,1 años,2026-10-08,https://salcobrand.trabajando.cl/trabajo-empleo/asistente-administrativo-a-plan-navidad/trabajo/6108601,¿Estás en búsqueda de tu próximo desafío?...,"¿Estás en búsqueda de tu próximo desafío? 😎
¡En Empresas SB (Preunic, Salcobrand y Filiales) te queremos para nuestro equipo como Asistente Administrativo/a Plan Navidad! 🎅🎄🤶.
Si tienes ganas de aprender y disponibilidad para trabajar en un proyecto de 3 meses (con posibilidad de extensión) realizando funciones administrativas en el área de Atracción del Talento, ¡Esta oportunidad es para ti!
Tus principales funciones serán apoyar en tareas administrativas al equipo de Atracción de Talento: gestionar fichas, credenciales, entregar uniformes, entre otras.
En Empresas SB, valoramos y promovemos la diversidad en nuestros equipos de trabajo, creando ambientes inclusivos, donde cada persona aporta con su sello único. Únete a nosotros y forma parte de una organización comprometida con el desarrollo profesional y personal de sus colaboradores, en conformidad con la Ley 21.015.
¡Postula ahora y únete a nuestro equipo donde cada día es una oportunidad para crecer y destacar!",1,"Título de carrera técnica.
Al menos un año de experiencia en funciones administrativas.
Disponibilidad para trabajar en modalidad híbrida (presencial y remoto) en Santiago Centro (excluyente)."
Consultor/a Atracción del Talento - Plan Navidad,Otra Área,"Santiago, Metropolitana de Santiago",Santiago,Metropolitana de Santiago,2026-08-03,6108602,salcobrand,2026-08-03,2026-08-08,0.4553,Analista,Mixta (Teletrabajo + Presencial),Empresas SB,Universitaria,Chile,,2026-10-08,https://salcobrand.trabajando.cl/trabajo-empleo/consultor-a-atraccion-del-talento-plan-navidad/trabajo/6108602,¿Estás titulado/a de Psicología y en...,"¿Estás titulado/a de Psicología y en búsqueda de tu próximo desafío? 😎
¡En Empresas SB (Preunic, Salcobrand y Filiales) te queremos para nuestro equipo de Atracción del Talento Plan Navidad! 🎅🎄🤶
Si tienes ganas de aprender y disponibilidad para trabajar en un proyecto de 3 meses (con posibilidad de extensión) realizando el proceso de Atracción y Selección del Talento, ¡Esta oportunidad es para ti!
¿Cuál será tu misión?
Ser responsable del proceso completo de atracción del talento, cumpliendo con los requerimientos de los clientes, contribuyendo a la toma de decisiones sin sesgos y asegurar el ingreso de candidatos idóneos a los cargos solicitados, velando por entregar la mejor experiencia a nuestros clientes y postulantes.
Principales funciones:
Publicar ofertas laborales y filtrar CVs (revisar requisitos de ingreso según las políticas de la empresa).
Realizar entrevistas por competencias (individuales y grupales).
Enviar y analizar pruebas psicolaborales.
Asesorar a clientes internos de distintos niveles jerárquicos de la organización.
Coordinar los ingreso de los/as nuevos colaboradores a la organización.
Solicitar y entregar toda la documentación necesaria para el proceso de contratación.
En Empresas SB, valoramos y promovemos la diversidad en nuestros equipos de trabajo, creando ambientes inclusivos, donde cada persona aporta con su sello único. Únete a nosotros y forma parte de una organización comprometida con el desarrollo profesional y personal de sus colaboradores, en conformidad con la Ley 21.015.
¡Postula ahora y únete a nuestro equipo donde cada día es una oportunidad para crecer y destacar!",4,"¿Qué necesitamos de ti?
Título de Psicología (excluyente).
Al menos 6 meses de experiencia en Reclutamiento y Selección.
Disponibilidad para trabajar en modalidad híbrida (presencial y remoto) en Santiago Centro (excluyente)."
Asesor/a Bienestar Vitaminas y Suplementos Multifunción - Viña del Mar ,Otra Área,"Viña del Mar, Valparaíso",Viña del Mar,Valparaíso,2026-07-31,6108059,salcobrand,2026-07-31,2026-08-08,0.34,Vendedor,Jornada Completa,Salcobrand,Universitaria,Chile,1 años,2026-07-08,https://salcobrand.trabajando.cl/trabajo-empleo/asesor-a-bienestar-vitaminas-y-suplementos-multifuncion-vina-del-mar/trabajo/6108059,"En Salcobrand 💙, nuestra gente es...","En Salcobrand 💙, nuestra gente es nuestro mayor activo; trabajamos para crear un entorno que celebre tanto a nuestros empleados como la diversidad de habilidades, orígenes y experiencias vitales dentro de nuestro lugar de trabajo.
Hoy nos encontramos en búsqueda de profesionales para el cargo de Asesor/a Bienestar Vitaminas y Suplementos Multifunción.
¿Cuál será tu desafío en este cargo?
Asesorar a los clientes Salcobrand de manera personalizada y en base a necesidades de compra y experiencia/conocimientos adquiridos.
Brindar respuesta frente a dudas y/o consultas de productos de categoría Vitaminas y Suplementos.
Entregar información a Vendedores Salcobrand para contribuir a la mejor experiencia de compra de clientes.
En Salcobrand nos caracterizamos por ser una empresa que fomenta e impulsa el valor de equipos de trabajos diversos, aceptando el sello propio de cada persona, facilitando así ambientes laborales inclusivos, según la Ley 21.015, ¡Súmate y sé parte de nuestra organización! 😉",1,"¿Qué necesitas para postular?
Experiencia de 1 año trabajado en atención y servicio a clientes.
Disponibilidad para trabajar en turnos rotativos (5x2 y 6x1).
Experiencia/Conocimientos en suplementación y vida saludable."
Auxiliar de Farmacia Integral Part Time - Huechuraba,Otra Área,"Huechuraba, Metropolitana de Santiago",Huechuraba,Metropolitana de Santiago,2026-07-31,6106640,salcobrand,2026-07-28,2026-08-06,0.3823,Técnico,Part Time,Salcobrand,Técnico profesional superior,Chile,,2026-08-16,https://salcobrand.trabajando.cl/trabajo-empleo/auxiliar-de-farmacia-integral-part-time-huechuraba/trabajo/6106640,"¿Te gusta ayudar a las personas, te...","¿Te gusta ayudar a las personas, te preocupas por entregar una buena atención y crees que tu trabajo puede marcar una diferencia en el día a día de los clientes?
Entonces esta oportunidad puede ser para ti.
En Salcobrand💙 estamos buscando Auxiliares de Farmacia Integral con vocación de servicio y ganas de sumarse a un equipo comprometido con el bienestar de las personas.
¿Qué harás en este rol👩 👨 ?
Atender y asesorar a los clientes en la compra de fármacos y productos de consumo masivo.
Entregar una atención cercana y de calidad, fomentando la confianza y fidelización.
Realizar cuadratura de caja.
Revisar la vigencia de los medicamentos.
Mantener el orden, limpieza, etiquetado y correcta exhibición de los productos en sala.
¿Qué te ofrecemos?
Asignación de bonos en fechas especiales.
Programas de formación permanente.
Programas de reconocimiento.
Celebraciones, sorteos con entretenidos premios y eventos.
Otros beneficios.
En Salcobrand nos caracterizamos por ser una empresa que fomenta e impulsa el valor de equipos de trabajos diversos, aceptando el sello propio de cada persona, facilitando así ambientes laborales inclusivos, según la Ley 21.015, ¡Súmate y sé parte de nuestra organización!
¡Súmate a Salcobrand!",1,"¿Qué necesitamos?
Formación acreditada en farmacia: carnet o certificado de Auxiliar de Farmacia, Auxiliar Paramédico de Farmacia o Título Técnico de Nivel Superior en Farmacia.
Disponibilidad para trabajar jornada part time, para cubrir turnos en la semana, fin de semana y festivos, minimo 20 y maximo 30 hrs."
Auxiliar de Farmacia Integral - Sector Oriente RM,Otra Área,"Las Condes, Metropolitana de Santiago",Las Condes,Metropolitana de Santiago,2026-07-31,6106632,salcobrand,2026-07-28,2026-08-06,0.4102,Técnico,Jornada Completa,Salcobrand,Técnico profesional superior,Chile,,2026-08-16,https://salcobrand.trabajando.cl/trabajo-empleo/auxiliar-de-farmacia-integral-sector-oriente-rm/trabajo/6106632,"¿Te gusta ayudar a las personas, te...","¿Te gusta ayudar a las personas, te preocupas por entregar una buena atención y crees que tu trabajo puede marcar una diferencia en el día a día de los clientes?
Entonces esta oportunidad puede ser para ti.
En Salcobrand💙 estamos buscando Auxiliares de Farmacia Integral con vocación de servicio y ganas de sumarse a un equipo comprometido con el bienestar de las personas.
¿Qué harás en este rol👩 👨 ?
Atender y asesorar a los clientes en la compra de fármacos y productos de consumo masivo.
Entregar una atención cercana y de calidad, fomentando la confianza y fidelización.
Realizar cuadratura de caja.
Revisar la vigencia de los medicamentos.
Mantener el orden, limpieza, etiquetado y correcta exhibición de los productos en sala.
¿Qué te ofrecemos?
Asignación de bonos en fechas especiales.
Programas de formación permanente.
Programas de reconocimiento.
Celebraciones, sorteos con entretenidos premios y eventos.
Otros beneficios.
En Salcobrand nos caracterizamos por ser una empresa que fomenta e impulsa el valor de equipos de trabajos diversos, aceptando el sello propio de cada persona, facilitando así ambientes laborales inclusivos, según la Ley 21.015, ¡Súmate y sé parte de nuestra organización!
¡Súmate a Salcobrand!",1,"📋¿Qué necesitamos de ti?
Contar con alguna de las siguientes certificaciones:
Carnet o certificado de Auxiliar de Farmacia.
Carnet de Auxiliar Paramédico de Farmacia.
Título de Nivel Superior en Farmacia.
Disponibilidad para jornada completa y turnos rotativos (42 hrs semanales)"
Visitador Médico,Otra Área,"Ñuñoa, Metropolitana de Santiago",Ñuñoa,Metropolitana de Santiago,2026-07-31,6108183,salcobrand,2026-07-31,2026-08-03,0.3212,Asesor,Jornada Completa,Salcobrand,Técnico profesional superior,Chile,2 años,2026-02-08,https://salcobrand.trabajando.cl/trabajo-empleo/visitador-medico/trabajo/6108183,"En Salcobrand , nuestra gente es nuestro...","En Salcobrand, nuestra gente es nuestro mayor activo. Trabajamos para crear un entorno que celebre tanto a nuestros empleados como la diversidad de habilidades, orígenes y experiencias vitales dentro de nuestro lugar de trabajo.
Nos encontramos en búsqueda de profesional para el cargo de Visitador/a Médico el cual deberá identificar a los clientes potenciales en el territorio asignado y asegurar la permanencia y liderazgo de Recetario Magistral SB en el mercado.
Tus principales funciones serán:
Gestionar visitas a locales.
Gestionar capacitaciones.
Gestionar reportes.
En Salcobrand nos caracterizamos por ser una empresa que fomenta e impulsa el valor de equipos de trabajos diversos, aceptando el sello propio de cada persona, facilitando así ambientes laborales inclusivos, según la Ley 21.015, ¡Súmate y sé parte de nuestra organización!",1,"Visitador Médico o profesión relacionada a la salud.
Experiencia en el área de ventas en retail, farmacias, perfumerías, laboratorios o similares."
Asesor/a Bienestar Vitaminas y Suplementos Multifunción - Antofagasta,Otra Área,"Antofagasta, Antofagasta",Antofagasta,Antofagasta,2026-07-30,6107868,salcobrand,2026-07-31,2026-08-08,0.3563,Vendedor,Jornada Completa,Salcobrand,Universitaria,Chile,1 años,2026-09-08,https://salcobrand.trabajando.cl/trabajo-empleo/asesor-a-bienestar-vitaminas-y-suplementos-multifuncion-antofagasta/trabajo/6107868,"En Salcobrand 💙, nuestra gente es...","En Salcobrand 💙, nuestra gente es nuestro mayor activo; trabajamos para crear un entorno que celebre tanto a nuestros empleados como la diversidad de habilidades, orígenes y experiencias vitales dentro de nuestro lugar de trabajo.
Hoy nos encontramos en búsqueda de profesionales para el cargo de Asesor/a Bienestar Vitaminas y Suplementos Multifunción.
¿Cuál será tu desafío en este cargo?
Asesorar a los clientes Salcobrand de manera personalizada y en base a necesidades de compra y experiencia/conocimientos adquiridos.
Brindar respuesta frente a dudas y/o consultas de productos de categoría Vitaminas y Suplementos.
Entregar información a Vendedores Salcobrand para contribuir a la mejor experiencia de compra de clientes.
En Salcobrand nos caracterizamos por ser una empresa que fomenta e impulsa el valor de equipos de trabajos diversos, aceptando el sello propio de cada persona, facilitando así ambientes laborales inclusivos, según la Ley 21.015, ¡Súmate y sé parte de nuestra organización! 😉",1,"¿Qué necesitas para postular?
Experiencia de 1 año trabajado en atención y servicio a clientes.
Disponibilidad para trabajar en turnos rotativos (5x2 y 6x1).
Experiencia/Conocimientos en suplementación y vida saludable."
Consultor/a de Belleza Part Time - Parque Arauco,Otra Área,"Las Condes, Metropolitana de Santiago",Las Condes,Metropolitana de Santiago,2026-07-30,6107756,salcobrand,2026-07-30,2026-08-07,0.3444,Asistente,Part Time,Preunic,Media,Chile,1 años,2026-06-08,https://salcobrand.trabajando.cl/trabajo-empleo/consultor-a-de-belleza-part-time-parque-arauco/trabajo/6107756,"El equipo Preunic de Parque Arauco,...","El equipo Preunic de Parque Arauco, reconocido como la Empresa N° 1 en Perfumería quiere contar contigo y todas tus ganas de aprender.
Deseamos que puedas orientar y asesorar a quienes nos visitan sobre productos de Belleza y Cuidado Personal (Maquillaje, Tipos de Piel y Tendencias), interpretando sus necesidades y acompañándolo a hacer click con las grandes marcas que trabajamos.
Si lo anterior te describe y además tienes experiencia en ventas y atención al cliente, conoces sobre el área cosmética y de cuidado personal y te acomodan trabajar con turnos rotativos 30 horas ( 5x 2 y 6x 1) ¡Queremos conocerte!
¡No te pierdas la oportunidad de postular a una empresa inclusiva, diversa e innovadora, en la que podrás capacitarte, crecer y optar a múltiples beneficios!
#HayPega #CreemosEnTiEmpresasSB #SomosDiversidad #Belleza",1,"Requisitos:
Disponibilidad para trabajar en turnos rotativas
Cumplir con mayoría de edad"
Consultor/a de Belleza Full Time - Santiago Centro,Otra Área,"Santiago, Metropolitana de Santiago",Santiago,Metropolitana de Santiago,2026-07-30,6107739,salcobrand,2026-07-30,2026-08-05,0.3238,Asistente,Jornada Completa,Preunic,Media,Chile,1 años,2026-06-08,https://salcobrand.trabajando.cl/trabajo-empleo/consultor-a-de-belleza-full-time-santiago-centro/trabajo/6107739,"El equipo Preunic de Ahumada, reconocido...","El equipo Preunic de Ahumada, reconocido como la Empresa N° 1 en Perfumería quiere contar contigo y todas tus ganas de aprender.
Deseamos que puedas orientar y asesorar a quienes nos visitan sobre productos de Belleza y Cuidado Personal (Maquillaje, Tipos de Piel y Tendencias), interpretando sus necesidades y acompañándolo a hacer click con las grandes marcas que trabajamos.
Si lo anterior te describe y además tienes experiencia en ventas y atención al cliente, conoces sobre el área cosmética y de cuidado personal y te acomodan trabajar con turnos rotativos 44 horas ( 5x 2 y 6x 1) ¡Queremos conocerte!
¡No te pierdas la oportunidad de postular a una empresa inclusiva, diversa e innovadora, en la que podrás capacitarte, crecer y optar a múltiples beneficios!
#HayPega #CreemosEnTiEmpresasSB #SomosDiversidad #Belleza",1,"Requisitos:
Disponibilidad para trabajar en turnos rotativas
Cumplir con mayoría de edad"
Bodegueros/as Full Time - Colina,Otra Área,"Colina, Metropolitana de Santiago",Colina,Metropolitana de Santiago,2026-07-30,6107761,salcobrand,2026-07-30,2026-08-03,0.4248,Asistente,Jornada Completa,Preunic,Media,Chile,1 años,2026-06-08,https://salcobrand.trabajando.cl/trabajo-empleo/bodegueros-as-full-time-colina/trabajo/6107761,En Empresas SB Preunic nos encontramos...,"En Empresas SB Preunic nos encontramos en búsqueda de Bodegueros/as para trabajar en nuestra sucursal de Colina.
La misión de este cargo será encargarse del orden, mantención y reposición de la sala y bodega de la tienda; con el fin de facilitar la labor de ventas al mantener el stock de productos en sala y cuidar de la seguridad de los clientes al interior del local.
En Empresas SB nos caracterizamos por ser una empresa que fomenta e impulsa el valor de equipos de trabajos diversos, aceptando el sello propio de cada persona, facilitando así ambientes laborales inclusivos, según la Ley 21.015, ¡No te pierdas la oportunidad de postular y ser parte de nuestra organización!
¡No te pierdas la oportunidad de postular a una empresa inclusiva, diversa e innovadora, en la que podrás capacitarte, crecer y optar a múltiples beneficios!",1,"Requisitos:
Disponibilidad para trabajar en turnos rotativas
Cumplir con mayoría de edad
Tener enseñanza media completa"
Bodeguero/a Full Time - Preunic Independencia,Otra Área,"Independencia, Metropolitana de Santiago",Independencia,Metropolitana de Santiago,2026-07-29,6107270,salcobrand,2026-07-29,2026-08-06,0.3973,Operario,Jornada Completa,Preunic,Media,Chile,,2026-05-08,https://salcobrand.trabajando.cl/trabajo-empleo/bodeguero-a-full-time-preunic-independencia/trabajo/6107270,En Empresas SB Preunic nos encontramos...,"En Empresas SB Preunic nos encontramos en búsqueda de Bodegueros/as para trabajar en nuestra sucursal de Preunic Mall Barrio Independencia 🎉
La misión de este cargo será encargarse del orden, mantención y reposición de la sala y bodega de la tienda; con el fin de facilitar la labor de ventas al mantener el stock de productos en sala y cuidar de la seguridad de los clientes al interior del local. Debes contar con disponibilidad para trabajar en jornada Full Time: 44 horas a la semana, Lunes a Domingo, turnos 5x2 y 6x1 .
En Empresas SB nos caracterizamos por ser una empresa que fomenta e impulsa el valor de equipos de trabajos diversos, aceptando el sello propio de cada persona, facilitando así ambientes laborales inclusivos, según la Ley 21.015, ¡No te pierdas la oportunidad de postular y ser parte de nuestra organización!",1,"Disponibilidad de Trabajar Full-Time (44 hrs), en turnos rotativos 5x2 y 6x1.
Cumplir con la mayoría de edad
Deseable experiencia previa en área de bodega (No excluyente)."
Coordinador/a Asesoría Experta,Otra Área,"Santiago, Metropolitana de Santiago",Santiago,Metropolitana de Santiago,2026-07-29,6107261,salcobrand,2026-07-29,2026-08-06,0.4229,Otro Profesional,En terreno,Preunic,Universitaria,Chile,4 años,2026-05-08,https://salcobrand.trabajando.cl/trabajo-empleo/coordinador-a-asesoria-experta/trabajo/6107261,"Si te gustan los desafíos, eres una...","Si te gustan los desafíos, eres una persona proactiva, autónoma, con altos niveles de organización, trabajas colaborativamente y sientes que eres capaz de promover un excelente clima laboral con los más altos estándares de calidad y excelencia, ¡Empresas SB es el lugar indicado para ti!
Nos encontramos en búsqueda de profesional para el cargo de Coordinador/a Asesoría Experta.
¿Cuál será tu desafío en este cargo?
Desarrollar y gestionar el plan estratégico para lograr una asesoría experta en categorías core, articulando un plan integral desde la identificación de contenidos relevantes, desarrollo de recursos formativos y correcta implementación con el objetivo de impactar positivamente en el proceso de atención permitiendo a los vendedores desplegar una asesoría de alto nivel fortaleciendo la experiencia que viven los clientes.
¿Qué harás en tu día a día?
Diseñar, desarrollar y gestionar planes de formación para categorías core, integrando contenidos técnicos, técnicas de venta y habilidades de servicio/atención.
Planificar y coordinar el calendario anual del programa formativo: Escuela Preunic.
Articular acciones formativas con proveedores comerciales definidos por acuerdo comercial Generar crecimiento sostenido de las categorías.
Velar por el desarrollo de distintos recursos formativos, acordes a los desafíos del negocio Promover innovación y la adherencia por medio.
En Preunic nos caracterizamos por ser una empresa que fomenta e impulsa el valor de equipos de trabajos diversos, aceptando el sello propio de cada persona, facilitando así ambientes laborales inclusivos, según la Ley 21.015, ¡Súmate y sé parte de nuestra organización!",1,"Título de Ing. en Adm. de Empresas , Gestión de personas, RRHH, Marketing, Publicidad, estética integral o carreras afín.
Al menos 3 años labores de coordinación de procesos formativos o procesos de capacitación/entrenamiento de equipos de trabajo.
Dominio de Procesos de Formación, mecánicas e-learning.
Manejo de herramientas G-suite o Microsoft Office y plataformas de diseño instruccional."
Consultor/a MakeUp - Capilar Full Time Punta Arenas,Otra Área,"Punta Arenas, Magallanes y Antártica Chilena",Punta Arenas,Magallanes y Antártica Chilena,2026-07-29,6107116,salcobrand,2026-07-29,2026-08-06,0.3235,Vendedor,Jornada Completa,Salcobrand,Media,Chile,,2026-05-08,https://salcobrand.trabajando.cl/trabajo-empleo/consultor-a-makeup-capilar-full-time-punta-arenas/trabajo/6107116,¿Eres el tipo de persona a quien sus...,"¿Eres el tipo de persona a quien sus conocidos le consultan por productos de cuidado personal? ¿Te gusta el maquillaje y te gustaría conocer los productos que tenemos en Salcobrand ¡Entonces, este cargo es para tí!
Como Consultor/a MakeUp - Capilar esperamos de ti que puedas guiar y aconsejar a nuestros/as clientes/as sobre productos de cuidado personal y belleza (skincare, maquillaje, tipos de piel, tendencias), cuidando la estética del espacio de trabajo, potenciando las grandes marcas con las que trabajamos.
¡No te pierdas la oportunidad de postular a una empresa inclusiva, diversa e innovadora, en la que podrás capacitarte, crecer y optar a múltiples beneficios !
En Salcobrand nos caracterizamos por ser una empresa que fomenta e impulsa el valor de equipos de trabajos diversos, aceptando el sello propio de cada persona, facilitando así ambientes laborales inclusivos, según la Ley 21.015, ¡Súmate y sé parte de nuestra organización!",1,"¿Qué necesitas para postular?
Tener algún estudio, curso o  capacitación en el área de la belleza
Tener experiencia en ventas y atención al cliente
Te acomodan los turnos rotativos."
Dermoconsejero/a Multifunción Full Time - San Felipe (Lic Prolongada) ,Otra Área,"San Felipe, Valparaíso",San Felipe,Valparaíso,2026-07-29,6107115,salcobrand,2026-07-29,2026-08-06,0.2909,Vendedor,Jornada Completa,Salcobrand,Media,Chile,,2026-05-08,https://salcobrand.trabajando.cl/trabajo-empleo/dermoconsejero-a-multifuncion-full-time-san-felipe-lic-prolongada/trabajo/6107115,"Si el cuidado de la piel es tu pasión,...","Si el cuidado de la piel es tu pasión, aconsejar u orientar a quienes te rodean es parte de tu día a día y además estás actualizado/a con la diversidad de productos acordes a los tipos de piel ¡Salcobrand es el lugar indicado para ti 💙 !
Como dermoconsejera/o queremos que puedas guiar y aconsejar a nuestros/as cliente/s sobre productos de skincare, tipos de piel y/o cuidado personal, velando siempre por la estética del espacio de trabajo y potenciando las grandes marcas dermocosméticas con las que trabajamos.
En Salcobrand nos caracterizamos por ser una empresa que fomenta e impulsa el valor de equipos de trabajos diversos, aceptando el sello propio de cada persona, facilitando así ambientes laborales inclusivos, según la Ley 21.015, ¡Súmate y sé parte de nuestra organización!",1,"¿Qué necesitas para postular?
Tener algún estudio, curso o capacitación en el área de cosmetología y/o estética
Tener experiencia en ventas y atención al cliente
Te acomodan los turnos rotativos."
Químico(a) Farmacéutico(a) Part Time  - Vitacura,Otra Área,"Vitacura, Metropolitana de Santiago",Vitacura,Metropolitana de Santiago,2026-07-29,6107335,salcobrand,2026-07-29,2026-07-31,0.3974,Jefe Área/Sección/Depto./Local,Part Time,Salcobrand,Universitaria,Chile,,2026-05-08,https://salcobrand.trabajando.cl/trabajo-empleo/quimico-a-farmaceutico-a-part-time-vitacura/trabajo/6107335,¿Te motiva trabajar en equipo y asumir...,"¿Te motiva trabajar en equipo y asumir nuevos desafíos?
En Salcobrand nos encontramos en búsqueda de Químicos(as) Farmacéuticos(as) 🧖🏻💙para asumir un rol clave tanto en la gestión del equipo como en la excelencia operacional, con impacto directo en la experiencia de nuestros clientes y en el cumplimiento de los objetivos del negocio.
¿Cuál será tu propósito en este cargo?
Serás responsable de liderar y gestionar al equipo de trabajo, velando por el cumplimiento de las metas comerciales y operacionales del local. Asimismo, deberás garantizar una atención de excelencia, promoviendo una experiencia de compra memorable y fortaleciendo la fidelización de nuestros clientes.
Tenemos para ti los siguientes beneficios:
·        Asignación de bonos en fechas especiales.
·        Programas de formación permanente.
·        Programas de reconocimiento.
·        Celebraciones, sorteos con entretenidos premios y eventos.
·        Otros beneficios.
En Salcobrand nos caracterizamos por ser una empresa que fomenta e impulsa el valor de equipos de trabajos diversos, aceptando el sello propio de cada persona, facilitando así ambientes laborales inclusivos, según la Ley 21.015.
Postula con nosotros y sé parte de una organización comprometida con la salud, donde tu rol marca una real diferencia en la comunidad.",1,"Título en Química y Farmacia.
Conocimiento en Ley de fármacos, Legislación Farmacéutica y Legislación Laboral básica.
Disponibilidad para trabajar domingos y festivos."
Auxiliar de Farmacia Integral - Lo Barnechea ,Otra Área,"Lo Barnechea, Metropolitana de Santiago",Lo Barnechea,Metropolitana de Santiago,2026-07-28,6106628,salcobrand,2026-07-28,2026-08-06,0.3885,Técnico,Jornada Completa,Salcobrand,Técnico profesional superior,Chile,,2026-08-16,https://salcobrand.trabajando.cl/trabajo-empleo/auxiliar-de-farmacia-integral-lo-barnechea/trabajo/6106628,"¿Te gusta ayudar a las personas, te...","¿Te gusta ayudar a las personas, te preocupas por entregar una buena atención y crees que tu trabajo puede marcar una diferencia en el día a día de los clientes?
Entonces esta oportunidad puede ser para ti.
En Salcobrand💙 estamos buscando Auxiliares de Farmacia Integral con vocación de servicio y ganas de sumarse a un equipo comprometido con el bienestar de las personas.
¿Qué harás en este rol👩 👨 ?
Atender y asesorar a los clientes en la compra de fármacos y productos de consumo masivo.
Entregar una atención cercana y de calidad, fomentando la confianza y fidelización.
Realizar cuadratura de caja.
Revisar la vigencia de los medicamentos.
Mantener el orden, limpieza, etiquetado y correcta exhibición de los productos en sala.
¿Qué te ofrecemos?
Asignación de bonos en fechas especiales.
Programas de formación permanente.
Programas de reconocimiento.
Celebraciones, sorteos con entretenidos premios y eventos.
Otros beneficios.
En Salcobrand nos caracterizamos por ser una empresa que fomenta e impulsa el valor de equipos de trabajos diversos, aceptando el sello propio de cada persona, facilitando así ambientes laborales inclusivos, según la Ley 21.015, ¡Súmate y sé parte de nuestra organización!
¡Súmate a Salcobrand!",1,"📋¿Qué necesitamos de ti?
Contar con alguna de las siguientes certificaciones:
Carnet o certificado de Auxiliar de Farmacia.
Carnet de Auxiliar Paramédico de Farmacia.
Título de Nivel Superior en Farmacia.
Disponibilidad para jornada completa y turnos rotativos (42 hrs semanales)"
Asesor/a Bienestar Vitaminas y Suplementos Multifunción - Calama ,Otra Área,"Calama, Antofagasta",Calama,Antofagasta,2026-07-28,6106780,salcobrand,2026-07-28,2026-08-05,0.366,Vendedor,Jornada Completa,Salcobrand,Universitaria,Chile,1 años,2026-04-08,https://salcobrand.trabajando.cl/trabajo-empleo/asesor-a-bienestar-vitaminas-y-suplementos-multifuncion-calama/trabajo/6106780,"En Salcobrand 💙, nuestra gente es...","En Salcobrand 💙, nuestra gente es nuestro mayor activo; trabajamos para crear un entorno que celebre tanto a nuestros empleados como la diversidad de habilidades, orígenes y experiencias vitales dentro de nuestro lugar de trabajo.
Hoy nos encontramos en búsqueda de profesionales para el cargo de Asesor/a Bienestar Vitaminas y Suplementos Multifunción.
¿Cuál será tu desafío en este cargo?
Asesorar a los clientes Salcobrand de manera personalizada y en base a necesidades de compra y experiencia/conocimientos adquiridos.
Brindar respuesta frente a dudas y/o consultas de productos de categoría Vitaminas y Suplementos.
Entregar información a Vendedores Salcobrand para contribuir a la mejor experiencia de compra de clientes.
En Salcobrand nos caracterizamos por ser una empresa que fomenta e impulsa el valor de equipos de trabajos diversos, aceptando el sello propio de cada persona, facilitando así ambientes laborales inclusivos, según la Ley 21.015, ¡Súmate y sé parte de nuestra organización! 😉",1,"¿Qué necesitas para postular?
Experiencia de 1 año trabajado en atención y servicio a clientes.
Disponibilidad para trabajar en turnos rotativos (5x2 y 6x1).
Experiencia/Conocimientos en suplementación y vida saludable."
Consultor/a Cosmética Coreana 30 hrs Part Time - Preunic Costanera Center,Otra Área,"Providencia, Metropolitana de Santiago",Providencia,Metropolitana de Santiago,2026-07-28,6106766,salcobrand,2026-07-28,2026-08-05,0.3484,Vendedor,Part Time,Preunic,Media,Chile,1 años,2026-04-08,https://salcobrand.trabajando.cl/trabajo-empleo/consultor-a-cosmetica-coreana-30-hrs-part-time-preunic-costanera-center/trabajo/6106766,El equipo Preunic Mall Costanera Center...,"El equipo Preunic Mall Costanera Center reconocido como la Empresa N°1 en Perfumería quiere contar contigo y todas tus ganas de aprender😁.
Deseamos que puedas orientar y asesorar a quienes nos visitan sobre productos de Belleza y Cuidado Personal de Cosmética Coreana (Maquillaje, Tipos de Piel y Tendencias)💄, interpretando sus necesidades y acompañándolo a hacer click con las grandes marcas que trabajamos.
Si lo anterior te describe y además tienes experiencia en ventas y atención al cliente, conoces sobre el área cosmética y de cuidado personal y te acomoda jornada Part Time (30 horas) con turnos rotativos (5x2 y 6x1) ¡Queremos conocerte! 👀.
En Empresas SB nos caracterizamos por ser una empresa que fomenta e impulsa el valor de equipos de trabajos diversos, aceptando el sello propio de cada persona, facilitando así ambientes laborales inclusivos, según la Ley 21.015, ¡No te pierdas la oportunidad de postular y ser parte de nuestra organización!",1,"Disponibilidad para trabajar Part Time (30 horas) con turnos rotativos (5x2 y 6x1) en PROVIDENCIA.
Cumplir con mayoría de edad.
Experiencia y conocimientos comprobable en maquillaje/cosmética"
Químico(a) Farmacéutico(a) Part Time  - Viña del Mar,Otra Área,"Viña del Mar, Valparaíso",Viña del Mar,Valparaíso,2026-07-28,6106540,salcobrand,2026-07-28,2026-08-04,0.4145,Jefe Área/Sección/Depto./Local,Part Time,Salcobrand,Universitaria,Chile,,2026-04-08,https://salcobrand.trabajando.cl/trabajo-empleo/quimico-a-farmaceutico-a-part-time-vina-del-mar/trabajo/6106540,¿Te motiva trabajar en equipo y asumir...,"¿Te motiva trabajar en equipo y asumir nuevos desafíos?
En Salcobrand nos encontramos en búsqueda de Químicos(as) Farmacéuticos(as) 🧖🏻💙para asumir un rol clave tanto en la gestión del equipo como en la excelencia operacional, con impacto directo en la experiencia de nuestros clientes y en el cumplimiento de los objetivos del negocio.
¿Cuál será tu propósito en este cargo?
Serás responsable de liderar y gestionar al equipo de trabajo, velando por el cumplimiento de las metas comerciales y operacionales del local. Asimismo, deberás garantizar una atención de excelencia, promoviendo una experiencia de compra memorable y fortaleciendo la fidelización de nuestros clientes.
Tenemos para ti los siguientes beneficios:
·        Asignación de bonos en fechas especiales.
·        Programas de formación permanente.
·        Programas de reconocimiento.
·        Celebraciones, sorteos con entretenidos premios y eventos.
·        Otros beneficios.
En Salcobrand nos caracterizamos por ser una empresa que fomenta e impulsa el valor de equipos de trabajos diversos, aceptando el sello propio de cada persona, facilitando así ambientes laborales inclusivos, según la Ley 21.015.
Postula con nosotros y sé parte de una organización comprometida con la salud, donde tu rol marca una real diferencia en la comunidad.",1,"Título en Química y Farmacia.
Conocimiento en Ley de fármacos, Legislación Farmacéutica y Legislación Laboral básica.
Disponibilidad para trabajar domingos y festivos."
Químico(a) Farmacéutico(a) Full Time - San Felipe,Otra Área,"San Felipe, Valparaíso",San Felipe,Valparaíso,2026-07-28,6106535,salcobrand,2026-07-28,2026-08-04,0.3983,Jefe Área/Sección/Depto./Local,Por Turnos,Salcobrand,Universitaria,Chile,,2026-04-08,https://salcobrand.trabajando.cl/trabajo-empleo/quimico-a-farmaceutico-a-full-time-san-felipe/trabajo/6106535,¿Te motiva trabajar en equipo y asumir...,"¿Te motiva trabajar en equipo y asumir nuevos desafíos?
En Salcobrand nos encontramos en búsqueda de Químicos(as) Farmacéuticos(as) 🧖🏻💙para asumir un rol clave tanto en la gestión del equipo como en la excelencia operacional, con impacto directo en la experiencia de nuestros clientes y en el cumplimiento de los objetivos del negocio.
¿Cuál será tu propósito en este cargo?
Serás responsable de liderar y gestionar al equipo de trabajo, velando por el cumplimiento de las metas comerciales y operacionales del local. Asimismo, deberás garantizar una atención de excelencia, promoviendo una experiencia de compra memorable y fortaleciendo la fidelización de nuestros clientes.
Tenemos para ti los siguientes beneficios:
·        Asignación de bonos en fechas especiales.
·        Programas de formación permanente.
·        Programas de reconocimiento.
·        Celebraciones, sorteos con entretenidos premios y eventos.
·        Otros beneficios.
En Salcobrand nos caracterizamos por ser una empresa que fomenta e impulsa el valor de equipos de trabajos diversos, aceptando el sello propio de cada persona, facilitando así ambientes laborales inclusivos, según la Ley 21.015.
Postula con nosotros y sé parte de una organización comprometida con la salud, donde tu rol marca una real diferencia en la comunidad.",1,"Título en Química y Farmacia.
Conocimiento en Ley de fármacos, Legislación Farmacéutica y Legislación Laboral básica.
Disponibilidad para trabajar turnos rotativos 6x1."
Químico(a) Farmacéutico(a) Full Time - Viña del Mar,Otra Área,"Viña del Mar, Valparaíso",Viña del Mar,Valparaíso,2026-07-28,6106533,salcobrand,2026-07-28,2026-07-31,0.4014,Jefe Área/Sección/Depto./Local,Por Turnos,Salcobrand,Universitaria,Chile,,2026-04-08,https://salcobrand.trabajando.cl/trabajo-empleo/quimico-a-farmaceutico-a-full-time-vina-del-mar/trabajo/6106533,¿Te motiva trabajar en equipo y asumir...,"¿Te motiva trabajar en equipo y asumir nuevos desafíos?
En Salcobrand nos encontramos en búsqueda de Químicos(as) Farmacéuticos(as) 🧖🏻💙para asumir un rol clave tanto en la gestión del equipo como en la excelencia operacional, con impacto directo en la experiencia de nuestros clientes y en el cumplimiento de los objetivos del negocio.
¿Cuál será tu propósito en este cargo?
Serás responsable de liderar y gestionar al equipo de trabajo, velando por el cumplimiento de las metas comerciales y operacionales del local. Asimismo, deberás garantizar una atención de excelencia, promoviendo una experiencia de compra memorable y fortaleciendo la fidelización de nuestros clientes.
Tenemos para ti los siguientes beneficios:
·        Asignación de bonos en fechas especiales.
·        Programas de formación permanente.
·        Programas de reconocimiento.
·        Celebraciones, sorteos con entretenidos premios y eventos.
·        Otros beneficios.
En Salcobrand nos caracterizamos por ser una empresa que fomenta e impulsa el valor de equipos de trabajos diversos, aceptando el sello propio de cada persona, facilitando así ambientes laborales inclusivos, según la Ley 21.015.
Postula con nosotros y sé parte de una organización comprometida con la salud, donde tu rol marca una real diferencia en la comunidad.",1,"Título en Química y Farmacia.
Conocimiento en Ley de fármacos, Legislación Farmacéutica y Legislación Laboral básica.
Disponibilidad para trabajar turnos rotativos 6x1."
Auxiliar de Farmacia Integral (Licencia prolongada) - Osorno,Otra Área,"Osorno, Los Lagos",Osorno,Los Lagos,2026-07-28,6106634,salcobrand,2026-07-28,2026-07-30,0.3531,Técnico,Jornada Completa,Salcobrand,Técnico profesional superior,Chile,,2026-08-16,https://salcobrand.trabajando.cl/trabajo-empleo/auxiliar-de-farmacia-integral-licencia-prolongada-osorno/trabajo/6106634,"¿Te gusta ayudar a las personas, te...","¿Te gusta ayudar a las personas, te preocupas por entregar una buena atención y crees que tu trabajo puede marcar una diferencia en el día a día de los clientes?
Entonces esta oportunidad puede ser para ti.
En Salcobrand💙 estamos buscando Auxiliares de Farmacia Integral con vocación de servicio y ganas de sumarse a un equipo comprometido con el bienestar de las personas.
¿Qué harás en este rol👩 👨 ?
Atender y asesorar a los clientes en la compra de fármacos y productos de consumo masivo.
Entregar una atención cercana y de calidad, fomentando la confianza y fidelización.
Realizar cuadratura de caja.
Revisar la vigencia de los medicamentos.
Mantener el orden, limpieza, etiquetado y correcta exhibición de los productos en sala.
¿Qué te ofrecemos?
Asignación de bonos en fechas especiales.
Programas de formación permanente.
Programas de reconocimiento.
Celebraciones, sorteos con entretenidos premios y eventos.
Otros beneficios.
En Salcobrand nos caracterizamos por ser una empresa que fomenta e impulsa el valor de equipos de trabajos diversos, aceptando el sello propio de cada persona, facilitando así ambientes laborales inclusivos, según la Ley 21.015, ¡Súmate y sé parte de nuestra organización!
¡Súmate a Salcobrand!",1,"📋¿Qué necesitamos de ti?
Contar con alguna de las siguientes certificaciones:
Carnet o certificado de Auxiliar de Farmacia.
Carnet de Auxiliar Paramédico de Farmacia.
Título de Nivel Superior en Farmacia.
Disponibilidad para jornada completa y turnos rotativos (42 hrs semanales)"
Dermoconsejero/a Multifunción Full Time -  Valdivia,Otra Área,"Valdivia, Los Ríos",Valdivia,Los Ríos,2026-07-27,6106359,salcobrand,2026-07-27,2026-08-04,0.2728,Vendedor,Jornada Completa,Salcobrand,Media,Chile,,2026-03-08,https://salcobrand.trabajando.cl/trabajo-empleo/dermoconsejero-a-multifuncion-full-time-valdivia/trabajo/6106359,"Si el cuidado de la piel es tu pasión,...","Si el cuidado de la piel es tu pasión, aconsejar u orientar a quienes te rodean es parte de tu día a día y además estás actualizado/a con la diversidad de productos acordes a los tipos de piel ¡Salcobrand es el lugar indicado para ti 💙 !
Como dermoconsejera/o queremos que puedas guiar y aconsejar a nuestros/as cliente/s sobre productos de skincare, tipos de piel y/o cuidado personal, velando siempre por la estética del espacio de trabajo y potenciando las grandes marcas dermocosméticas con las que trabajamos.
En Salcobrand nos caracterizamos por ser una empresa que fomenta e impulsa el valor de equipos de trabajos diversos, aceptando el sello propio de cada persona, facilitando así ambientes laborales inclusivos, según la Ley 21.015, ¡Súmate y sé parte de nuestra organización!",1,"¿Qué necesitas para postular?
Tener algún estudio, curso o capacitación en el área de cosmetología y/o estética
Tener experiencia en ventas y atención al cliente
Te acomodan los turnos rotativos."
Ingeniero/a de Software IA,Otra Área,"San Bernardo, Metropolitana de Santiago",San Bernardo,Metropolitana de Santiago,2026-07-27,6106285,salcobrand,2026-07-27,2026-08-04,0.4491,Ingeniero,Mixta (Teletrabajo + Presencial),Empresas SB,Universitaria,Chile,3 años,2026-03-08,https://salcobrand.trabajando.cl/trabajo-empleo/ingeniero-a-de-software-ia/trabajo/6106285,"Si te gustan los desafíos, eres una...","Si te gustan los desafíos, eres una persona proactiva, autónoma, con altos niveles de organización, trabajas colaborativamente y sientes que eres capaz de promover un excelente clima laboral con los más altos estándares de calidad y excelencia, ¡Empresas SB es el lugar indicado para ti!
Nos encontramos en búsqueda de profesional para el cargo de Ingeniero/a de Software IA.
¿Cuál será tu desafío en este cargo?
Orquestar e implementar capacidades agénticas para el desarrollo de soluciones, interactuando de manera continua con los agentes de IA para validar los resultados del código generado dentro de los flujos de trabajo automatizados.
Tus principales funciones:
Construir y documentar herramientas (APIs, funciones) para los agentes.
Diseñar Instrucciones y Prompts en el flujo de trabajo. Escribir, optimizar y versionar las instrucciones (prompts) de los agentes.
Auditar la &quot;cadena de razonamiento de los agentes.
Diseñar e implementar estrategias basadas en especificaciones.
Investigar, explorar y adoptar nuevas herramientas.
En Empresas SB nos caracterizamos por ser una empresa que fomenta e impulsa el valor de equipos de trabajos diversos, aceptando el sello propio de cada persona, facilitando así ambientes laborales inclusivos, según la Ley 21.015, ¡Súmate y sé parte de nuestra organización!",1,"Título universitario de Ing. en Informatica o carrera afín, con especialidad en nube pública (OCI, GCP, AWS, Azure) e IA (deseable).
Manejo de ""prompt engineering"".
Dominio de plataformas de observabilidad agéntica e interpretación de context graphs."
Jefe de Sala Full Time - Colina,Otra Área,"Colina, Metropolitana de Santiago",Colina,Metropolitana de Santiago,2026-07-27,6106260,salcobrand,2026-07-27,2026-08-04,0.3751,Asistente,Jornada Completa,Salcobrand,Media,Chile,,2026-03-08,https://salcobrand.trabajando.cl/trabajo-empleo/jefe-de-sala-full-time-colina/trabajo/6106260,Salcobrand es una de las principales...,"Salcobrand es una de las principales cadenas farmacéuticas de Chile y estamos en búsqueda de una persona para el cargo de Jefe/a de Sala para trabajar en conjunto con el Jefe/a de Local.
¿Qué tendrás que hacer en este cargo?
Asegurar el cumplimento de las funciones del asistente de sala con el fin de mantener una fluida comunicación con el Jefe/a de local teniendo como foco principal movilizar a través de los asistentes de sala, la correcta implementación de planogramas y exhibiciones comerciales, uso de plataformas digitales, recepción, revisión y reposición oportuna de la mercadería.
En Salcobrand nos caracterizamos por ser una empresa que fomenta e impulsa el valor de equipos de trabajos diversos, aceptando el sello propio de cada persona, facilitando así ambientes laborales inclusivos, según la Ley 21.015, ¡Súmate y sé parte de nuestra organización!",1,"¿Qué necesitas para postular?
· Certificado de enseñanza media.
· Manejo de plataformas digitales (ERP - PDA)
· Manejo de office intermedio.
Algunos beneficios que tenemos para ti:
· Programas de reconocimiento.
· Celebraciones y sorteos con entretenidos premios.
· Días libres.
· Convenios.
· Otros beneficios.
¡Súmate, y sé parte de Salcobrand!"
Bodegueros/as Full Time - Manuel Montt (Reemplazo Licencia),Otra Área,"Providencia, Metropolitana de Santiago",Providencia,Metropolitana de Santiago,2026-07-27,6106229,salcobrand,2026-07-27,2026-08-04,0.4144,Asistente,Jornada Completa,Preunic,Media,Chile,1 años,2026-03-08,https://salcobrand.trabajando.cl/trabajo-empleo/bodegueros-as-full-time-manuel-montt-reemplazo-licencia/trabajo/6106229,En Empresas SB Preunic nos encontramos...,"En Empresas SB Preunic nos encontramos en búsqueda de Bodegueros/as para trabajar en nuestra sucursal de Manuel Montt.
La misión de este cargo será encargarse del orden, mantención y reposición de la sala y bodega de la tienda; con el fin de facilitar la labor de ventas al mantener el stock de productos en sala y cuidar de la seguridad de los clientes al interior del local.
En Empresas SB nos caracterizamos por ser una empresa que fomenta e impulsa el valor de equipos de trabajos diversos, aceptando el sello propio de cada persona, facilitando así ambientes laborales inclusivos, según la Ley 21.015, ¡No te pierdas la oportunidad de postular y ser parte de nuestra organización!
¡No te pierdas la oportunidad de postular a una empresa inclusiva, diversa e innovadora, en la que podrás capacitarte, crecer y optar a múltiples beneficios!",1,"Requisitos:
Disponibilidad para trabajar en turnos rotativas
Cumplir con mayoría de edad
Tener enseñanza media completa"
SkinExpert Belleza 30 hrs Part Time - Preunic Chillán,Otra Área,"Chillán, Ñuble",Chillán,Ñuble,2026-07-27,6106193,salcobrand,2026-07-27,2026-08-04,0.2816,Vendedor,Part Time,Preunic,Media,Chile,,2026-03-08,https://salcobrand.trabajando.cl/trabajo-empleo/skinexpert-belleza-30-hrs-part-time-preunic-chillan/trabajo/6106193,El equipo de nuestra nueva tienda en...,"El equipo de nuestra nueva tienda en Preunic Chillán reconocido como la Empresa N° 1 en Perfumería quiere contar contigo y todas tus ganas de aprender.
Como SkinExpert, deseamos que puedas orientar y asesorar a quienes nos visitan sobre productos de Belleza y Cuidado Personal (Maquillaje, Tipos de Piel y Tendencias), interpretando sus necesidades y acompañándolo a hacer click con las grandes marcas que trabajamos.
Si lo anterior te describe y además tienes experiencia en ventas y atención al cliente, tienes conocimientos sobre el área cosmética, dermatología y de cuidado personal y te acomodan jornada Part-Time (30 horas) con turnos rotativos de lunes a Domingo ¡Queremos conocerte!
En Empresas SB nos caracterizamos por ser una empresa que fomenta e impulsa el valor de equipos de trabajos diversos, aceptando el sello propio de cada persona, facilitando así ambientes laborales inclusivos, según la Ley 21.015, ¡No te pierdas la oportunidad de postular y ser parte de nuestra organización!",1,"- Experiencia en venta y/o atención al cliente
- Contar con título de Cosmetología/Estética Integral o cursos en piel, o experiencia en dermocosmética (comprobable)
- Disponibilidad para trabajar en jornada Part-Time (30 horas) con turnos rotativos de lunes a Domingo"
SkinExpert Belleza 30 hrs Part Time - Preunic Los Ángeles,Otra Área,"Los Ángeles, Biobío",Los Ángeles,Biobío,2026-07-27,6106190,salcobrand,2026-07-27,2026-08-04,0.302,Vendedor,Part Time,Preunic,Media,Chile,,2026-03-08,https://salcobrand.trabajando.cl/trabajo-empleo/skinexpert-belleza-30-hrs-part-time-preunic-los-angeles/trabajo/6106190,El equipo de nuestra nueva tienda en...,"El equipo de nuestra nueva tienda en Preunic Los Ángeles reconocido como la Empresa N° 1 en Perfumería quiere contar contigo y todas tus ganas de aprender.
Como SkinExpert, deseamos que puedas orientar y asesorar a quienes nos visitan sobre productos de Belleza y Cuidado Personal (Maquillaje, Tipos de Piel y Tendencias), interpretando sus necesidades y acompañándolo a hacer click con las grandes marcas que trabajamos.
Si lo anterior te describe y además tienes experiencia en ventas y atención al cliente, tienes conocimientos sobre el área cosmética, dermatología y de cuidado personal y te acomodan jornada Part-Time (30 horas) con turnos rotativos de lunes a Domingo ¡Queremos conocerte!
En Empresas SB nos caracterizamos por ser una empresa que fomenta e impulsa el valor de equipos de trabajos diversos, aceptando el sello propio de cada persona, facilitando así ambientes laborales inclusivos, según la Ley 21.015, ¡No te pierdas la oportunidad de postular y ser parte de nuestra organización!",1,"- Experiencia en venta y/o atención al cliente
- Contar con título de Cosmetología/Estética Integral o cursos en piel, o experiencia en dermocosmética (comprobable)
- Disponibilidad para trabajar en jornada Part-Time (30 horas) con turnos rotativos de lunes a Domingo"
Consultor/a MakeUp - Capilar Full Time Alto Hospicio,Otra Área,"Alto Hospicio, Tarapacá",Alto Hospicio,Tarapacá,2026-07-27,6106070,salcobrand,2026-07-27,2026-08-04,0.2908,Vendedor,Jornada Completa,Salcobrand,Media,Chile,,2026-03-08,https://salcobrand.trabajando.cl/trabajo-empleo/consultor-a-makeup-capilar-full-time-alto-hospicio/trabajo/6106070,¿Eres el tipo de persona a quien sus...,"¿Eres el tipo de persona a quien sus conocidos le consultan por productos de cuidado personal? ¿Te gusta el maquillaje y te gustaría conocer los productos que tenemos en Salcobrand ¡Entonces, este cargo es para tí!
Como Consultor/a MakeUp - Capilar esperamos de ti que puedas guiar y aconsejar a nuestros/as clientes/as sobre productos de cuidado personal y belleza (skincare, maquillaje, tipos de piel, tendencias), cuidando la estética del espacio de trabajo, potenciando las grandes marcas con las que trabajamos.
¡No te pierdas la oportunidad de postular a una empresa inclusiva, diversa e innovadora, en la que podrás capacitarte, crecer y optar a múltiples beneficios !
En Salcobrand nos caracterizamos por ser una empresa que fomenta e impulsa el valor de equipos de trabajos diversos, aceptando el sello propio de cada persona, facilitando así ambientes laborales inclusivos, según la Ley 21.015, ¡Súmate y sé parte de nuestra organización!",1,"¿Qué necesitas para postular?
Tener algún estudio, curso o  capacitación en el área de la belleza
Tener experiencia en ventas y atención al cliente
Te acomodan los turnos rotativos."
Consultor/a MakeUp - Capilar Full Time Antofagasta,Otra Área,"Antofagasta, Antofagasta",Antofagasta,Antofagasta,2026-07-27,6106069,salcobrand,2026-07-27,2026-08-04,0.2886,Vendedor,Jornada Completa,Salcobrand,Media,Chile,,2026-03-08,https://salcobrand.trabajando.cl/trabajo-empleo/consultor-a-makeup-capilar-full-time-antofagasta/trabajo/6106069,¿Eres el tipo de persona a quien sus...,"¿Eres el tipo de persona a quien sus conocidos le consultan por productos de cuidado personal? ¿Te gusta el maquillaje y te gustaría conocer los productos que tenemos en Salcobrand ¡Entonces, este cargo es para tí!
Como Consultor/a MakeUp - Capilar esperamos de ti que puedas guiar y aconsejar a nuestros/as clientes/as sobre productos de cuidado personal y belleza (skincare, maquillaje, tipos de piel, tendencias), cuidando la estética del espacio de trabajo, potenciando las grandes marcas con las que trabajamos.
¡No te pierdas la oportunidad de postular a una empresa inclusiva, diversa e innovadora, en la que podrás capacitarte, crecer y optar a múltiples beneficios !
En Salcobrand nos caracterizamos por ser una empresa que fomenta e impulsa el valor de equipos de trabajos diversos, aceptando el sello propio de cada persona, facilitando así ambientes laborales inclusivos, según la Ley 21.015, ¡Súmate y sé parte de nuestra organización!",1,"¿Qué necesitas para postular?
Tener algún estudio, curso o  capacitación en el área de la belleza
Tener experiencia en ventas y atención al cliente
Te acomodan los turnos rotativos."
Product Manager de Alianzas y Convenios,Otra Área,"Providencia, Metropolitana de Santiago",Providencia,Metropolitana de Santiago,2026-07-27,6106102,salcobrand,2026-07-27,2026-08-03,0.4308,Analista,Mixta (Teletrabajo + Presencial),Pharma Benefits,Universitaria,Chile,3 años,2026-02-08,https://salcobrand.trabajando.cl/trabajo-empleo/product-manager-de-alianzas-y-convenios/trabajo/6106102,¿Te motiva liderar negociaciones de...,"¿Te motiva liderar negociaciones de alto impacto y gestionar alianzas con grandes marcas e instituciones? En Empresas SB buscamos a nuestro/a próximo/a Product Manager de Alianzas y Convenios para la Gerencia de Pharma Benefits. Tu desafío principal será potenciar la propuesta de valor de la compañía, acelerando el crecimiento y la rentabilidad de nuestra cartera de grandes clientes.
🎯 Tu misión en el equipo
Liderar la estrategia comercial de convenios y alianzas de la compañía. Serás el/la responsable directo/a de construir relaciones a largo plazo con socios estratégicos (como Fonasa, Caja Los Andes, Isapres y más), asegurar el éxito de su implementación operativa, monitorear los KPIs del negocio y activar planes de fidelización que maximicen las ventas.
📌 Desafíos clave
Crecimiento Comercial: Coordinar y ejecutar campañas comerciales estratégicas (Farma y Consumo) comprometidas con las cuentas a cargo.
Control de KPIs: Monitorear permanentemente el comportamiento de las ventas y márgenes para asegurar convenios altamente rentables.
Fidelización y Marketing: Liderar planes de fidelización junto al equipo de Marketing para potenciar el retorno de clientes y el engagement.
Innovación en Productos: Desarrollar y optimizar nuevos modelos de negocio, como ""Convenios Capitados"", incrementando los ingresos del área.
En Empresas SB fomentamos e impulsamos el valor de equipos de trabajos diversos, aceptando el sello propio de cada persona y facilitando ambientes laborales inclusivos bajo la Ley 21.015. ¡Te invitamos a ser parte de nuestra organización!",1,"🎓 ¿Qué buscamos en ti?
Título de Ingeniería Comercial o carrera afín (mínimo 5 años de estudios).
Desde 5 años de experiencia gestionando carteras de grandes clientes, desarrollo de alianzas estratégicas y negociación B2B.
ADN analítico con experiencia en revisión de presupuestos, proyecciones de venta e indicadores comerciales.
Deseable experiencia previa en industrias de salud, seguros, beneficios, retail o laboratorios."
Jefe área Operaciones - Turno nocturno,Otra Área,"Santiago, Metropolitana de Santiago",Santiago,Metropolitana de Santiago,2026-07-27,6106108,salcobrand,2026-07-27,2026-08-03,0.3574,Jefe Área/Sección/Depto./Local,Jornada Completa,Salcobrand,Universitaria,Chile,3 años,2026-02-08,https://salcobrand.trabajando.cl/trabajo-empleo/jefe-area-operaciones-turno-nocturno/trabajo/6106108,En Salcobrand buscamos incorporar a...,"En Salcobrand buscamos incorporar a un Jefe Área Operaciones CD para nuestra Gerencia de Logística. Tu misión será planificar y monitorear de manera estratégica la recepción, almacenamiento y reposición de productos, liderando equipos operacionales para garantizar el nivel de servicio requerido por la compañía y la correcta llegada de productos a nuestros locales.
🎯 Propósito del cargo
Planificar y monitorear estratégicamente la ejecución de la recepción, almacenamiento y reposición de productos SB, asegurando el cumplimiento de las necesidades de los locales Salcobrand y guiando a los equipos para garantizar la continuidad operativa y el nivel de servicio.
📌 Principales funciones
Gestión Operacional: Realizar el seguimiento de la carga de trabajo en el sistema WMS para garantizar el cumplimiento diario de las tareas de recepción y almacenamiento.
Control y Trazabilidad: Administrar los localizadores de tránsito de productos procesados en el CD para asegurar la correcta trazabilidad en los sistemas.
Liderazgo de Equipos: Controlar y guiar a los equipos operacionales de las distintas áreas, asegurando el control de asistencia y el cumplimiento de los objetivos del turno.
Mejora Continua: Implementar eficiencias operacionales orientadas a la optimización de costos y garantizar la calidad de los procesos bajo estándares sanitarios y de seguridad.
Cumplimiento Normativo: Asegurar que el almacenamiento de productos cumpla con las normativas sanitarias vigentes en las zonas declaradas correspondientes.
En Salcobrand fomentamos equipos de trabajo diversos y promovemos ambientes laborales inclusivos, de acuerdo con la Ley 21.015.
¡Súmate y sé parte de una compañía que impacta la vida de millones de personas todos los días!",1,"🎓 Requisitos del cargo
Título profesional de una carrera de 5 años o más (Ingeniería Civil Industrial, Logística o afín).
Desde 5 años de experiencia laboral en operaciones logísticas o centros de distribución.
Manejo de Excel nivel avanzado, conocimiento en SQL (intermedio) y sistemas de administración de almacenes (ERP/WMS).
Experiencia práctica comprobable dirigiendo, guiando y liderando equipos de personas en entornos operativos.
Conocimientos en sistemas de gestión de calidad, control de gestión, y manejo de sustancias y residuos peligrosos.
Disponibilidad para trabajar de manera permanente en Turno Nocturno."
Head Comercial Retail Media,Otra Área,"Providencia, Metropolitana de Santiago",Providencia,Metropolitana de Santiago,2026-07-27,6106111,salcobrand,2026-07-27,2026-08-03,0.4284,Analista,Mixta (Teletrabajo + Presencial),Salcobrand,Universitaria,Chile,5 años,2026-02-08,https://salcobrand.trabajando.cl/trabajo-empleo/head-comercial-retail-media/trabajo/6106111,¿Te apasiona la intersección entre...,"¿Te apasiona la intersección entre el marketing digital, la estrategia comercial y el uso analítico de datos? 📉
En Salcobrand nos encontramos en la búsqueda de nuestro/a próximo/a Head Comercial Retail Media para la Gerencia de Marketing, Estrategia Clientes y Comunicaciones.
📣 Tu misión sera:
Liderar el crecimiento y rentabilidad de nuevas líneas de negocio estratégicas, transformando los activos de la compañía en soluciones comerciales atractivas y escalables para partners y grandes cuentas.
Principales funciones:
Diseñar y ejecutar la estrategia comercial para la captación y fidelización de clientes corporativos y agencias.
Desarrollar y optimizar el portafolio de soluciones comerciales de la compañía.
Liderar y motivar al equipo comercial hacia el cumplimiento de metas de ingresos.
Monitorear la efectividad de los proyectos comerciales implementados mediante analítica de negocio.
En Salcobrand fomentamos e impulsamos el valor de equipos de trabajos diversos, aceptando el sello propio de cada persona y facilitando ambientes laborales inclusivos bajo la Ley 21.015. ¡Te invitamos a ser parte de nuestra organización! 💙",1,"🎓 Requisitos del cargo:
Ingeniería Comercial, Civil, Publicidad o carrera afín.
Mínimo 5-7 años de experiencia laboral, con al menos 3 años liderando equipos comerciales.
Experiencia en gestión de cuentas clave (KAM), trade marketing o desarrollo de negocios B2B."
Supervisor Control de Calidad,Otra Área,"Pudahuel, Metropolitana de Santiago",Pudahuel,Metropolitana de Santiago,2026-07-27,6106110,salcobrand,2026-07-27,2026-08-03,0.3923,Supervisor,En terreno,Medcell,Técnico profesional superior,Chile,2 años,2026-02-08,https://salcobrand.trabajando.cl/trabajo-empleo/supervisor-control-de-calidad/trabajo/6106110,En Medcell nos encontramos en la búsqueda...,"En Medcell nos encontramos en la búsqueda de un Supervisor Control de Calidad para nuestra Subgerencia de Calidad y Desarrollo. Tu misión principal será supervisar y coordinar la ejecución de los procesos operativos del área, liderando directamente a nuestro equipo de inspectores para asegurar el estricto cumplimiento de los procedimientos, estándares normativos y controles definidos por la compañía.
🎯 Propósito del cargo:
Supervisar y coordinar la ejecución de los procesos operativos de Control de Calidad, liderando al equipo de Inspectores de Control de Calidad y asegurando el cumplimiento de los procedimientos, estándares normativos y controles definidos, con el fin de garantizar la correcta liberación, almacenamiento y control de los productos y materias primas.
📌 Principales funciones
- Liderazgo Operativo: Supervisar, coordinar y planificar las labores diarias del equipo de Inspectores de Control de Calidad (6 reportes directos), asegurando los estándares operacionales y el cumplimiento de las metas del área.
- Control de Procesos y Normativa: Controlar los procesos de recepción, muestreo, liberación y análisis documental de productos y materias primas para garantizar el estricto cumplimiento normativo y la trazabilidad del Sistema de Gestión de Calidad.
- Gestión Documental y Correctiva: Supervisar la correcta ejecución de los procedimientos, registros, y coordinar el levantamiento de acciones correctivas o desviaciones con el área de Aseguramiento de Calidad.
- Coordinación Externa y Análisis: Gestionar de forma permanente el envío de muestras a laboratorios externos, administrando la documentación asociada y haciendo seguimiento exhaustivo a sus análisis técnicos.
En Medcell, nos caracterizamos por ser una empresa que fomenta e impulsa el valor de equipos de trabajo diversos, aceptando el sello propio de cada colaborador, facilitando así, ambientes laborales inclusivos, según la Ley 21.015",1,"🎓 Requisitos del cargo
- Título Técnico de Nivel Superior o Profesional afín a las áreas de Calidad, Química, Farmacia o Laboratorio (con estudios avanzados completos).
- Desde 2 años de experiencia laboral en áreas de Control de Calidad, habiendo trabajado estrictamente bajo normas de calidad.
- Experiencia práctica y comprobable liderando, guiando o supervisando equipos de trabajo operativos (deseable manejo de equipos de inspección).
- Sólidos conocimientos demostrables en Normas GMP/GDP, Sistemas de Gestión de Calidad, técnicas de muestreo, liberación de productos, manejo documental y trazabilidad."
Vendor Manager Inventory (VMI),Otra Área,"Santiago, Metropolitana de Santiago",Santiago,Metropolitana de Santiago,2026-07-27,6106114,salcobrand,2026-07-27,2026-08-03,0.4571,Analista,Mixta (Teletrabajo + Presencial),Salcobrand,Universitaria,Chile,2 años,2026-02-08,https://salcobrand.trabajando.cl/trabajo-empleo/vendor-manager-inventory-vmi/trabajo/6106114,En Salcobrand buscamos un/a Vendor...,"En Salcobrand buscamos un/a Vendor Manager Inventory para nuestra Gerencia de Gestión de Inventario. Tu desafío principal será liderar de punta a punta el abastecimiento y la distribución de la cuenta Unilever, asegurando la máxima disponibilidad de productos en todos nuestros canales.
🎯 Propósito
Gestionar el abastecimiento estratégico de consumo masivo (compra y distribución) y liderar la relación con el proveedor, asegurando la continuidad operacional y maximizando las ventas de la categoría.
📌 Principales funciones
Abastecimiento: Planificar la compra y distribución para garantizar el stock correcto en toda la cadena de tiendas y canales digitales.
Control de KPIs: Monitorear y optimizar indicadores clave de la cuenta como Nivel de Servicio (%NS), %Fill Rate y Días de Alcance.
Campañas y Promociones: Coordinar el stock oportuno para lanzamientos, inclusiones y productos promocionales.
Eficiencia de Stock: Controlar el sobrestock y el inventario inmovilizado para optimizar la eficiencia de las bodegas.
En Salcobrand fomentamos e impulsamos el valor de equipos de trabajos diversos, aceptando el sello propio de cada persona y facilitando ambientes laborales inclusivos bajo la Ley 21.015. ¡Te invitamos a ser parte de nuestra organización!",1,"🎓 Requisitos
Título de Ingeniería Civil Industrial, Ingeniería Industrial o Ingeniería Comercial.
Desde 2 años de experiencia en Supply Chain, Gestión de Inventario, Abastecimiento o Retail.
Perfil analítico, con excelentes habilidades de comunicación y negociación con proveedores."
Analista Senior Inteligencia Operacional,Otra Área,"Providencia, Metropolitana de Santiago",Providencia,Metropolitana de Santiago,2026-07-27,6106117,salcobrand,2026-07-27,2026-08-03,0.4021,Analista,Mixta (Teletrabajo + Presencial),Salcobrand,Universitaria,Chile,1 años,2026-02-08,https://salcobrand.trabajando.cl/trabajo-empleo/analista-senior-inteligencia-operacional/trabajo/6106117,En Salcobrand buscamos un/A Analista...,"En Salcobrand buscamos un/A Analista Senior de Inteligencia Operacional para nuestra Gerencia de Estándares y Continuidad Operacional. Tu desafío será cruzar variables comerciales y operacionales para proponer mejoras que maximicen la rentabilidad y aseguren la eficiencia de nuestras tiendas.
🎯 Propósito
Asegurar la integridad y confiabilidad de los datos del canal presencial. Realizar análisis vinculando variables comerciales y operacionales usando la IA para proponer a equipos de trabajos oportunidades de mejora y con ello lograr mayor eficiencia y rentabilidad del negocio.
📌 Principales funciones
Calidad de Datos: Velar por la integridad y confiabilidad de la información de operación y ventas de los locales.
Paneles de Estándares: Definir e implementar tableros (dashboards) con estándares de servicio, generando alertas ante desviaciones.
Reportabilidad: Elaborar informes periódicos con resultados operativos y de negocio para distintas instancias de gestión.
Análisis de Desempeño: Identificar focos de trabajo en locales para apoyar el cumplimiento de sus objetivos comerciales.
En Salcobrand fomentamos e impulsamos el valor de equipos de trabajos diversos, aceptando el sello propio de cada persona y facilitando ambientes laborales inclusivos bajo la Ley 21.015. ¡Te invitamos a ser parte de nuestra organización!",1,"🎓 Requisitos
Título profesional universitario o técnico en carreras afines al análisis de datos (mínimo 5 años de carrera).
Desde 3 años de experiencia en análisis cuantitativo de operaciones, estadística comercial y generación de informes.
Manejo intermedio de SQL y/o Redshift, junto con Excel avanzado."
Supervisor/a de Consumo - Temuco,Otra Área,"Temuco, La Araucanía",Temuco,La Araucanía,2026-07-27,6106118,salcobrand,2026-07-27,2026-08-03,0.3825,Supervisor,En terreno,Salcobrand,Técnico medio/ colegio técnico,Chile,1 años,2026-02-08,https://salcobrand.trabajando.cl/trabajo-empleo/supervisor-a-de-consumo-temuco/trabajo/6106118,"Si te gustan los desafíos, eres una...","Si te gustan los desafíos, eres una persona proactiva, autónoma, con altos niveles de organización, trabajas colaborativamente y sientes que eres capaz de promover un excelente clima laboral con los más altos estándares de calidad y excelencia, ¡Salcobrand es el lugar indicado para ti!
Nos encontramos en búsqueda de profesional para el cargo de Supervisor/a de Consumo.
¿Cuál será tu desafío en este cargo?
Contribuir en el cumplimiento de las metas y estrategias comerciales del área Dermocosmetica de Salcobrand, brindando un trabajo de excelencia que permita generar valor, buscando oportunidades de mejora que contribuyan con los lineamientos establecidos por el equipo.
Tus principales funciones:
Supervisión y control de procesos comerciales.
Levantamiento de problemas y contingencias en locales.
Buscar o generar oportunidades comerciales
En Salcobrand nos caracterizamos por ser una empresa que fomenta e impulsa el valor de equipos de trabajos diversos, aceptando el sello propio de cada persona, facilitando así ambientes laborales inclusivos, según la Ley 21.015, ¡Súmate y sé parte de nuestra organización!",1,"Desde 1 año de experiencia liderando equipos.
Manejo y conocimiento Office intermedio."
"Jefe de Apertura, Remodelación y Cierre de Locales",Otra Área,"Providencia, Metropolitana de Santiago",Providencia,Metropolitana de Santiago,2026-07-27,6106120,salcobrand,2026-07-27,2026-08-03,0.3785,Analista,Mixta (Teletrabajo + Presencial),Salcobrand,Universitaria,Chile,4 años,2026-02-08,https://salcobrand.trabajando.cl/trabajo-empleo/jefe-de-apertura-remodelacion-y-cierre-de-locales/trabajo/6106120,En Salcobrand nos encontramos en búsqueda...,"En Salcobrand nos encontramos en búsqueda de un/a Jefe/a de Apertura, Remodelación y Cierre de Locales, quien será responsable de liderar y asegurar la correcta ejecución de los procesos de apertura, remodelación y cierre de locales a nivel nacional, cumpliendo con los estándares operacionales, sanitarios y de continuidad definidos por la compañía.
Propósito del cargo
Definir, guiar y controlar la operación de apertura, remodelación y cierre de locales Salcobrand, asegurando una implementación eficiente, en plazo y bajo los estándares establecidos, resguardando la continuidad operacional y los ingresos comprometidos de cada local.
Principales funciones
Definir y mantener los estándares de los procesos de apertura, remodelación y cierre de locales, asegurando su correcta implementación.
Diseñar e implementar un modelo de gestión con métricas claras de desempeño (plazos, impacto en el negocio, cumplimiento de estándares).
Liderar, guiar y controlar al equipo a cargo, asegurando calidad, cumplimiento de plazos y normativas vigentes.
Coordinar transversalmente con distintas áreas de la organización (Inmobiliaria, Legal, Tesorería, entre otras) para la correcta ejecución de los proyectos.
Velar por el cumplimiento de auditorías internas asociadas a la operación de los locales y condiciones definidas para su funcionamiento.
En Salcobrand fomentamos equipos diversos e inclusivos, promoviendo la igualdad de oportunidades y el respeto por las personas, en línea con la Ley 21.015.
📩 Postula y sé parte de una compañía líder en el rubro retail, con foco en la excelencia operacional. 💙",1,"Requisitos
Título profesional de Ingeniería Comercial, Ingeniería Civil Industrial, Administración de Empresas o carrera afín.
Al menos 5 años de experiencia laboral, idealmente liderando equipos y gestionando proyectos operacionales.
Experiencia trabajando con estándares de calidad y coordinación con múltiples áreas.
Manejo avanzado de Office.
Disponibilidad para salidas a terreno frecuentes y viajes dentro del país."
Bodegueros/as Full Time - Parque Arauco,Otra Área,"Las Condes, Metropolitana de Santiago",Las Condes,Metropolitana de Santiago,2026-07-27,6106231,salcobrand,2026-07-27,2026-07-30,0.4211,Asistente,Jornada Completa,Preunic,Media,Chile,1 años,2026-03-08,https://salcobrand.trabajando.cl/trabajo-empleo/bodegueros-as-full-time-parque-arauco/trabajo/6106231,En Empresas SB Preunic nos encontramos...,"En Empresas SB Preunic nos encontramos en búsqueda de Bodegueros/as para trabajar en nuestra sucursal de Parque Arauco.
La misión de este cargo será encargarse del orden, mantención y reposición de la sala y bodega de la tienda; con el fin de facilitar la labor de ventas al mantener el stock de productos en sala y cuidar de la seguridad de los clientes al interior del local.
En Empresas SB nos caracterizamos por ser una empresa que fomenta e impulsa el valor de equipos de trabajos diversos, aceptando el sello propio de cada persona, facilitando así ambientes laborales inclusivos, según la Ley 21.015, ¡No te pierdas la oportunidad de postular y ser parte de nuestra organización!
¡No te pierdas la oportunidad de postular a una empresa inclusiva, diversa e innovadora, en la que podrás capacitarte, crecer y optar a múltiples beneficios!",1,"Requisitos:
Disponibilidad para trabajar en turnos rotativas
Cumplir con mayoría de edad
Tener enseñanza media completa"
Auxiliar de Farmacia Integral Part Time - Huechuraba ,Otra Área,"Huechuraba, Metropolitana de Santiago",Huechuraba,Metropolitana de Santiago,2026-07-27,6106417,salcobrand,2026-07-27,2026-07-28,0.3923,Técnico,Part Time,Salcobrand,Técnico profesional superior,Chile,,2026-02-08,https://salcobrand.trabajando.cl/trabajo-empleo/auxiliar-de-farmacia-integral-part-time-huechuraba/trabajo/6106417,¿Buscas un trabajo donde tu vocación...,"¿Buscas un trabajo donde tu vocación de servicio y conocimientos en farmacia marquen la diferencia en el bienestar de las personas?
En Salcobrand 💙 abrimos oportunidades para Auxiliares de Farmacia Integral 🧑🏽 💼💊 interesados en potenciar su carrera y aportar al cuidado y bienestar de la comunidad.
Beneficios para ti :
Asignación de bonos en fechas especiales.
Programas de formación permanente.
Programas de reconocimiento.
Celebraciones, sorteos con entretenidos premios y eventos.
Otros beneficios.
En Salcobrand nos caracterizamos por ser una empresa que fomenta e impulsa el valor de equipos de trabajos diversos, aceptando el sello propio de cada persona, facilitando así ambientes laborales inclusivos, según la Ley 21.015, ¡Súmate y sé parte de nuestra organización!
Postula y sé parte de un equipo comprometido con las personas.",1,"¿Qué necesitamos?
Formación acreditada en farmacia: carnet o certificado de Auxiliar de Farmacia, Auxiliar Paramédico de Farmacia o Título Técnico de Nivel Superior en Farmacia.
Disponibilidad para trabajar jornada part time, para cubrir turnos en la semana, fin de semana y festivos, minimo 20 y maximo 30 hrs."
Dermoconsejero/a Multifunción Full Time -  Santiago Centro (Lic Prolongada) ,Otra Área,"Santiago, Metropolitana de Santiago",Santiago,Metropolitana de Santiago,2026-07-24,6105740,salcobrand,2026-07-24,2026-08-01,0.2892,Vendedor,Jornada Completa,Salcobrand,Media,Chile,,2026-07-31,https://salcobrand.trabajando.cl/trabajo-empleo/dermoconsejero-a-multifuncion-full-time-santiago-centro-lic-prolongada/trabajo/6105740,"Si el cuidado de la piel es tu pasión,...","Si el cuidado de la piel es tu pasión, aconsejar u orientar a quienes te rodean es parte de tu día a día y además estás actualizado/a con la diversidad de productos acordes a los tipos de piel ¡Salcobrand es el lugar indicado para ti 💙 !
Como dermoconsejera/o queremos que puedas guiar y aconsejar a nuestros/as cliente/s sobre productos de skincare, tipos de piel y/o cuidado personal, velando siempre por la estética del espacio de trabajo y potenciando las grandes marcas dermocosméticas con las que trabajamos.
En Salcobrand nos caracterizamos por ser una empresa que fomenta e impulsa el valor de equipos de trabajos diversos, aceptando el sello propio de cada persona, facilitando así ambientes laborales inclusivos, según la Ley 21.015, ¡Súmate y sé parte de nuestra organización!",1,"¿Qué necesitas para postular?
Tener algún estudio, curso o capacitación en el área de cosmetología y/o estética
Tener experiencia en ventas y atención al cliente
Te acomodan los turnos rotativos."
Dermoconsejero/a Multifunción Full Time - Lota (Lic Prolongada) ,Otra Área,"Lota, Biobío",Lota,Biobío,2026-07-24,6105656,salcobrand,2026-07-24,2026-08-01,0.3338,Vendedor,Jornada Completa,Salcobrand,Media,Chile,,2026-07-31,https://salcobrand.trabajando.cl/trabajo-empleo/dermoconsejero-a-multifuncion-full-time-lota-lic-prolongada/trabajo/6105656,"Si el cuidado de la piel es tu pasión,...","Si el cuidado de la piel es tu pasión, aconsejar u orientar a quienes te rodean es parte de tu día a día y además estás actualizado/a con la diversidad de productos acordes a los tipos de piel ¡Salcobrand es el lugar indicado para ti 💙 !
Como dermoconsejera/o queremos que puedas guiar y aconsejar a nuestros/as cliente/s sobre productos de skincare, tipos de piel y/o cuidado personal, velando siempre por la estética del espacio de trabajo y potenciando las grandes marcas dermocosméticas con las que trabajamos.
En Salcobrand nos caracterizamos por ser una empresa que fomenta e impulsa el valor de equipos de trabajos diversos, aceptando el sello propio de cada persona, facilitando así ambientes laborales inclusivos, según la Ley 21.015, ¡Súmate y sé parte de nuestra organización!",1,"¿Qué necesitas para postular?
Tener algún estudio, curso o capacitación en el área de cosmetología y/o estética
Tener experiencia en ventas y atención al cliente
Te acomodan los turnos rotativos."
Dermoconsejero/a Multifunción Full Time - Mall Arauco Quilicura (Lic Prolongada) ,Otra Área,"Quilicura, Metropolitana de Santiago",Quilicura,Metropolitana de Santiago,2026-07-24,6105483,salcobrand,2026-07-24,2026-08-01,0.3072,Vendedor,Jornada Completa,Salcobrand,Media,Chile,,2026-07-31,https://salcobrand.trabajando.cl/trabajo-empleo/dermoconsejero-a-multifuncion-full-time-mall-arauco-quilicura-lic-prolongada/trabajo/6105483,"Si el cuidado de la piel es tu pasión,...","Si el cuidado de la piel es tu pasión, aconsejar u orientar a quienes te rodean es parte de tu día a día y además estás actualizado/a con la diversidad de productos acordes a los tipos de piel ¡Salcobrand es el lugar indicado para ti 💙 !
Como dermoconsejera/o queremos que puedas guiar y aconsejar a nuestros/as cliente/s sobre productos de skincare, tipos de piel y/o cuidado personal, velando siempre por la estética del espacio de trabajo y potenciando las grandes marcas dermocosméticas con las que trabajamos.
En Salcobrand nos caracterizamos por ser una empresa que fomenta e impulsa el valor de equipos de trabajos diversos, aceptando el sello propio de cada persona, facilitando así ambientes laborales inclusivos, según la Ley 21.015, ¡Súmate y sé parte de nuestra organización!",1,"¿Qué necesitas para postular?
Tener algún estudio, curso o capacitación en el área de cosmetología y/o estética
Tener experiencia en ventas y atención al cliente
Te acomodan los turnos rotativos."
Dermoconsejero/a Multifunción Part Time - Mall Alto Las Condes,Otra Área,"Las Condes, Metropolitana de Santiago",Las Condes,Metropolitana de Santiago,2026-07-24,6105480,salcobrand,2026-07-24,2026-08-01,0.3229,Vendedor,Part Time,Salcobrand,Media,Chile,,2026-07-31,https://salcobrand.trabajando.cl/trabajo-empleo/dermoconsejero-a-multifuncion-part-time-mall-alto-las-condes/trabajo/6105480,"Si el cuidado de la piel es tu pasión,...","Si el cuidado de la piel es tu pasión, aconsejar u orientar a quienes te rodean es parte de tu día a día y además estás actualizado/a con la diversidad de productos acordes a los tipos de piel ¡Salcobrand es el lugar indicado para ti 💙 !
Como dermoconsejera/o queremos que puedas guiar y aconsejar a nuestros/as cliente/s sobre productos de skincare, tipos de piel y/o cuidado personal, velando siempre por la estética del espacio de trabajo y potenciando las grandes marcas dermocosméticas con las que trabajamos.
En Salcobrand nos caracterizamos por ser una empresa que fomenta e impulsa el valor de equipos de trabajos diversos, aceptando el sello propio de cada persona, facilitando así ambientes laborales inclusivos, según la Ley 21.015, ¡Súmate y sé parte de nuestra organización!",1,"¿Qué necesitas para postular?
Tener algún estudio, curso o capacitación en el área de cosmetología y/o estética
Tener experiencia en ventas y atención al cliente
Te acomodan los turnos rotativos."
Dermoconsejero/a Multifunción Full Time - Cerrillos ,Otra Área,"Cerrillos, Metropolitana de Santiago",Cerrillos,Metropolitana de Santiago,2026-07-24,6105479,salcobrand,2026-07-24,2026-08-01,0.3013,Vendedor,Jornada Completa,Salcobrand,Media,Chile,,2026-07-31,https://salcobrand.trabajando.cl/trabajo-empleo/dermoconsejero-a-multifuncion-full-time-cerrillos/trabajo/6105479,"Si el cuidado de la piel es tu pasión,...","Si el cuidado de la piel es tu pasión, aconsejar u orientar a quienes te rodean es parte de tu día a día y además estás actualizado/a con la diversidad de productos acordes a los tipos de piel ¡Salcobrand es el lugar indicado para ti 💙 !
Como dermoconsejera/o queremos que puedas guiar y aconsejar a nuestros/as cliente/s sobre productos de skincare, tipos de piel y/o cuidado personal, velando siempre por la estética del espacio de trabajo y potenciando las grandes marcas dermocosméticas con las que trabajamos.
En Salcobrand nos caracterizamos por ser una empresa que fomenta e impulsa el valor de equipos de trabajos diversos, aceptando el sello propio de cada persona, facilitando así ambientes laborales inclusivos, según la Ley 21.015, ¡Súmate y sé parte de nuestra organización!",1,"¿Qué necesitas para postular?
Tener algún estudio, curso o capacitación en el área de cosmetología y/o estética
Tener experiencia en ventas y atención al cliente
Te acomodan los turnos rotativos."
Consultor/a de DermoSkin Full Time - Providencia,Otra Área,"Providencia, Metropolitana de Santiago",Providencia,Metropolitana de Santiago,2026-07-23,6105049,salcobrand,2026-07-23,2026-07-31,0.3996,Vendedor,Jornada Completa,Preunic,Técnico profesional superior,Chile,1 años,2026-07-30,https://salcobrand.trabajando.cl/trabajo-empleo/consultor-a-de-dermoskin-full-time-providencia/trabajo/6105049,"El equipo Preunic Providencia , referente...","El equipo Preunic Providencia, referente en el área de la belleza y perfumería 💄, quiere contar contigo.
Buscamos que puedas orientar y asesorar de manera experta y personalizada a quienes nos visitan 🤝, entregando soluciones acordes a las necesidades específicas de cada tipo de piel.
Tu rol será interpretar sus inquietudes, educar, acompañar el proceso de decisión y brindar una experiencia de compra diferenciadora, entregando una atención personalizada acorde a las necesidades de cada cliente, con sólidos conocimientos en el área de la dermocosmética 🧴🌿.
Si te apasiona el cuidado de la piel 💆🏻 , tienes vocación de servicio, orientación al cliente y ganas de aprender constantemente, y además cuentas con formación en Cosmetología/Estética Integral (excluyente), ¡queremos conocerte! 🙌
Súmate a una empresa inclusiva, diversa e innovadora 🌈, donde podrás capacitarte y desarrollarte, con oportunidades reales para crecer profesionalmente dentro de la organización 📈 .
¡Postula y sé parte de la experiencia Dermo Preunic! 💫
#HayPega #CreemosEnTiEmpresasSB #SomosDiversidad #DermoSkin #BellezaConExpertise",1,"Requisitos:
Disponibilidad para trabajar en turnos rotativas de Lunes a Domingo (5x2 y 6x1)
Cumplir con mayoría de edad
Tener certificación de Cosmetología/Estética Integral"
Auxiliar de Farmacia Integral - La Reina ,Otra Área,"La Reina, Metropolitana de Santiago",La Reina,Metropolitana de Santiago,2026-07-23,6101809,salcobrand,2026-07-17,2026-07-28,0.3964,Técnico,Jornada Completa,Salcobrand,Técnico profesional superior,Chile,,2026-07-31,https://salcobrand.trabajando.cl/trabajo-empleo/auxiliar-de-farmacia-integral-la-reina/trabajo/6101809,¿Buscas un trabajo donde tu vocación...,"¿Buscas un trabajo donde tu vocación de servicio y conocimientos en farmacia marquen la diferencia en el bienestar de las personas?
En Salcobrand 💙 abrimos oportunidades para Auxiliares de Farmacia Integral 🧑🏽 💼💊 interesados en potenciar su carrera y aportar al cuidado y bienestar de la comunidad.
Beneficios para ti :
Asignación de bonos en fechas especiales.
Programas de formación permanente.
Programas de reconocimiento.
Celebraciones, sorteos con entretenidos premios y eventos.
Otros beneficios.
En Salcobrand nos caracterizamos por ser una empresa que fomenta e impulsa el valor de equipos de trabajos diversos, aceptando el sello propio de cada persona, facilitando así ambientes laborales inclusivos, según la Ley 21.015, ¡Súmate y sé parte de nuestra organización!
Postula y sé parte de un equipo comprometido con las personas.",1,"¿Qué necesitamos?
Formación acreditada en farmacia: carnet o certificado de Auxiliar de Farmacia, Auxiliar Paramédico de Farmacia o Título Técnico de Nivel Superior en Farmacia.
Disponibilidad para trabajar jornada completa (42 horas semanales)."
Auxiliar de Farmacia Integral Part Time - Región Metropolitana,Otra Área,"Santiago, Metropolitana de Santiago",Santiago,Metropolitana de Santiago,2026-07-23,6101846,salcobrand,2026-07-17,2026-07-28,0.413,Técnico,Part Time,Salcobrand,Técnico profesional superior,Chile,,2026-07-31,https://salcobrand.trabajando.cl/trabajo-empleo/auxiliar-de-farmacia-integral-part-time-region-metropolitana/trabajo/6101846,¿Buscas un trabajo donde tu vocación...,"¿Buscas un trabajo donde tu vocación de servicio y conocimientos en farmacia marquen la diferencia en el bienestar de las personas?
En Salcobrand 💙 abrimos oportunidades para Auxiliares de Farmacia Integral 🧑🏽 💼💊 interesados en potenciar su carrera y aportar al cuidado y bienestar de la comunidad.
Beneficios para ti :
Asignación de bonos en fechas especiales.
Programas de formación permanente.
Programas de reconocimiento.
Celebraciones, sorteos con entretenidos premios y eventos.
Otros beneficios.
En Salcobrand nos caracterizamos por ser una empresa que fomenta e impulsa el valor de equipos de trabajos diversos, aceptando el sello propio de cada persona, facilitando así ambientes laborales inclusivos, según la Ley 21.015, ¡Súmate y sé parte de nuestra organización!
Postula y sé parte de un equipo comprometido con las personas.",1,"¿Qué necesitamos?
Formación acreditada en farmacia: carnet o certificado de Auxiliar de Farmacia, Auxiliar Paramédico de Farmacia o Título Técnico de Nivel Superior en Farmacia.
Disponibilidad para trabajar jornada part time, para cubrir turnos en la semana, fin de semana y festivos, minimo 20 y maximo 30 hrs."
"Auxiliar de Farmacia Integral - La Dehesa, Lo Barnechea. ",Otra Área,"Lo Barnechea, Metropolitana de Santiago",Lo Barnechea,Metropolitana de Santiago,2026-07-23,6101796,salcobrand,2026-07-17,2026-07-28,0.3586,Técnico,Jornada Completa,Salcobrand,Técnico profesional superior,Chile,,2026-07-31,https://salcobrand.trabajando.cl/trabajo-empleo/auxiliar-de-farmacia-integral-la-dehesa-lo-barnechea/trabajo/6101796,¿Buscas un trabajo donde tu vocación...,"¿Buscas un trabajo donde tu vocación de servicio y conocimientos en farmacia marquen la diferencia en el bienestar de las personas?
En Salcobrand 💙 abrimos oportunidades para Auxiliares de Farmacia Integral 🧑🏽 💼💊 interesados en potenciar su carrera y aportar al cuidado y bienestar de la comunidad.
Beneficios para ti :
Asignación de bonos en fechas especiales.
Programas de formación permanente.
Programas de reconocimiento.
Celebraciones, sorteos con entretenidos premios y eventos.
Otros beneficios.
En Salcobrand nos caracterizamos por ser una empresa que fomenta e impulsa el valor de equipos de trabajos diversos, aceptando el sello propio de cada persona, facilitando así ambientes laborales inclusivos, según la Ley 21.015, ¡Súmate y sé parte de nuestra organización!
Postula y sé parte de un equipo comprometido con las personas.",1,"¿Qué necesitamos?
Formación acreditada en farmacia: carnet o certificado de Auxiliar de Farmacia, Auxiliar Paramédico de Farmacia o Título Técnico de Nivel Superior en Farmacia.
Disponibilidad para trabajar jornada completa (42 horas semanales)."
Auxiliar de Farmacia Integral - Sector Oriente RM ,Otra Área,"Las Condes, Metropolitana de Santiago",Las Condes,Metropolitana de Santiago,2026-07-23,6101815,salcobrand,2026-07-17,2026-07-28,0.4024,Técnico,Jornada Completa,Salcobrand,Técnico profesional superior,Chile,,2026-07-31,https://salcobrand.trabajando.cl/trabajo-empleo/auxiliar-de-farmacia-integral-sector-oriente-rm/trabajo/6101815,¿Buscas un trabajo donde tu vocación...,"¿Buscas un trabajo donde tu vocación de servicio y conocimientos en farmacia marquen la diferencia en el bienestar de las personas?
En Salcobrand 💙 abrimos oportunidades para Auxiliares de Farmacia Integral 🧑🏽 💼💊 interesados en potenciar su carrera y aportar al cuidado y bienestar de la comunidad.
Beneficios para ti :
Asignación de bonos en fechas especiales.
Programas de formación permanente.
Programas de reconocimiento.
Celebraciones, sorteos con entretenidos premios y eventos.
Otros beneficios.
En Salcobrand nos caracterizamos por ser una empresa que fomenta e impulsa el valor de equipos de trabajos diversos, aceptando el sello propio de cada persona, facilitando así ambientes laborales inclusivos, según la Ley 21.015, ¡Súmate y sé parte de nuestra organización!
Postula y sé parte de un equipo comprometido con las personas.",1,"¿Qué necesitamos?
Formación acreditada en farmacia: carnet o certificado de Auxiliar de Farmacia, Auxiliar Paramédico de Farmacia o Título Técnico de Nivel Superior en Farmacia.
Disponibilidad para trabajar jornada completa (42 horas semanales)."
Auxiliar de Farmacia Integral - Los Dominicos (Licencia prolongada),Otra Área,"Las Condes, Metropolitana de Santiago",Las Condes,Metropolitana de Santiago,2026-07-23,6101805,salcobrand,2026-07-17,2026-07-28,0.3683,Técnico,Jornada Completa,Salcobrand,Técnico profesional superior,Chile,,2026-07-31,https://salcobrand.trabajando.cl/trabajo-empleo/auxiliar-de-farmacia-integral-los-dominicos-licencia-prolongada/trabajo/6101805,¿Buscas un trabajo donde tu vocación...,"¿Buscas un trabajo donde tu vocación de servicio y conocimientos en farmacia marquen la diferencia en el bienestar de las personas?
En Salcobrand 💙 abrimos oportunidades para Auxiliares de Farmacia Integral 🧑🏽 💼💊 interesados en potenciar su carrera y aportar al cuidado y bienestar de la comunidad.
Beneficios para ti :
Asignación de bonos en fechas especiales.
Programas de formación permanente.
Programas de reconocimiento.
Celebraciones, sorteos con entretenidos premios y eventos.
Otros beneficios.
En Salcobrand nos caracterizamos por ser una empresa que fomenta e impulsa el valor de equipos de trabajos diversos, aceptando el sello propio de cada persona, facilitando así ambientes laborales inclusivos, según la Ley 21.015, ¡Súmate y sé parte de nuestra organización!
Postula y sé parte de un equipo comprometido con las personas.",1,"¿Qué necesitamos?
Formación acreditada en farmacia: carnet o certificado de Auxiliar de Farmacia, Auxiliar Paramédico de Farmacia o Título Técnico de Nivel Superior en Farmacia.
Disponibilidad para trabajar jornada completa (42 horas semanales)."
"Auxiliar de Farmacia Integral - Apertura, Valdivia",Otra Área,"Valdivia, Los Ríos",Valdivia,Los Ríos,2026-07-23,6105408,salcobrand,2026-07-23,2026-07-27,0.376,Técnico,Jornada Completa,Salcobrand,Técnico profesional superior,Chile,,2026-07-26,https://salcobrand.trabajando.cl/trabajo-empleo/auxiliar-de-farmacia-integral-apertura-valdivia/trabajo/6105408,¿Buscas un trabajo donde tu vocación...,"¿Buscas un trabajo donde tu vocación de servicio y conocimientos en farmacia marquen la diferencia en el bienestar de las personas?
En Salcobrand 💙 abrimos oportunidades para Auxiliares de Farmacia Integral 🧑🏽 💼💊 interesados en potenciar su carrera y aportar al cuidado y bienestar de la comunidad.
Beneficios para ti :
Asignación de bonos en fechas especiales.
Programas de formación permanente.
Programas de reconocimiento.
Celebraciones, sorteos con entretenidos premios y eventos.
Otros beneficios.
En Salcobrand nos caracterizamos por ser una empresa que fomenta e impulsa el valor de equipos de trabajos diversos, aceptando el sello propio de cada persona, facilitando así ambientes laborales inclusivos, según la Ley 21.015, ¡Súmate y sé parte de nuestra organización!
Postula y sé parte de un equipo comprometido con las personas.",1,"¿Qué necesitamos?
Formación acreditada en farmacia: carnet o certificado de Auxiliar de Farmacia, Auxiliar Paramédico de Farmacia o Título Técnico de Nivel Superior en Farmacia.
Disponibilidad para trabajar jornada completa (42 horas semanales)."
Asesor/a Bienestar Vitaminas y Suplementos Multifunción - Las Condes ,Otra Área,"Las Condes, Metropolitana de Santiago",Las Condes,Metropolitana de Santiago,2026-07-22,6104378,salcobrand,2026-07-22,2026-07-30,0.3411,Vendedor,Jornada Completa,Salcobrand,Universitaria,Chile,1 años,2026-07-29,https://salcobrand.trabajando.cl/trabajo-empleo/asesor-a-bienestar-vitaminas-y-suplementos-multifuncion-las-condes/trabajo/6104378,"En Salcobrand 💙, nuestra gente es...","En Salcobrand 💙, nuestra gente es nuestro mayor activo; trabajamos para crear un entorno que celebre tanto a nuestros empleados como la diversidad de habilidades, orígenes y experiencias vitales dentro de nuestro lugar de trabajo.
Hoy nos encontramos en búsqueda de profesionales para el cargo de Asesor/a Bienestar Vitaminas y Suplementos Multifunción.
¿Cuál será tu desafío en este cargo?
Asesorar a los clientes Salcobrand de manera personalizada y en base a necesidades de compra y experiencia/conocimientos adquiridos.
Brindar respuesta frente a dudas y/o consultas de productos de categoría Vitaminas y Suplementos.
Entregar información a Vendedores Salcobrand para contribuir a la mejor experiencia de compra de clientes.
En Salcobrand nos caracterizamos por ser una empresa que fomenta e impulsa el valor de equipos de trabajos diversos, aceptando el sello propio de cada persona, facilitando así ambientes laborales inclusivos, según la Ley 21.015, ¡Súmate y sé parte de nuestra organización! 😉",1,"¿Qué necesitas para postular?
Experiencia de 1 año trabajado en atención y servicio a clientes.
Disponibilidad para trabajar en turnos rotativos (5x2 y 6x1).
Experiencia/Conocimientos en suplementación y vida saludable."
Asesor/a Bienestar Vitaminas y Suplementos Multifunción - Antofagasta Full Time ,Otra Área,"Antofagasta, Antofagasta",Antofagasta,Antofagasta,2026-07-22,6104376,salcobrand,2026-07-22,2026-07-30,0.3536,Vendedor,Jornada Completa,Salcobrand,Universitaria,Chile,1 años,2026-07-29,https://salcobrand.trabajando.cl/trabajo-empleo/asesor-a-bienestar-vitaminas-y-suplementos-multifuncion-antofagasta-full-time/trabajo/6104376,"En Salcobrand 💙, nuestra gente es...","En Salcobrand 💙, nuestra gente es nuestro mayor activo; trabajamos para crear un entorno que celebre tanto a nuestros empleados como la diversidad de habilidades, orígenes y experiencias vitales dentro de nuestro lugar de trabajo.
Hoy nos encontramos en búsqueda de profesionales para el cargo de Asesor/a Bienestar Vitaminas y Suplementos Multifunción.
¿Cuál será tu desafío en este cargo?
Asesorar a los clientes Salcobrand de manera personalizada y en base a necesidades de compra y experiencia/conocimientos adquiridos.
Brindar respuesta frente a dudas y/o consultas de productos de categoría Vitaminas y Suplementos.
Entregar información a Vendedores Salcobrand para contribuir a la mejor experiencia de compra de clientes.
En Salcobrand nos caracterizamos por ser una empresa que fomenta e impulsa el valor de equipos de trabajos diversos, aceptando el sello propio de cada persona, facilitando así ambientes laborales inclusivos, según la Ley 21.015, ¡Súmate y sé parte de nuestra organización! 😉",1,"¿Qué necesitas para postular?
Experiencia de 1 año trabajado en atención y servicio a clientes.
Disponibilidad para trabajar en turnos rotativos (5x2 y 6x1).
Experiencia/Conocimientos en suplementación y vida saludable."
Consultor/a de Belleza Full Time - Santiago Centro,Otra Área,"Santiago, Metropolitana de Santiago",Santiago,Metropolitana de Santiago,2026-07-22,6104447,salcobrand,2026-07-22,2026-07-23,0.3254,Asistente,Jornada Completa,Preunic,Media,Chile,1 años,2026-07-29,https://salcobrand.trabajando.cl/trabajo-empleo/consultor-a-de-belleza-full-time-santiago-centro/trabajo/6104447,"El equipo Preunic de Ahumada, reconocido...","El equipo Preunic de Ahumada, reconocido como la Empresa N° 1 en Perfumería quiere contar contigo y todas tus ganas de aprender.
Deseamos que puedas orientar y asesorar a quienes nos visitan sobre productos de Belleza y Cuidado Personal (Maquillaje, Tipos de Piel y Tendencias), interpretando sus necesidades y acompañándolo a hacer click con las grandes marcas que trabajamos.
Si lo anterior te describe y además tienes experiencia en ventas y atención al cliente, conoces sobre el área cosmética y de cuidado personal y te acomodan trabajar con turnos rotativos 44 horas ( 5x 2 y 6x 1) ¡Queremos conocerte!
¡No te pierdas la oportunidad de postular a una empresa inclusiva, diversa e innovadora, en la que podrás capacitarte, crecer y optar a múltiples beneficios!
#HayPega #CreemosEnTiEmpresasSB #SomosDiversidad #Belleza",1,"Requisitos:
Disponibilidad para trabajar en turnos rotativas
Cumplir con mayoría de edad"
Operador/a CCTV - Las Condes,Otra Área,"San Bernardo, Metropolitana de Santiago",San Bernardo,Metropolitana de Santiago,2026-07-21,6103964,salcobrand,2026-07-21,2026-07-29,0.3786,Operario,Jornada Completa,Empresas SB,Media,Chile,1 años,2026-07-28,https://salcobrand.trabajando.cl/trabajo-empleo/operador-a-cctv-las-condes/trabajo/6103964,"Si te gustan los desafíos, eres una...","Si te gustan los desafíos, eres una persona proactiva, autónoma, con altos niveles de organización, trabajas colaborativamente y sientes que eres capaz de promover un excelente clima laboral con los más altos estándares de calidad y excelencia, ¡Empresas SB es el lugar indicado para ti!
Nos encontramos en búsqueda de profesional para el cargo de Operador/a CCTV.
¿Cuál será tu desafío en este cargo?
Deberás coordinar procedimientos de seguridad a partir de la información recibida desde los medios de seguridad electrónica (Circuito Cerrado de Televisión CCTV, alarmas y otros eventuales), reportando a Jefe de Seguridad electrónica sobre situaciones de seguridad.
Principales funciones:
Monitorear y administrar permanentemente la información recibida desde el sistema de CCTV y sistemas de Alarma en la Central de Monitoreo.
Informar a su jefatura cualquier irregularidad.
Coordinar acciones conforme a Protocolo con Policías, jefes de locales, zonales, supervisor de seguridad, u otros, cuando observe y/o reciba alertas sobre irregularidades.
En Empresas SB nos caracterizamos por ser una empresa que fomenta e impulsa el valor de equipos de trabajos diversos, aceptando el sello propio de cada persona, facilitando así ambientes laborales inclusivos, según la Ley 21.015, ¡Súmate y sé parte de nuestra organización!
En Empresas SB, nuestra gente es nuestro mayor activo. Trabajamos para crear un entorno que celebre tanto a nuestros colaboradores, como la diversidad de habilidades, orígenes y experiencias vitales dentro de nuestro lugar de trabajo.",1,"Manejo de CCTV o de temas asociados.
Experiencia en seguridad en Retail y/o logística.
Disponibilidad turnos son 4x4 rotativos de 07:00 am a 19:00 hrs y 19:00 hrs a 07:00 am."
Consultor/a de Belleza Full Time - Preunic Mall Arauco Maipú,Otra Área,"Maipú, Metropolitana de Santiago",Maipú,Metropolitana de Santiago,2026-07-21,6103797,salcobrand,2026-07-21,2026-07-29,0.3637,Vendedor,Jornada Completa,Preunic,Media,Chile,1 años,2026-07-28,https://salcobrand.trabajando.cl/trabajo-empleo/consultor-a-de-belleza-full-time-preunic-mall-arauco-maipu/trabajo/6103797,El equipo Preunic de Mall Arauco Maipú...,"El equipo Preunic de Mall Arauco Maipú reconocido como la Empresa N°1 en Perfumería quiere contar contigo y todas tus ganas de aprender😁.
Deseamos que puedas orientar y asesorar a quienes nos visitan sobre productos de Belleza y Cuidado Personal (Maquillaje, Tipos de Piel y Tendencias)💄, interpretando sus necesidades y acompañándolo a hacer click con las grandes marcas que trabajamos.
Si lo anterior te describe y además tienes experiencia en ventas y atención al cliente, conoces sobre el área cosmética y de cuidado personal y te acomoda jornada Full Time (42 horas) con turnos rotativos (una semana 5x2 y la siguiente 6x1) ¡Queremos conocerte! 👀.
En Empresas SB nos caracterizamos por ser una empresa que fomenta e impulsa el valor de equipos de trabajos diversos, aceptando el sello propio de cada persona, facilitando así ambientes laborales inclusivos, según la Ley 21.015, ¡No te pierdas la oportunidad de postular y ser parte de nuestra organización!",1,"Disponibilidad para trabajar en turnos rotativos 5x2 y 6x1 (ambos). Lunes a Domingo 42 hrs semanales.
Cumplir con mayoría de edad.
Experiencia y conocimientos comprobable en maquillaje/cosmética"
Bodeguero/a Full Time - Preunic Las Condes,Otra Área,"Las Condes, Metropolitana de Santiago",Las Condes,Metropolitana de Santiago,2026-07-21,6103793,salcobrand,2026-07-21,2026-07-29,0.392,Operario,Jornada Completa,Preunic,Media,Chile,,2026-07-28,https://salcobrand.trabajando.cl/trabajo-empleo/bodeguero-a-full-time-preunic-las-condes/trabajo/6103793,En Empresas SB Preunic nos encontramos...,"En Empresas SB Preunic nos encontramos en búsqueda de Bodegueros/as para trabajar en nuestra nueva sucursal de Preunic Cerro El Plomo, Las Condes 🎉.
La misión de este cargo será encargarse del orden, mantención y reposición de la sala y bodega de la tienda; con el fin de facilitar la labor de ventas al mantener el stock de productos en sala y cuidar de la seguridad de los clientes al interior del local. Debes contar con disponibilidad para trabajar en jornada Full Time: 44 horas a la semana, Lunes a Domingo, turnos 5x2 y 6x1 (ambos alternados al mes).
En Empresas SB nos caracterizamos por ser una empresa que fomenta e impulsa el valor de equipos de trabajos diversos, aceptando el sello propio de cada persona, facilitando así ambientes laborales inclusivos, según la Ley 21.015, ¡No te pierdas la oportunidad de postular y ser parte de nuestra organización!",1,"Disponibilidad de Trabajar Full-Time (44 hrs), en turnos rotativos 5x2 y 6x1 de Lunes a Domingo.
Cumplir con la mayoría de edad"
Category Planner (Reemplazo pre y post natal),Otra Área,"Santiago, Metropolitana de Santiago",Santiago,Metropolitana de Santiago,2026-07-21,6103694,salcobrand,2026-07-21,2026-07-29,0.5004,Otro Profesional,Mixta (Teletrabajo + Presencial),Preunic,Universitaria,Chile,2 años,2026-07-28,https://salcobrand.trabajando.cl/trabajo-empleo/category-planner-reemplazo-pre-y-post-natal/trabajo/6103694,"Si te gustan los desafíos, eres una...","Si te gustan los desafíos, eres una persona proactiva, autónoma, con altos niveles de organización, trabajas colaborativamente y sientes que eres capaz de promover un excelente clima laboral con los más altos estándares de calidad y excelencia, ¡Preunic es el lugar indicado para ti!
Nos encontramos en búsqueda de profesional para el cargo de Category Planner.
¿Cuál será tu desafío en este cargo?
Administrar, proponer y desarrollar la estrategia de surtido de productos y exhibición para las diferentes categorías a cargo a través de procesos de category management, con el fin de asegurar la mayor rentabilidad del mix de productos y una propuesta comercial atractiva para los clientes de nuestro canal de ecommerce, buscando nuevas oportunidades de desarrollo del negocio.
Tus principales funciones:
Desarrollar los procesos de Category Management del negocio.
Analizar información interna y de mercado para las categorías del negocio.
Diseñar y evaluar la estrategia de exhibición para cada una de las categorías en el punto de venta.
Participar de la planificiación y desarrollo de la estrategia de ventas para cada una de las categorías a cargo.
En Preunic nos caracterizamos por ser una empresa que fomenta e impulsa el valor de equipos de trabajos diversos, aceptando el sello propio de cada persona, facilitando así ambientes laborales inclusivos, según la Ley 21.015, ¡Súmate y sé parte de nuestra organización!",1,"Título de  Ingeniería Comercial, Administración de empresas o carrera afín.
Al menos 2 años de experiencia en cargos similares utilizando JDA o Nielsen Spaceman.
Nivel de Office Avanzado.
Conocimientos del proceso de Category Management."
Mayordomo de Edificio Corporativo,Otra Área,"Santiago, Metropolitana de Santiago",Santiago,Metropolitana de Santiago,2026-07-20,6103144,salcobrand,2026-07-20,2026-07-28,0.4233,Asistente,Jornada Completa,Empresas SB,Media,Chile,2 años,2026-07-27,https://salcobrand.trabajando.cl/trabajo-empleo/mayordomo-de-edificio-corporativo/trabajo/6103144,Si te apasionan las entrevistas por...,"Si te apasionan las entrevistas por competencias y quieres generar impacto en la experiencia del talento ¡este desafío es para ti!💚
En Empresas SB (Preunic, Salcobrand y filiales) estamos en búsqueda de un/a Mayordomo de Edificio Corporativo, que será responsable de controlar el acceso y supervisar la operatividad de las instalaciones corporativas, para asegurar un entorno seguro y una atención de alta calidad a colaboradores y visitas, esto incluye la recepción de personas, gestión de correspondencia y coordinar las mantenciones preventivas y correctivas del edificio con las respectivas áreas de la empresa.
Principales responsabilidades:
Registrar y controlar el acceso de colaboradores, visitas y proveedores en la recepción principal.
Recibir, clasificar y distribuir la correspondencia, encomiendas y documentos dirigidos a las diferentes áreas.
Realizar rondas de inspección por los pisos y perímetros del edificio corporativo.
Trasladar los contenedores de residuos al exterior del edificio.
Ejecutar tareas menores de servicios generales y reparaciones básicas de emergencia en la infraestructura del edificio.
En Empresas SB nos caracterizamos por ser una empresa que fomenta e impulsa el valor de equipos de trabajos diversos, aceptando el sello propio de cada persona, facilitando así ambientes laborales inclusivos, según la Ley 21.015, ¡Súmate y sé parte de nuestra organización!",1,"Haremos match si cuentas con:
Enseñanza media completa.
Al menos 2 años de experiencia en cargos similares (conserjería, recepción, servicios generales a nivel corporativo).
Computación nivel usuario (Registro digital de visitas y correos)."
Consultor/a de Belleza Part Time - Parque Arauco,Otra Área,"Las Condes, Metropolitana de Santiago",Las Condes,Metropolitana de Santiago,2026-07-20,6103103,salcobrand,2026-07-20,2026-07-28,0.3461,Asistente,Part Time,Preunic,Media,Chile,1 años,2026-07-27,https://salcobrand.trabajando.cl/trabajo-empleo/consultor-a-de-belleza-part-time-parque-arauco/trabajo/6103103,"El equipo Preunic de Parque Arauco,...","El equipo Preunic de Parque Arauco, reconocido como la Empresa N° 1 en Perfumería quiere contar contigo y todas tus ganas de aprender.
Deseamos que puedas orientar y asesorar a quienes nos visitan sobre productos de Belleza y Cuidado Personal (Maquillaje, Tipos de Piel y Tendencias), interpretando sus necesidades y acompañándolo a hacer click con las grandes marcas que trabajamos.
Si lo anterior te describe y además tienes experiencia en ventas y atención al cliente, conoces sobre el área cosmética y de cuidado personal y te acomodan trabajar con turnos rotativos 30 horas ( 5x 2 y 6x 1) ¡Queremos conocerte!
¡No te pierdas la oportunidad de postular a una empresa inclusiva, diversa e innovadora, en la que podrás capacitarte, crecer y optar a múltiples beneficios!
#HayPega #CreemosEnTiEmpresasSB #SomosDiversidad #Belleza",1,"Requisitos:
Disponibilidad para trabajar en turnos rotativas
Cumplir con mayoría de edad"
Químico(a) Farmacéutico(a) Full Time  - Viña del Mar,Otra Área,"Viña del Mar, Valparaíso",Viña del Mar,Valparaíso,2026-07-20,6103072,salcobrand,2026-07-20,2026-07-28,0.4011,Jefe Área/Sección/Depto./Local,Por Turnos,Salcobrand,Universitaria,Chile,,2026-07-28,https://salcobrand.trabajando.cl/trabajo-empleo/quimico-a-farmaceutico-a-full-time-vina-del-mar/trabajo/6103072,¿Te motiva trabajar en equipo y asumir...,"¿Te motiva trabajar en equipo y asumir nuevos desafíos?
En Salcobrand nos encontramos en búsqueda de Químicos(as) Farmacéuticos(as) 🧖🏻💙para asumir un rol clave tanto en la gestión del equipo como en la excelencia operacional, con impacto directo en la experiencia de nuestros clientes y en el cumplimiento de los objetivos del negocio.
¿Cuál será tu propósito en este cargo?
Serás responsable de liderar y gestionar al equipo de trabajo, velando por el cumplimiento de las metas comerciales y operacionales del local. Asimismo, deberás garantizar una atención de excelencia, promoviendo una experiencia de compra memorable y fortaleciendo la fidelización de nuestros clientes.
Tenemos para ti los siguientes beneficios:
·        Asignación de bonos en fechas especiales.
·        Programas de formación permanente.
·        Programas de reconocimiento.
·        Celebraciones, sorteos con entretenidos premios y eventos.
·        Otros beneficios.
En Salcobrand nos caracterizamos por ser una empresa que fomenta e impulsa el valor de equipos de trabajos diversos, aceptando el sello propio de cada persona, facilitando así ambientes laborales inclusivos, según la Ley 21.015.
Postula con nosotros y sé parte de una organización comprometida con la salud, donde tu rol marca una real diferencia en la comunidad.",1,"Título en Química y Farmacia.
Conocimiento en Ley de fármacos, Legislación Farmacéutica y Legislación Laboral básica.
Disponibilidad para trabajar turnos rotativos 6x1."
Químico(a) Farmacéutico(a) Part Time  - Viña del Mar,Otra Área,"Viña del Mar, Valparaíso",Viña del Mar,Valparaíso,2026-07-20,6103070,salcobrand,2026-07-20,2026-07-28,0.413,Jefe Área/Sección/Depto./Local,Part Time,Salcobrand,Universitaria,Chile,,2026-07-28,https://salcobrand.trabajando.cl/trabajo-empleo/quimico-a-farmaceutico-a-part-time-vina-del-mar/trabajo/6103070,¿Te motiva trabajar en equipo y asumir...,"¿Te motiva trabajar en equipo y asumir nuevos desafíos?
En Salcobrand nos encontramos en búsqueda de Químicos(as) Farmacéuticos(as) 🧖🏻💙para asumir un rol clave tanto en la gestión del equipo como en la excelencia operacional, con impacto directo en la experiencia de nuestros clientes y en el cumplimiento de los objetivos del negocio.
¿Cuál será tu propósito en este cargo?
Serás responsable de liderar y gestionar al equipo de trabajo, velando por el cumplimiento de las metas comerciales y operacionales del local. Asimismo, deberás garantizar una atención de excelencia, promoviendo una experiencia de compra memorable y fortaleciendo la fidelización de nuestros clientes.
Tenemos para ti los siguientes beneficios:
·        Asignación de bonos en fechas especiales.
·        Programas de formación permanente.
·        Programas de reconocimiento.
·        Celebraciones, sorteos con entretenidos premios y eventos.
·        Otros beneficios.
En Salcobrand nos caracterizamos por ser una empresa que fomenta e impulsa el valor de equipos de trabajos diversos, aceptando el sello propio de cada persona, facilitando así ambientes laborales inclusivos, según la Ley 21.015.
Postula con nosotros y sé parte de una organización comprometida con la salud, donde tu rol marca una real diferencia en la comunidad.",1,"Título en Química y Farmacia.
Conocimiento en Ley de fármacos, Legislación Farmacéutica y Legislación Laboral básica.
Disponibilidad para trabajar domingos y festivos."
Head Comercial Retail Media,Otra Área,"Providencia, Metropolitana de Santiago",Providencia,Metropolitana de Santiago,2026-07-20,6103127,salcobrand,2026-07-20,2026-07-27,0.4294,Analista,Mixta (Teletrabajo + Presencial),Salcobrand,Universitaria,Chile,5 años,2026-07-26,https://salcobrand.trabajando.cl/trabajo-empleo/head-comercial-retail-media/trabajo/6103127,¿Te apasiona la intersección entre...,"¿Te apasiona la intersección entre el marketing digital, la estrategia comercial y el uso analítico de datos? 📉
En Salcobrand nos encontramos en la búsqueda de nuestro/a próximo/a Head Comercial Retail Media para la Gerencia de Marketing, Estrategia Clientes y Comunicaciones.
📣 Tu misión sera:
Liderar el crecimiento y rentabilidad de nuevas líneas de negocio estratégicas, transformando los activos de la compañía en soluciones comerciales atractivas y escalables para partners y grandes cuentas.
Principales funciones:
Diseñar y ejecutar la estrategia comercial para la captación y fidelización de clientes corporativos y agencias.
Desarrollar y optimizar el portafolio de soluciones comerciales de la compañía.
Liderar y motivar al equipo comercial hacia el cumplimiento de metas de ingresos.
Monitorear la efectividad de los proyectos comerciales implementados mediante analítica de negocio.
En Salcobrand fomentamos e impulsamos el valor de equipos de trabajos diversos, aceptando el sello propio de cada persona y facilitando ambientes laborales inclusivos bajo la Ley 21.015. ¡Te invitamos a ser parte de nuestra organización! 💙",1,"🎓 Requisitos del cargo:
Ingeniería Comercial, Civil, Publicidad o carrera afín.
Mínimo 5-7 años de experiencia laboral, con al menos 3 años liderando equipos comerciales.
Experiencia en gestión de cuentas clave (KAM), trade marketing o desarrollo de negocios B2B."
Product Manager de Alianzas y Convenios,Otra Área,"Providencia, Metropolitana de Santiago",Providencia,Metropolitana de Santiago,2026-07-20,6103118,salcobrand,2026-07-20,2026-07-27,0.4291,Analista,Mixta (Teletrabajo + Presencial),Pharma Benefits,Universitaria,Chile,3 años,2026-07-26,https://salcobrand.trabajando.cl/trabajo-empleo/product-manager-de-alianzas-y-convenios/trabajo/6103118,¿Te motiva liderar negociaciones de...,"¿Te motiva liderar negociaciones de alto impacto y gestionar alianzas con grandes marcas e instituciones? En Empresas SB buscamos a nuestro/a próximo/a Product Manager de Alianzas y Convenios para la Gerencia de Pharma Benefits. Tu desafío principal será potenciar la propuesta de valor de la compañía, acelerando el crecimiento y la rentabilidad de nuestra cartera de grandes clientes.
🎯 Tu misión en el equipo
Liderar la estrategia comercial de convenios y alianzas de la compañía. Serás el/la responsable directo/a de construir relaciones a largo plazo con socios estratégicos (como Fonasa, Caja Los Andes, Isapres y más), asegurar el éxito de su implementación operativa, monitorear los KPIs del negocio y activar planes de fidelización que maximicen las ventas.
📌 Desafíos clave
Crecimiento Comercial: Coordinar y ejecutar campañas comerciales estratégicas (Farma y Consumo) comprometidas con las cuentas a cargo.
Control de KPIs: Monitorear permanentemente el comportamiento de las ventas y márgenes para asegurar convenios altamente rentables.
Fidelización y Marketing: Liderar planes de fidelización junto al equipo de Marketing para potenciar el retorno de clientes y el engagement.
Innovación en Productos: Desarrollar y optimizar nuevos modelos de negocio, como ""Convenios Capitados"", incrementando los ingresos del área.
En Empresas SB fomentamos e impulsamos el valor de equipos de trabajos diversos, aceptando el sello propio de cada persona y facilitando ambientes laborales inclusivos bajo la Ley 21.015. ¡Te invitamos a ser parte de nuestra organización!",1,"🎓 ¿Qué buscamos en ti?
Título de Ingeniería Comercial o carrera afín (mínimo 5 años de estudios).
Desde 5 años de experiencia gestionando carteras de grandes clientes, desarrollo de alianzas estratégicas y negociación B2B.
ADN analítico con experiencia en revisión de presupuestos, proyecciones de venta e indicadores comerciales.
Deseable experiencia previa en industrias de salud, seguros, beneficios, retail o laboratorios."
Jefe área Operaciones - Turno nocturno,Otra Área,"Santiago, Metropolitana de Santiago",Santiago,Metropolitana de Santiago,2026-07-20,6103119,salcobrand,2026-07-20,2026-07-27,0.3545,Jefe Área/Sección/Depto./Local,Jornada Completa,Salcobrand,Universitaria,Chile,3 años,2026-07-26,https://salcobrand.trabajando.cl/trabajo-empleo/jefe-area-operaciones-turno-nocturno/trabajo/6103119,En Salcobrand buscamos incorporar a...,"En Salcobrand buscamos incorporar a un Jefe Área Operaciones CD para nuestra Gerencia de Logística. Tu misión será planificar y monitorear de manera estratégica la recepción, almacenamiento y reposición de productos, liderando equipos operacionales para garantizar el nivel de servicio requerido por la compañía y la correcta llegada de productos a nuestros locales.
🎯 Propósito del cargo
Planificar y monitorear estratégicamente la ejecución de la recepción, almacenamiento y reposición de productos SB, asegurando el cumplimiento de las necesidades de los locales Salcobrand y guiando a los equipos para garantizar la continuidad operativa y el nivel de servicio.
📌 Principales funciones
Gestión Operacional: Realizar el seguimiento de la carga de trabajo en el sistema WMS para garantizar el cumplimiento diario de las tareas de recepción y almacenamiento.
Control y Trazabilidad: Administrar los localizadores de tránsito de productos procesados en el CD para asegurar la correcta trazabilidad en los sistemas.
Liderazgo de Equipos: Controlar y guiar a los equipos operacionales de las distintas áreas, asegurando el control de asistencia y el cumplimiento de los objetivos del turno.
Mejora Continua: Implementar eficiencias operacionales orientadas a la optimización de costos y garantizar la calidad de los procesos bajo estándares sanitarios y de seguridad.
Cumplimiento Normativo: Asegurar que el almacenamiento de productos cumpla con las normativas sanitarias vigentes en las zonas declaradas correspondientes.
En Salcobrand fomentamos equipos de trabajo diversos y promovemos ambientes laborales inclusivos, de acuerdo con la Ley 21.015.
¡Súmate y sé parte de una compañía que impacta la vida de millones de personas todos los días!",1,"🎓 Requisitos del cargo
Título profesional de una carrera de 5 años o más (Ingeniería Civil Industrial, Logística o afín).
Desde 5 años de experiencia laboral en operaciones logísticas o centros de distribución.
Manejo de Excel nivel avanzado, conocimiento en SQL (intermedio) y sistemas de administración de almacenes (ERP/WMS).
Experiencia práctica comprobable dirigiendo, guiando y liderando equipos de personas en entornos operativos.
Conocimientos en sistemas de gestión de calidad, control de gestión, y manejo de sustancias y residuos peligrosos.
Disponibilidad para trabajar de manera permanente en Turno Nocturno."
Supervisor Control de Calidad,Otra Área,"Pudahuel, Metropolitana de Santiago",Pudahuel,Metropolitana de Santiago,2026-07-20,6103126,salcobrand,2026-07-20,2026-07-27,0.3925,Supervisor,En terreno,Medcell,Técnico profesional superior,Chile,2 años,2026-07-26,https://salcobrand.trabajando.cl/trabajo-empleo/supervisor-control-de-calidad/trabajo/6103126,En Medcell nos encontramos en la búsqueda...,"En Medcell nos encontramos en la búsqueda de un Supervisor Control de Calidad para nuestra Subgerencia de Calidad y Desarrollo. Tu misión principal será supervisar y coordinar la ejecución de los procesos operativos del área, liderando directamente a nuestro equipo de inspectores para asegurar el estricto cumplimiento de los procedimientos, estándares normativos y controles definidos por la compañía.
🎯 Propósito del cargo:
Supervisar y coordinar la ejecución de los procesos operativos de Control de Calidad, liderando al equipo de Inspectores de Control de Calidad y asegurando el cumplimiento de los procedimientos, estándares normativos y controles definidos, con el fin de garantizar la correcta liberación, almacenamiento y control de los productos y materias primas.
📌 Principales funciones
- Liderazgo Operativo: Supervisar, coordinar y planificar las labores diarias del equipo de Inspectores de Control de Calidad (6 reportes directos), asegurando los estándares operacionales y el cumplimiento de las metas del área.
- Control de Procesos y Normativa: Controlar los procesos de recepción, muestreo, liberación y análisis documental de productos y materias primas para garantizar el estricto cumplimiento normativo y la trazabilidad del Sistema de Gestión de Calidad.
- Gestión Documental y Correctiva: Supervisar la correcta ejecución de los procedimientos, registros, y coordinar el levantamiento de acciones correctivas o desviaciones con el área de Aseguramiento de Calidad.
- Coordinación Externa y Análisis: Gestionar de forma permanente el envío de muestras a laboratorios externos, administrando la documentación asociada y haciendo seguimiento exhaustivo a sus análisis técnicos.
En Medcell, nos caracterizamos por ser una empresa que fomenta e impulsa el valor de equipos de trabajo diversos, aceptando el sello propio de cada colaborador, facilitando así, ambientes laborales inclusivos, según la Ley 21.015",1,"🎓 Requisitos del cargo
- Título Técnico de Nivel Superior o Profesional afín a las áreas de Calidad, Química, Farmacia o Laboratorio (con estudios avanzados completos).
- Desde 2 años de experiencia laboral en áreas de Control de Calidad, habiendo trabajado estrictamente bajo normas de calidad.
- Experiencia práctica y comprobable liderando, guiando o supervisando equipos de trabajo operativos (deseable manejo de equipos de inspección).
- Sólidos conocimientos demostrables en Normas GMP/GDP, Sistemas de Gestión de Calidad, técnicas de muestreo, liberación de productos, manejo documental y trazabilidad."
Administrador de Catálogos Digitales,Otra Área,"Providencia, Metropolitana de Santiago",Providencia,Metropolitana de Santiago,2026-07-20,6103131,salcobrand,2026-07-20,2026-07-27,0.4378,Analista,Mixta (Teletrabajo + Presencial),Salcobrand,Universitaria,Chile,1 años,2026-07-26,https://salcobrand.trabajando.cl/trabajo-empleo/administrador-de-catalogos-digitales/trabajo/6103131,"¿Te apasiona el e-commerce, el SEO...","¿Te apasiona el e-commerce, el SEO y optimizar la experiencia de compra de los usuarios?
En Salcobrand nos encontramos en la búsqueda de nuestro/a próximo/a Administrador de Catálogo Canales Digitales para la Gerencia Nuevos Canales eCommerce. Tu desafío será asegurar la perfecta implementación visual y técnica de nuestro catálogo digital, potenciando su detectabilidad en buscadores internos, motores de Inteligencia Artificial y de forma orgánica en Google.
🎯 Propósito del cargo
Asegurar la correcta implementación del catálogo especificando nombre de productos, descripciones, imágenes y especificaciones de los productos a publicar. Proponer ideas para la mejor gestión del catálogo: detectabilidad por nuestro buscador interno y la correcta implementación de atributos y palabras clave para la detectabilidad de Google para búsquedas orgánicas y de la Inteligencia Artificial.
📌 Principales funciones
Gestión de Fichas de Productos: Crear y actualizar constantemente el catálogo digital, garantizando la precisión, calidad y coherencia de los nombres, descripciones y especificaciones técnicas.
Optimización SEO e IA: Implementar atributos estratégicos y palabras clave en la plataforma e-commerce para maximizar la detectabilidad de los productos en buscadores y motores de IA.
Control Visual y Conversión: Gestionar, adaptar y cargar los recursos gráficos e imágenes de los productos, asegurando una exhibición atractiva, estandarizada y alineada a los objetivos de venta.
Auditoría del Sitio: Monitorear proactivamente la visualización del catálogo en el sitio web para detectar y corregir errores de navegación o inconsistencias que afecten la experiencia del usuario.
En Salcobrand fomentamos e impulsamos el valor de equipos de trabajos diversos, aceptando el sello propio de cada persona y facilitando ambientes laborales inclusivos bajo la Ley 21.015. ¡Te invitamos a ser parte de nuestra organización!",1,"🎓 Requisitos del cargo
Título Técnico de Nivel Superior o Profesional en Ingeniería en Marketing Digital, Publicidad, Ingeniería Comercial, Diseño Digital o afines.
Desde 1 año de experiencia laboral en áreas de ventas o en áreas comerciales de e-commerce."
Vendor Manager Inventory (VMI),Otra Área,"Santiago, Metropolitana de Santiago",Santiago,Metropolitana de Santiago,2026-07-20,6103134,salcobrand,2026-07-20,2026-07-27,0.4573,Analista,Mixta (Teletrabajo + Presencial),Salcobrand,Universitaria,Chile,2 años,2026-07-26,https://salcobrand.trabajando.cl/trabajo-empleo/vendor-manager-inventory-vmi/trabajo/6103134,En Salcobrand buscamos un/a Vendor...,"En Salcobrand buscamos un/a Vendor Manager Inventory para nuestra Gerencia de Gestión de Inventario. Tu desafío principal será liderar de punta a punta el abastecimiento y la distribución de la cuenta Unilever, asegurando la máxima disponibilidad de productos en todos nuestros canales.
🎯 Propósito
Gestionar el abastecimiento estratégico de consumo masivo (compra y distribución) y liderar la relación con el proveedor, asegurando la continuidad operacional y maximizando las ventas de la categoría.
📌 Principales funciones
Abastecimiento: Planificar la compra y distribución para garantizar el stock correcto en toda la cadena de tiendas y canales digitales.
Control de KPIs: Monitorear y optimizar indicadores clave de la cuenta como Nivel de Servicio (%NS), %Fill Rate y Días de Alcance.
Campañas y Promociones: Coordinar el stock oportuno para lanzamientos, inclusiones y productos promocionales.
Eficiencia de Stock: Controlar el sobrestock y el inventario inmovilizado para optimizar la eficiencia de las bodegas.
En Salcobrand fomentamos e impulsamos el valor de equipos de trabajos diversos, aceptando el sello propio de cada persona y facilitando ambientes laborales inclusivos bajo la Ley 21.015. ¡Te invitamos a ser parte de nuestra organización!",1,"🎓 Requisitos
Título de Ingeniería Civil Industrial, Ingeniería Industrial o Ingeniería Comercial.
Desde 2 años de experiencia en Supply Chain, Gestión de Inventario, Abastecimiento o Retail.
Perfil analítico, con excelentes habilidades de comunicación y negociación con proveedores."
Analista Senior Inteligencia Operacional,Otra Área,"Providencia, Metropolitana de Santiago",Providencia,Metropolitana de Santiago,2026-07-20,6103139,salcobrand,2026-07-20,2026-07-27,0.4048,Analista,Mixta (Teletrabajo + Presencial),Salcobrand,Universitaria,Chile,1 años,2026-07-26,https://salcobrand.trabajando.cl/trabajo-empleo/analista-senior-inteligencia-operacional/trabajo/6103139,En Salcobrand buscamos un/A Analista...,"En Salcobrand buscamos un/A Analista Senior de Inteligencia Operacional para nuestra Gerencia de Estándares y Continuidad Operacional. Tu desafío será cruzar variables comerciales y operacionales para proponer mejoras que maximicen la rentabilidad y aseguren la eficiencia de nuestras tiendas.
🎯 Propósito
Asegurar la integridad y confiabilidad de los datos del canal presencial. Realizar análisis vinculando variables comerciales y operacionales usando la IA para proponer a equipos de trabajos oportunidades de mejora y con ello lograr mayor eficiencia y rentabilidad del negocio.
📌 Principales funciones
Calidad de Datos: Velar por la integridad y confiabilidad de la información de operación y ventas de los locales.
Paneles de Estándares: Definir e implementar tableros (dashboards) con estándares de servicio, generando alertas ante desviaciones.
Reportabilidad: Elaborar informes periódicos con resultados operativos y de negocio para distintas instancias de gestión.
Análisis de Desempeño: Identificar focos de trabajo en locales para apoyar el cumplimiento de sus objetivos comerciales.
En Salcobrand fomentamos e impulsamos el valor de equipos de trabajos diversos, aceptando el sello propio de cada persona y facilitando ambientes laborales inclusivos bajo la Ley 21.015. ¡Te invitamos a ser parte de nuestra organización!",1,"🎓 Requisitos
Título profesional universitario o técnico en carreras afines al análisis de datos (mínimo 5 años de carrera).
Desde 3 años de experiencia en análisis cuantitativo de operaciones, estadística comercial y generación de informes.
Manejo intermedio de SQL y/o Redshift, junto con Excel avanzado."
Supervisor/a de Consumo - Temuco,Otra Área,"Temuco, La Araucanía",Temuco,La Araucanía,2026-07-20,6103140,salcobrand,2026-07-20,2026-07-27,0.381,Supervisor,En terreno,Salcobrand,Técnico medio/ colegio técnico,Chile,1 años,2026-07-26,https://salcobrand.trabajando.cl/trabajo-empleo/supervisor-a-de-consumo-temuco/trabajo/6103140,"Si te gustan los desafíos, eres una...","Si te gustan los desafíos, eres una persona proactiva, autónoma, con altos niveles de organización, trabajas colaborativamente y sientes que eres capaz de promover un excelente clima laboral con los más altos estándares de calidad y excelencia, ¡Salcobrand es el lugar indicado para ti!
Nos encontramos en búsqueda de profesional para el cargo de Supervisor/a de Consumo.
¿Cuál será tu desafío en este cargo?
Contribuir en el cumplimiento de las metas y estrategias comerciales del área Dermocosmetica de Salcobrand, brindando un trabajo de excelencia que permita generar valor, buscando oportunidades de mejora que contribuyan con los lineamientos establecidos por el equipo.
Tus principales funciones:
Supervisión y control de procesos comerciales.
Levantamiento de problemas y contingencias en locales.
Buscar o generar oportunidades comerciales
En Salcobrand nos caracterizamos por ser una empresa que fomenta e impulsa el valor de equipos de trabajos diversos, aceptando el sello propio de cada persona, facilitando así ambientes laborales inclusivos, según la Ley 21.015, ¡Súmate y sé parte de nuestra organización!",1,"Desde 1 año de experiencia liderando equipos.
Manejo y conocimiento Office intermedio."
"Jefe de Apertura, Remodelación y Cierre de Locales",Otra Área,"Providencia, Metropolitana de Santiago",Providencia,Metropolitana de Santiago,2026-07-20,6103173,salcobrand,2026-07-20,2026-07-27,0.3748,Analista,Mixta (Teletrabajo + Presencial),Salcobrand,Universitaria,Chile,4 años,2026-07-26,https://salcobrand.trabajando.cl/trabajo-empleo/jefe-de-apertura-remodelacion-y-cierre-de-locales/trabajo/6103173,En Salcobrand nos encontramos en búsqueda...,"En Salcobrand nos encontramos en búsqueda de un/a Jefe/a de Apertura, Remodelación y Cierre de Locales, quien será responsable de liderar y asegurar la correcta ejecución de los procesos de apertura, remodelación y cierre de locales a nivel nacional, cumpliendo con los estándares operacionales, sanitarios y de continuidad definidos por la compañía.
Propósito del cargo
Definir, guiar y controlar la operación de apertura, remodelación y cierre de locales Salcobrand, asegurando una implementación eficiente, en plazo y bajo los estándares establecidos, resguardando la continuidad operacional y los ingresos comprometidos de cada local.
Principales funciones
Definir y mantener los estándares de los procesos de apertura, remodelación y cierre de locales, asegurando su correcta implementación.
Diseñar e implementar un modelo de gestión con métricas claras de desempeño (plazos, impacto en el negocio, cumplimiento de estándares).
Liderar, guiar y controlar al equipo a cargo, asegurando calidad, cumplimiento de plazos y normativas vigentes.
Coordinar transversalmente con distintas áreas de la organización (Inmobiliaria, Legal, Tesorería, entre otras) para la correcta ejecución de los proyectos.
Velar por el cumplimiento de auditorías internas asociadas a la operación de los locales y condiciones definidas para su funcionamiento.
En Salcobrand fomentamos equipos diversos e inclusivos, promoviendo la igualdad de oportunidades y el respeto por las personas, en línea con la Ley 21.015.
📩 Postula y sé parte de una compañía líder en el rubro retail, con foco en la excelencia operacional. 💙",1,"Requisitos
Título profesional de Ingeniería Comercial, Ingeniería Civil Industrial, Administración de Empresas o carrera afín.
Al menos 5 años de experiencia laboral, idealmente liderando equipos y gestionando proyectos operacionales.
Experiencia trabajando con estándares de calidad y coordinación con múltiples áreas.
Manejo avanzado de Office.
Disponibilidad para salidas a terreno frecuentes y viajes dentro del país."
Planner Retail Media,Otra Área,"Providencia, Metropolitana de Santiago",Providencia,Metropolitana de Santiago,2026-07-20,6103405,salcobrand,2026-07-20,2026-07-27,0.5033,Analista,Mixta (Teletrabajo + Presencial),Salcobrand,Universitaria,Chile,1 años,2026-07-26,https://salcobrand.trabajando.cl/trabajo-empleo/planner-retail-media/trabajo/6103405,¿Te motiva conectar los objetivos de...,"¿Te motiva conectar los objetivos de las marcas con potentes estrategias publicitarias en canales físicos y digitales?
En Salcobrand estamos buscando a nuestro/a próximo/a Planner Retail Media para la Gerencia de Marketing, Estrategia Clientes y Comunicaciones.
🎯 Misión del cargo
Tu misión será coordinar y optimizar la ejecución de proyectos y propuestas comerciales para cuentas clave, asegurando el cumplimiento de los objetivos de los partners y maximizando la rentabilidad de las soluciones entregadas por la compañía.
📌 Principales funciones
Diseñar y estructurar propuestas comerciales integrales alineadas a los requerimientos de los clientes.
Coordinar la correcta implementación y seguimiento de los proyectos comerciales asignados, garantizando plazos y entregables.
Monitorear los indicadores clave de rendimiento (KPIs) de las cuentas para proponer mejoras continuas.
Elaborar informes de resultados para los clientes, identificando nuevas oportunidades de negocio.
En Salcobrand fomentamos e impulsamos el valor de equipos de trabajos diversos, aceptando el sello propio de cada persona y facilitando ambientes laborales inclusivos bajo la Ley 21.015. ¡Te invitamos a ser parte de nuestra organización!",1,"🎓 Requisitos del cargo
Título de Publicidad, Ingeniería Comercial o carreras afines.
Entre 1 y 2 años de experiencia laboral.
Experiencia en gestión de proyectos, atención de cuentas o manejo de herramientas analíticas básicas.
Manejo de Excel nivel avanzado."
Químico(a) Farmacéutico(a) Full Time  - Buin,Otra Área,"Buin, Metropolitana de Santiago",Buin,Metropolitana de Santiago,2026-07-20,6103074,salcobrand,2026-07-20,2026-07-23,0.399,Jefe Área/Sección/Depto./Local,Por Turnos,Salcobrand,Universitaria,Chile,,2026-07-28,https://salcobrand.trabajando.cl/trabajo-empleo/quimico-a-farmaceutico-a-full-time-buin/trabajo/6103074,¿Te motiva trabajar en equipo y asumir...,"¿Te motiva trabajar en equipo y asumir nuevos desafíos?
En Salcobrand nos encontramos en búsqueda de Químicos(as) Farmacéuticos(as) 🧖🏻💙para asumir un rol clave tanto en la gestión del equipo como en la excelencia operacional, con impacto directo en la experiencia de nuestros clientes y en el cumplimiento de los objetivos del negocio.
¿Cuál será tu propósito en este cargo?
Serás responsable de liderar y gestionar al equipo de trabajo, velando por el cumplimiento de las metas comerciales y operacionales del local. Asimismo, deberás garantizar una atención de excelencia, promoviendo una experiencia de compra memorable y fortaleciendo la fidelización de nuestros clientes.
Tenemos para ti los siguientes beneficios:
·        Asignación de bonos en fechas especiales.
·        Programas de formación permanente.
·        Programas de reconocimiento.
·        Celebraciones, sorteos con entretenidos premios y eventos.
·        Otros beneficios.
En Salcobrand nos caracterizamos por ser una empresa que fomenta e impulsa el valor de equipos de trabajos diversos, aceptando el sello propio de cada persona, facilitando así ambientes laborales inclusivos, según la Ley 21.015.
Postula con nosotros y sé parte de una organización comprometida con la salud, donde tu rol marca una real diferencia en la comunidad.",1,"Título en Química y Farmacia.
Conocimiento en Ley de fármacos, Legislación Farmacéutica y Legislación Laboral básica.
Disponibilidad para trabajar turnos rotativos 6x1."
Químico(a) Farmacéutico(a) Full Time - Valdivia,Otra Área,"Valdivia, Los Ríos",Valdivia,Los Ríos,2026-07-20,6103076,salcobrand,2026-07-20,2026-07-23,0.3809,Jefe Área/Sección/Depto./Local,Por Turnos,Salcobrand,Universitaria,Chile,,2026-07-28,https://salcobrand.trabajando.cl/trabajo-empleo/quimico-a-farmaceutico-a-full-time-valdivia/trabajo/6103076,¿Te motiva trabajar en equipo y asumir...,"¿Te motiva trabajar en equipo y asumir nuevos desafíos?
En Salcobrand nos encontramos en búsqueda de Químicos(as) Farmacéuticos(as) 🧖🏻💙para asumir un rol clave tanto en la gestión del equipo como en la excelencia operacional, con impacto directo en la experiencia de nuestros clientes y en el cumplimiento de los objetivos del negocio.
¿Cuál será tu propósito en este cargo?
Serás responsable de liderar y gestionar al equipo de trabajo, velando por el cumplimiento de las metas comerciales y operacionales del local. Asimismo, deberás garantizar una atención de excelencia, promoviendo una experiencia de compra memorable y fortaleciendo la fidelización de nuestros clientes.
Tenemos para ti los siguientes beneficios:
·        Asignación de bonos en fechas especiales.
·        Programas de formación permanente.
·        Programas de reconocimiento.
·        Celebraciones, sorteos con entretenidos premios y eventos.
·        Otros beneficios.
En Salcobrand nos caracterizamos por ser una empresa que fomenta e impulsa el valor de equipos de trabajos diversos, aceptando el sello propio de cada persona, facilitando así ambientes laborales inclusivos, según la Ley 21.015.
Postula con nosotros y sé parte de una organización comprometida con la salud, donde tu rol marca una real diferencia en la comunidad.",1,"Título en Química y Farmacia.
Conocimiento en Ley de fármacos, Legislación Farmacéutica y Legislación Laboral básica.
Disponibilidad para trabajar turnos rotativos 6x1."
Químico(a) Farmacéutico(a) Full Time - Las Condes,Otra Área,"Las Condes, Metropolitana de Santiago",Las Condes,Metropolitana de Santiago,2026-07-20,6103077,salcobrand,2026-07-20,2026-07-21,0.4231,Jefe Área/Sección/Depto./Local,Por Turnos,Salcobrand,Universitaria,Chile,2 años,2026-07-28,https://salcobrand.trabajando.cl/trabajo-empleo/quimico-a-farmaceutico-a-full-time-las-condes/trabajo/6103077,¿Te motiva trabajar en equipo y asumir...,"¿Te motiva trabajar en equipo y asumir nuevos desafíos?
En Salcobrand nos encontramos en búsqueda de Químicos(as) Farmacéuticos(as) 🧖🏻💙para asumir un rol clave tanto en la gestión del equipo como en la excelencia operacional, con impacto directo en la experiencia de nuestros clientes y en el cumplimiento de los objetivos del negocio.
¿Cuál será tu propósito en este cargo?
Serás responsable de liderar y gestionar al equipo de trabajo, velando por el cumplimiento de las metas comerciales y operacionales del local. Asimismo, deberás garantizar una atención de excelencia, promoviendo una experiencia de compra memorable y fortaleciendo la fidelización de nuestros clientes.
Tenemos para ti los siguientes beneficios:
·        Asignación de bonos en fechas especiales.
·        Programas de formación permanente.
·        Programas de reconocimiento.
·        Celebraciones, sorteos con entretenidos premios y eventos.
·        Otros beneficios.
En Salcobrand nos caracterizamos por ser una empresa que fomenta e impulsa el valor de equipos de trabajos diversos, aceptando el sello propio de cada persona, facilitando así ambientes laborales inclusivos, según la Ley 21.015.
Postula con nosotros y sé parte de una organización comprometida con la salud, donde tu rol marca una real diferencia en la comunidad.",1,"Título en Química y Farmacia.
Conocimiento en Ley de fármacos, Legislación Farmacéutica y Legislación Laboral básica.
Disponibilidad para trabajar turnos rotativos 6x1."
Químico(a) Farmacéutico(a) Full Time - Rancagua,Otra Área,"Rancagua, Lib. Gral. Bdo. O'Higgins",Rancagua,Lib. Gral. Bdo. O'Higgins,2026-07-20,6103432,salcobrand,2026-07-20,2026-07-21,0.4173,Jefe Área/Sección/Depto./Local,Por Turnos,Salcobrand,Universitaria,Chile,2 años,2026-07-28,https://salcobrand.trabajando.cl/trabajo-empleo/quimico-a-farmaceutico-a-full-time-rancagua/trabajo/6103432,¿Te motiva trabajar en equipo y asumir...,"¿Te motiva trabajar en equipo y asumir nuevos desafíos?
En Salcobrand nos encontramos en búsqueda de Químicos(as) Farmacéuticos(as) 🧖🏻💙para asumir un rol clave tanto en la gestión del equipo como en la excelencia operacional, con impacto directo en la experiencia de nuestros clientes y en el cumplimiento de los objetivos del negocio.
¿Cuál será tu propósito en este cargo?
Serás responsable de liderar y gestionar al equipo de trabajo, velando por el cumplimiento de las metas comerciales y operacionales del local. Asimismo, deberás garantizar una atención de excelencia, promoviendo una experiencia de compra memorable y fortaleciendo la fidelización de nuestros clientes.
Tenemos para ti los siguientes beneficios:
·        Asignación de bonos en fechas especiales.
·        Programas de formación permanente.
·        Programas de reconocimiento.
·        Celebraciones, sorteos con entretenidos premios y eventos.
·        Otros beneficios.
En Salcobrand nos caracterizamos por ser una empresa que fomenta e impulsa el valor de equipos de trabajos diversos, aceptando el sello propio de cada persona, facilitando así ambientes laborales inclusivos, según la Ley 21.015.
Postula con nosotros y sé parte de una organización comprometida con la salud, donde tu rol marca una real diferencia en la comunidad.",1,"Título en Química y Farmacia.
Conocimiento en Ley de fármacos, Legislación Farmacéutica y Legislación Laboral básica.
Disponibilidad para trabajar turnos rotativos 6x1."
Auxiliar de Farmacia Integral - Lo Barnechea (Licencia prolongada),Otra Área,"Lo Barnechea, Metropolitana de Santiago",Lo Barnechea,Metropolitana de Santiago,2026-07-17,6101795,salcobrand,2026-07-17,2026-08-01,0.3558,Técnico,Jornada Completa,Salcobrand,Técnico profesional superior,Chile,,2026-07-31,https://salcobrand.trabajando.cl/trabajo-empleo/auxiliar-de-farmacia-integral-lo-barnechea-licencia-prolongada/trabajo/6101795,¿Buscas un trabajo donde tu vocación...,"¿Buscas un trabajo donde tu vocación de servicio y conocimientos en farmacia marquen la diferencia en el bienestar de las personas?
En Salcobrand 💙 abrimos oportunidades para Auxiliares de Farmacia Integral 🧑🏽 💼💊 interesados en potenciar su carrera y aportar al cuidado y bienestar de la comunidad.
Beneficios para ti :
Asignación de bonos en fechas especiales.
Programas de formación permanente.
Programas de reconocimiento.
Celebraciones, sorteos con entretenidos premios y eventos.
Otros beneficios.
En Salcobrand nos caracterizamos por ser una empresa que fomenta e impulsa el valor de equipos de trabajos diversos, aceptando el sello propio de cada persona, facilitando así ambientes laborales inclusivos, según la Ley 21.015, ¡Súmate y sé parte de nuestra organización!
Postula y sé parte de un equipo comprometido con las personas.",1,"¿Qué necesitamos?
Formación acreditada en farmacia: carnet o certificado de Auxiliar de Farmacia, Auxiliar Paramédico de Farmacia o Título Técnico de Nivel Superior en Farmacia.
Disponibilidad para trabajar jornada completa (42 horas semanales)."
"Auxiliar de Farmacia Integral - Apertura, Viña del Mar",Otra Área,"Viña del Mar, Valparaíso",Viña del Mar,Valparaíso,2026-07-17,6102775,salcobrand,2026-07-17,2026-07-21,0.3698,Técnico,Jornada Completa,Salcobrand,Técnico profesional superior,Chile,,2026-07-31,https://salcobrand.trabajando.cl/trabajo-empleo/auxiliar-de-farmacia-integral-apertura-vina-del-mar/trabajo/6102775,¿Buscas un trabajo donde tu vocación...,"¿Buscas un trabajo donde tu vocación de servicio y conocimientos en farmacia marquen la diferencia en el bienestar de las personas?
En Salcobrand 💙 abrimos oportunidades para Auxiliares de Farmacia Integral 🧑🏽 💼💊 interesados en potenciar su carrera y aportar al cuidado y bienestar de la comunidad.
Beneficios para ti :
Asignación de bonos en fechas especiales.
Programas de formación permanente.
Programas de reconocimiento.
Celebraciones, sorteos con entretenidos premios y eventos.
Otros beneficios.
En Salcobrand nos caracterizamos por ser una empresa que fomenta e impulsa el valor de equipos de trabajos diversos, aceptando el sello propio de cada persona, facilitando así ambientes laborales inclusivos, según la Ley 21.015, ¡Súmate y sé parte de nuestra organización!
Postula y sé parte de un equipo comprometido con las personas.",1,"¿Qué necesitamos?
Formación acreditada en farmacia: carnet o certificado de Auxiliar de Farmacia, Auxiliar Paramédico de Farmacia o Título Técnico de Nivel Superior en Farmacia.
Disponibilidad para trabajar jornada completa (42 horas semanales)."
Jefe de Sala Full Time - Colina,Otra Área,"Colina, Metropolitana de Santiago",Colina,Metropolitana de Santiago,2026-07-15,6102544,salcobrand,2026-07-17,2026-07-23,0.3858,Asistente,Jornada Completa,Salcobrand,Media,Chile,,2026-07-22,https://salcobrand.trabajando.cl/trabajo-empleo/jefe-de-sala-full-time-colina/trabajo/6102544,Salcobrand es una de las principales...,"Salcobrand es una de las principales cadenas farmacéuticas de Chile y estamos en búsqueda de una persona para el cargo de Jefe/a de Sala para trabajar en conjunto con el Jefe/a de Local.
¿Qué tendrás que hacer en este cargo?
Asegurar el cumplimento de las funciones del asistente de sala con el fin de mantener una fluida comunicación con el Jefe/a de local teniendo como foco principal movilizar a través de los asistentes de sala, la correcta implementación de planogramas y exhibiciones comerciales, uso de plataformas digitales, recepción, revisión y reposición oportuna de la mercadería.
En Salcobrand nos caracterizamos por ser una empresa que fomenta e impulsa el valor de equipos de trabajos diversos, aceptando el sello propio de cada persona, facilitando así ambientes laborales inclusivos, según la Ley 21.015, ¡Súmate y sé parte de nuestra organización!",1,"¿Qué necesitas para postular?
· Certificado de enseñanza media.
· Manejo de plataformas digitales (ERP - PDA)
· Manejo de office intermedio.
Algunos beneficios que tenemos para ti:
· Programas de reconocimiento.
· Celebraciones y sorteos con entretenidos premios.
· Días libres.
· Convenios.
· Otros beneficios.
¡Súmate, y sé parte de Salcobrand!"
Consultor/a de DermoSkin Full Time - Copiapó,Otra Área,"Copiapó, Atacama",Copiapó,Atacama,2026-07-15,6102442,salcobrand,2026-07-17,2026-07-23,0.3703,Vendedor,Jornada Completa,Preunic,Técnico profesional superior,Chile,1 años,2026-07-22,https://salcobrand.trabajando.cl/trabajo-empleo/consultor-a-de-dermoskin-full-time-copiapo/trabajo/6102442,"El equipo Preunic Copiapó , referente...","El equipo Preunic Copiapó, referente en el área de la belleza y perfumería 💄, quiere contar contigo.
Buscamos que puedas orientar y asesorar de manera experta y personalizada a quienes nos visitan 🤝, entregando soluciones acordes a las necesidades específicas de cada tipo de piel.
Tu rol será interpretar sus inquietudes, educar, acompañar el proceso de decisión y brindar una experiencia de compra diferenciadora, entregando una atención personalizada acorde a las necesidades de cada cliente, con sólidos conocimientos en el área de la dermocosmética 🧴🌿.
Si te apasiona el cuidado de la piel 💆🏻 , tienes vocación de servicio, orientación al cliente y ganas de aprender constantemente, y además cuentas con formación en Cosmetología/Estética Integral (excluyente), ¡queremos conocerte! 🙌
Súmate a una empresa inclusiva, diversa e innovadora 🌈, donde podrás capacitarte y desarrollarte, con oportunidades reales para crecer profesionalmente dentro de la organización 📈 .
¡Postula y sé parte de la experiencia Dermo Preunic! 💫
#HayPega #CreemosEnTiEmpresasSB #SomosDiversidad #DermoSkin #BellezaConExpertise",1,"Requisitos:
Disponibilidad para trabajar en turnos rotativas de Lunes a Domingo (5x2 y 6x1)
Cumplir con mayoría de edad
Tener certificación de Cosmetología/Estética Integral"
"Jefe de Apertura, Remodelación y Cierre de Locales",Otra Área,"Providencia, Metropolitana de Santiago",Providencia,Metropolitana de Santiago,2026-07-15,6102268,salcobrand,2026-07-17,2026-07-20,0.38,Analista,Mixta (Teletrabajo + Presencial),Salcobrand,Universitaria,Chile,4 años,2026-07-19,https://salcobrand.trabajando.cl/trabajo-empleo/jefe-de-apertura-remodelacion-y-cierre-de-locales/trabajo/6102268,En Salcobrand nos encontramos en búsqueda...,"En Salcobrand nos encontramos en búsqueda de un/a Jefe/a de Apertura, Remodelación y Cierre de Locales, quien será responsable de liderar y asegurar la correcta ejecución de los procesos de apertura, remodelación y cierre de locales a nivel nacional, cumpliendo con los estándares operacionales, sanitarios y de continuidad definidos por la compañía.
Propósito del cargo
Definir, guiar y controlar la operación de apertura, remodelación y cierre de locales Salcobrand, asegurando una implementación eficiente, en plazo y bajo los estándares establecidos, resguardando la continuidad operacional y los ingresos comprometidos de cada local.
Principales funciones
Definir y mantener los estándares de los procesos de apertura, remodelación y cierre de locales, asegurando su correcta implementación.
Diseñar e implementar un modelo de gestión con métricas claras de desempeño (plazos, impacto en el negocio, cumplimiento de estándares).
Liderar, guiar y controlar al equipo a cargo, asegurando calidad, cumplimiento de plazos y normativas vigentes.
Coordinar transversalmente con distintas áreas de la organización (Inmobiliaria, Legal, Tesorería, entre otras) para la correcta ejecución de los proyectos.
Velar por el cumplimiento de auditorías internas asociadas a la operación de los locales y condiciones definidas para su funcionamiento.
En Salcobrand fomentamos equipos diversos e inclusivos, promoviendo la igualdad de oportunidades y el respeto por las personas, en línea con la Ley 21.015.
📩 Postula y sé parte de una compañía líder en el rubro retail, con foco en la excelencia operacional. 💙",1,"Requisitos
Título profesional de Ingeniería Comercial, Ingeniería Civil Industrial, Administración de Empresas o carrera afín.
Al menos 5 años de experiencia laboral, idealmente liderando equipos y gestionando proyectos operacionales.
Experiencia trabajando con estándares de calidad y coordinación con múltiples áreas.
Manejo avanzado de Office.
Disponibilidad para salidas a terreno frecuentes y viajes dentro del país."
Químico(a) Farmacéutico(a) Full Time  - Viña del Mar,Otra Área,"Viña del Mar, Valparaíso",Viña del Mar,Valparaíso,2026-07-15,6102191,salcobrand,2026-07-17,2026-07-20,0.4128,Jefe Área/Sección/Depto./Local,Jornada Completa,Salcobrand,Universitaria,Chile,,2026-07-22,https://salcobrand.trabajando.cl/trabajo-empleo/quimico-a-farmaceutico-a-full-time-vina-del-mar/trabajo/6102191,¿Te motiva trabajar en equipo y asumir...,"¿Te motiva trabajar en equipo y asumir nuevos desafíos?
En Salcobrand nos encontramos en búsqueda de Químicos(as) Farmacéuticos(as) 🧖🏻💙para asumir un rol clave tanto en la gestión del equipo como en la excelencia operacional, con impacto directo en la experiencia de nuestros clientes y en el cumplimiento de los objetivos del negocio.
¿Cuál será tu propósito en este cargo?
Serás responsable de liderar y gestionar al equipo de trabajo, velando por el cumplimiento de las metas comerciales y operacionales del local. Asimismo, deberás garantizar una atención de excelencia, promoviendo una experiencia de compra memorable y fortaleciendo la fidelización de nuestros clientes.
Tenemos para ti los siguientes beneficios:
·        Asignación de bonos en fechas especiales.
·        Programas de formación permanente.
·        Programas de reconocimiento.
·        Celebraciones, sorteos con entretenidos premios y eventos.
·        Otros beneficios.
En Salcobrand nos caracterizamos por ser una empresa que fomenta e impulsa el valor de equipos de trabajos diversos, aceptando el sello propio de cada persona, facilitando así ambientes laborales inclusivos, según la Ley 21.015.
Postula con nosotros y sé parte de una organización comprometida con la salud, donde tu rol marca una real diferencia en la comunidad.",1,"Título en Química y Farmacia.
Conocimiento en Ley de fármacos, Legislación Farmacéutica y Legislación Laboral básica.
Disponibilidad para trabajar turnos rotativos 6x1."
Químico(a) Farmacéutico(a) Full Time  - Buin,Otra Área,"Buin, Metropolitana de Santiago",Buin,Metropolitana de Santiago,2026-07-15,6102184,salcobrand,2026-07-17,2026-07-20,0.4145,Jefe Área/Sección/Depto./Local,Jornada Completa,Salcobrand,Universitaria,Chile,,2026-07-22,https://salcobrand.trabajando.cl/trabajo-empleo/quimico-a-farmaceutico-a-full-time-buin/trabajo/6102184,¿Te motiva trabajar en equipo y asumir...,"¿Te motiva trabajar en equipo y asumir nuevos desafíos?
En Salcobrand nos encontramos en búsqueda de Químicos(as) Farmacéuticos(as) 🧖🏻💙para asumir un rol clave tanto en la gestión del equipo como en la excelencia operacional, con impacto directo en la experiencia de nuestros clientes y en el cumplimiento de los objetivos del negocio.
¿Cuál será tu propósito en este cargo?
Serás responsable de liderar y gestionar al equipo de trabajo, velando por el cumplimiento de las metas comerciales y operacionales del local. Asimismo, deberás garantizar una atención de excelencia, promoviendo una experiencia de compra memorable y fortaleciendo la fidelización de nuestros clientes.
Tenemos para ti los siguientes beneficios:
·        Asignación de bonos en fechas especiales.
·        Programas de formación permanente.
·        Programas de reconocimiento.
·        Celebraciones, sorteos con entretenidos premios y eventos.
·        Otros beneficios.
En Salcobrand nos caracterizamos por ser una empresa que fomenta e impulsa el valor de equipos de trabajos diversos, aceptando el sello propio de cada persona, facilitando así ambientes laborales inclusivos, según la Ley 21.015.
Postula con nosotros y sé parte de una organización comprometida con la salud, donde tu rol marca una real diferencia en la comunidad.",1,"Título en Química y Farmacia.
Conocimiento en Ley de fármacos, Legislación Farmacéutica y Legislación Laboral básica.
Disponibilidad para trabajar turnos rotativos 6x1."
Químico(a) Farmacéutico(a) Full Time  - Los Ángeles,Otra Área,"Los Ángeles, Biobío",Los Ángeles,Biobío,2026-07-15,6102189,salcobrand,2026-07-17,2026-07-20,0.3965,Jefe Área/Sección/Depto./Local,Jornada Completa,Salcobrand,Universitaria,Chile,,2026-07-22,https://salcobrand.trabajando.cl/trabajo-empleo/quimico-a-farmaceutico-a-full-time-los-angeles/trabajo/6102189,¿Te motiva trabajar en equipo y asumir...,"¿Te motiva trabajar en equipo y asumir nuevos desafíos?
En Salcobrand nos encontramos en búsqueda de Químicos(as) Farmacéuticos(as) 🧖🏻💙para asumir un rol clave tanto en la gestión del equipo como en la excelencia operacional, con impacto directo en la experiencia de nuestros clientes y en el cumplimiento de los objetivos del negocio.
¿Cuál será tu propósito en este cargo?
Serás responsable de liderar y gestionar al equipo de trabajo, velando por el cumplimiento de las metas comerciales y operacionales del local. Asimismo, deberás garantizar una atención de excelencia, promoviendo una experiencia de compra memorable y fortaleciendo la fidelización de nuestros clientes.
Tenemos para ti los siguientes beneficios:
·        Asignación de bonos en fechas especiales.
·        Programas de formación permanente.
·        Programas de reconocimiento.
·        Celebraciones, sorteos con entretenidos premios y eventos.
·        Otros beneficios.
En Salcobrand nos caracterizamos por ser una empresa que fomenta e impulsa el valor de equipos de trabajos diversos, aceptando el sello propio de cada persona, facilitando así ambientes laborales inclusivos, según la Ley 21.015.
Postula con nosotros y sé parte de una organización comprometida con la salud, donde tu rol marca una real diferencia en la comunidad.",1,"Título en Química y Farmacia.
Conocimiento en Ley de fármacos, Legislación Farmacéutica y Legislación Laboral básica.
Disponibilidad para trabajar turnos rotativos 6x1."
Químico(a) Farmacéutico(a) Part Time  - Viña del Mar,Otra Área,"Viña del Mar, Valparaíso",Viña del Mar,Valparaíso,2026-07-15,6102193,salcobrand,2026-07-17,2026-07-20,0.4154,Jefe Área/Sección/Depto./Local,Part Time,Salcobrand,Universitaria,Chile,,2026-07-22,https://salcobrand.trabajando.cl/trabajo-empleo/quimico-a-farmaceutico-a-part-time-vina-del-mar/trabajo/6102193,¿Te motiva trabajar en equipo y asumir...,"¿Te motiva trabajar en equipo y asumir nuevos desafíos?
En Salcobrand nos encontramos en búsqueda de Químicos(as) Farmacéuticos(as) 🧖🏻💙para asumir un rol clave tanto en la gestión del equipo como en la excelencia operacional, con impacto directo en la experiencia de nuestros clientes y en el cumplimiento de los objetivos del negocio.
¿Cuál será tu propósito en este cargo?
Serás responsable de liderar y gestionar al equipo de trabajo, velando por el cumplimiento de las metas comerciales y operacionales del local. Asimismo, deberás garantizar una atención de excelencia, promoviendo una experiencia de compra memorable y fortaleciendo la fidelización de nuestros clientes.
Tenemos para ti los siguientes beneficios:
·        Asignación de bonos en fechas especiales.
·        Programas de formación permanente.
·        Programas de reconocimiento.
·        Celebraciones, sorteos con entretenidos premios y eventos.
·        Otros beneficios.
En Salcobrand nos caracterizamos por ser una empresa que fomenta e impulsa el valor de equipos de trabajos diversos, aceptando el sello propio de cada persona, facilitando así ambientes laborales inclusivos, según la Ley 21.015.
Postula con nosotros y sé parte de una organización comprometida con la salud, donde tu rol marca una real diferencia en la comunidad.",1,"Título en Química y Farmacia.
Conocimiento en Ley de fármacos, Legislación Farmacéutica y Legislación Laboral básica.
Disponibilidad para trabajar domingos y festivos."
Consultor/a de Belleza Part Time - Costanera Center,Otra Área,"Providencia, Metropolitana de Santiago",Providencia,Metropolitana de Santiago,2026-07-15,6102474,salcobrand,2026-07-17,2026-07-20,0.3549,Asistente,Part Time,Preunic,Media,Chile,1 años,2026-07-22,https://salcobrand.trabajando.cl/trabajo-empleo/consultor-a-de-belleza-part-time-costanera-center/trabajo/6102474,"El equipo Preunic de Costanera Center,...","El equipo Preunic de Costanera Center, reconocido como la Empresa N° 1 en Perfumería quiere contar contigo y todas tus ganas de aprender.
Deseamos que puedas orientar y asesorar a quienes nos visitan sobre productos de Belleza y Cuidado Personal (Maquillaje, Tipos de Piel y Tendencias), interpretando sus necesidades y acompañándolo a hacer click con las grandes marcas que trabajamos.
Si lo anterior te describe y además tienes experiencia en ventas y atención al cliente, conoces sobre el área cosmética y de cuidado personal y te acomodan trabajar con turnos rotativos 30 horas ( 5x 2 y 6x 1) ¡Queremos conocerte!
¡No te pierdas la oportunidad de postular a una empresa inclusiva, diversa e innovadora, en la que podrás capacitarte, crecer y optar a múltiples beneficios!
#HayPega #CreemosEnTiEmpresasSB #SomosDiversidad #Belleza",1,"Requisitos:
Disponibilidad para trabajar en turnos rotativas
Cumplir con mayoría de edad"
Auxiliar de Farmacia Integral Part Time - Lo Barnechea,Otra Área,"Lo Barnechea, Metropolitana de Santiago",Lo Barnechea,Metropolitana de Santiago,2026-07-14,6101842,salcobrand,2026-07-17,2026-07-23,0.4037,Técnico,Part Time,Salcobrand,Técnico profesional superior,Chile,,2026-07-31,https://salcobrand.trabajando.cl/trabajo-empleo/auxiliar-de-farmacia-integral-part-time-lo-barnechea/trabajo/6101842,¿Buscas un trabajo donde tu vocación...,"¿Buscas un trabajo donde tu vocación de servicio y conocimientos en farmacia marquen la diferencia en el bienestar de las personas?
En Salcobrand 💙 abrimos oportunidades para Auxiliares de Farmacia Integral 🧑🏽 💼💊 interesados en potenciar su carrera y aportar al cuidado y bienestar de la comunidad.
Beneficios para ti :
Asignación de bonos en fechas especiales.
Programas de formación permanente.
Programas de reconocimiento.
Celebraciones, sorteos con entretenidos premios y eventos.
Otros beneficios.
En Salcobrand nos caracterizamos por ser una empresa que fomenta e impulsa el valor de equipos de trabajos diversos, aceptando el sello propio de cada persona, facilitando así ambientes laborales inclusivos, según la Ley 21.015, ¡Súmate y sé parte de nuestra organización!
Postula y sé parte de un equipo comprometido con las personas.",1,"¿Qué necesitamos?
Formación acreditada en farmacia: carnet o certificado de Auxiliar de Farmacia, Auxiliar Paramédico de Farmacia o Título Técnico de Nivel Superior en Farmacia.
Disponibilidad para trabajar jornada part time, para cubrir turnos en la semana, fin de semana y festivos, minimo 20 y maximo 30 hrs."
Auxiliar de Farmacia Integral - Ñuñoa (Licencia prolongada),Otra Área,"Ñuñoa, Metropolitana de Santiago",Ñuñoa,Metropolitana de Santiago,2026-07-14,6101798,salcobrand,2026-07-17,2026-07-23,0.3541,Técnico,Jornada Completa,Salcobrand,Técnico profesional superior,Chile,,2026-07-31,https://salcobrand.trabajando.cl/trabajo-empleo/auxiliar-de-farmacia-integral-nunoa-licencia-prolongada/trabajo/6101798,¿Buscas un trabajo donde tu vocación...,"¿Buscas un trabajo donde tu vocación de servicio y conocimientos en farmacia marquen la diferencia en el bienestar de las personas?
En Salcobrand 💙 abrimos oportunidades para Auxiliares de Farmacia Integral 🧑🏽 💼💊 interesados en potenciar su carrera y aportar al cuidado y bienestar de la comunidad.
Beneficios para ti :
Asignación de bonos en fechas especiales.
Programas de formación permanente.
Programas de reconocimiento.
Celebraciones, sorteos con entretenidos premios y eventos.
Otros beneficios.
En Salcobrand nos caracterizamos por ser una empresa que fomenta e impulsa el valor de equipos de trabajos diversos, aceptando el sello propio de cada persona, facilitando así ambientes laborales inclusivos, según la Ley 21.015, ¡Súmate y sé parte de nuestra organización!
Postula y sé parte de un equipo comprometido con las personas.",1,"¿Qué necesitamos?
Formación acreditada en farmacia: carnet o certificado de Auxiliar de Farmacia, Auxiliar Paramédico de Farmacia o Título Técnico de Nivel Superior en Farmacia.
Disponibilidad para trabajar jornada completa (42 horas semanales)."
Asistente de Ingresos Contables - Reemplazo pre y post natal,Otra Área,"Santiago, Metropolitana de Santiago",Santiago,Metropolitana de Santiago,2026-07-14,6102107,salcobrand,2026-07-17,2026-07-22,0.3941,Analista,Teletrabajo,Empresas SB,Media,Chile,1 años,2026-07-21,https://salcobrand.trabajando.cl/trabajo-empleo/asistente-de-ingresos-contables-reemplazo-pre-y-post-natal/trabajo/6102107,"En Empresas SB (Salcobrand, Preunic...","En Empresas SB (Salcobrand, Preunic y Filiales) buscamos un/a Analista de Ingresos para un reemplazo temporal en nuestra Gerencia de Contabilidad.
🎯 Propósito
Revisar, analizar e ingresar los documentos tributarios a la contabilidad de la empresa para cumplir rigurosamente con los plazos legales y asegurar la gestión oportuna de sus pagos.
📌 Principales funciones
Gestión SII: Preparar e ingresar informes contables en la plataforma del SII para su validación legal.
Validación de Gastos: Clasificar y asociar gastos, insumos y activos fijos en el sistema contable Financial.
Control de Existencias: Analizar la compra de existencias y revisar provisiones para validar notas de crédito.
Rendición de Cajas: Monitorear y procesar los fondos fijos y rendiciones de caja chica de las sucursales.
En Empresas SB fomentamos e impulsamos el valor de equipos de trabajos diversos, aceptando el sello propio de cada persona y facilitando ambientes laborales inclusivos bajo la Ley 21.015. ¡Te invitamos a ser parte de nuestra organización!",1,"🎓 Requisitos del cargo
Enseñanza media completa.
Conocimientos tributarios y de conceptos y aplicación en tratamientos de cuentas contables.
Manejo de plataforma SII."
Desarrollador/a Backend,Otra Área,"San Bernardo, Metropolitana de Santiago",San Bernardo,Metropolitana de Santiago,2026-07-14,6102080,salcobrand,2026-07-17,2026-07-22,0.3832,Desarrollador,Mixta (Teletrabajo + Presencial),Empresas SB,Técnico profesional superior,Chile,3 años,2026-07-21,https://salcobrand.trabajando.cl/trabajo-empleo/desarrollador-a-backend/trabajo/6102080,"Si te gustan los desafíos, eres una...","Si te gustan los desafíos, eres una persona proactiva, autónoma, con altos niveles de organización, trabajas colaborativamente y sientes que eres capaz de promover un excelente clima laboral con los más altos estándares de calidad y excelencia, ¡Empresas SB es el lugar indicado para ti!
Nos encontramos en búsqueda de profesional para el cargo de Desarrollador/a Backend.
¿Cuál será tu desafío en este cargo?
Crear o mantener soluciones de Software utilizando lenguajes de programación, siguiendo los lineamientos de las metodologías de desarrollo para cumplir con los objetivos de las células en las que participarás dentro del marco ágil.
Tus principales funciones:
Analizar y programar las soluciones de software que cumplan con las definiciones dadas.
Mantener un código fuente eficiente y adaptable para ser unido a código de otros programadores.
Cumplir con las metodologías y arquitecturas definidas para el desarrollo de software.
Participar activamente en las células ágiles de trabajo.
En Empresas SB nos caracterizamos por ser una empresa que fomenta e impulsa el valor de equipos de trabajos diversos, aceptando el sello propio de cada persona, facilitando así ambientes laborales inclusivos, según la Ley 21.015, ¡Súmate y sé parte de nuestra organización!",1,"Experiencia en desarrollo de soluciones informáticas.
Experiencia de al menos 3 años trabajando con Spring Boot.
Título de Analista en Programación, Técnico en Programación, Ingeniería Informática o afín."
Consultor/a Belleza Full Time  - Preunic Mall Plaza Vespucio,Otra Área,"La Florida, Metropolitana de Santiago",La Florida,Metropolitana de Santiago,2026-07-14,6101891,salcobrand,2026-07-17,2026-07-22,0.3428,Vendedor,Jornada Completa,Preunic,Media,Chile,1 años,2026-07-21,https://salcobrand.trabajando.cl/trabajo-empleo/consultor-a-belleza-full-time-preunic-mall-plaza-vespucio/trabajo/6101891,El equipo Preunic Mall Plaza Vespucio...,"El equipo Preunic Mall Plaza Vespucio reconocido como la Empresa N° 1 en Perfumería quiere contar contigo y todas tus ganas de aprender.
Deseamos que puedas orientar y asesorar a quienes nos visitan sobre productos de Belleza y Cuidado Personal (Maquillaje, Tipos de Piel y Tendencias), interpretando sus necesidades y acompañándolo a hacer click con las grandes marcas que trabajamos.
Si lo anterior te describe y además tienes experiencia en ventas y atención al cliente, conoces sobre el área cosmética y de cuidado personal y te acomodan trabajar con turnos rotativos 42 horas ( 5x 2 y 6x 1) ¡Queremos conocerte!
¡No te pierdas la oportunidad de postular a una empresa inclusiva, diversa e innovadora, en la que podrás capacitarte, crecer y optar a múltiples beneficios!
#HayPega #CreemosEnTiEmpresasSB #SomosDiversidad #Belleza",1,"Disponibilidad para trabajar en turnos rotativas
Cumplir con mayoría de edad"
Cosmetóloga/Esteticista Preunic 30 hrs Part Time - Preunic Punta Arenas,Otra Área,"Punta Arenas, Magallanes y Antártica Chilena",Punta Arenas,Magallanes y Antártica Chilena,2026-07-14,6101843,salcobrand,2026-07-17,2026-07-22,0.3336,Vendedor,Part Time,Preunic,Media,Chile,,2026-07-21,https://salcobrand.trabajando.cl/trabajo-empleo/cosmetologa-esteticista-preunic-30-hrs-part-time-preunic-punta-arenas/trabajo/6101843,El equipo de nuestra nueva tienda en...,"El equipo de nuestra nueva tienda en Preunic Punta Arenas reconocido como la Empresa N° 1 en Perfumería quiere contar contigo y todas tus ganas de aprender.
Como SkinExpert, deseamos que puedas orientar y asesorar a quienes nos visitan sobre productos de Belleza y Cuidado Personal (Maquillaje, Tipos de Piel y Tendencias), interpretando sus necesidades y acompañándolo a hacer click con las grandes marcas que trabajamos.
Si lo anterior te describe y además tienes experiencia en ventas y atención al cliente, tienes conocimientos sobre el área cosmética, dermatología y de cuidado personal y te acomodan jornada Part-Time (30 horas) con turnos rotativos de lunes a Domingo ¡Queremos conocerte!
En Empresas SB nos caracterizamos por ser una empresa que fomenta e impulsa el valor de equipos de trabajos diversos, aceptando el sello propio de cada persona, facilitando así ambientes laborales inclusivos, según la Ley 21.015, ¡No te pierdas la oportunidad de postular y ser parte de nuestra organización!",1,"- Experiencia en venta y/o atención al cliente
- Contar con título de Cosmetología/Estética Integral o cursos en piel, o experiencia en dermocosmética (comprobable)
- Disponibilidad para trabajar en jornada Part-Time (30 horas) con turnos rotativos de lunes a Domingo"
Operador/a CCTV - Las Condes,Otra Área,"San Bernardo, Metropolitana de Santiago",San Bernardo,Metropolitana de Santiago,2026-07-14,6101781,salcobrand,2026-07-17,2026-07-22,0.3786,Operario,Jornada Completa,Empresas SB,Media,Chile,1 años,2026-07-21,https://salcobrand.trabajando.cl/trabajo-empleo/operador-a-cctv-las-condes/trabajo/6101781,"Si te gustan los desafíos, eres una...","Si te gustan los desafíos, eres una persona proactiva, autónoma, con altos niveles de organización, trabajas colaborativamente y sientes que eres capaz de promover un excelente clima laboral con los más altos estándares de calidad y excelencia, ¡Empresas SB es el lugar indicado para ti!
Nos encontramos en búsqueda de profesional para el cargo de Operador/a CCTV.
¿Cuál será tu desafío en este cargo?
Deberás coordinar procedimientos de seguridad a partir de la información recibida desde los medios de seguridad electrónica (Circuito Cerrado de Televisión CCTV, alarmas y otros eventuales), reportando a Jefe de Seguridad electrónica sobre situaciones de seguridad.
Principales funciones:
Monitorear y administrar permanentemente la información recibida desde el sistema de CCTV y sistemas de Alarma en la Central de Monitoreo.
Informar a su jefatura cualquier irregularidad.
Coordinar acciones conforme a Protocolo con Policías, jefes de locales, zonales, supervisor de seguridad, u otros, cuando observe y/o reciba alertas sobre irregularidades.
En Empresas SB nos caracterizamos por ser una empresa que fomenta e impulsa el valor de equipos de trabajos diversos, aceptando el sello propio de cada persona, facilitando así ambientes laborales inclusivos, según la Ley 21.015, ¡Súmate y sé parte de nuestra organización!
En Empresas SB, nuestra gente es nuestro mayor activo. Trabajamos para crear un entorno que celebre tanto a nuestros colaboradores, como la diversidad de habilidades, orígenes y experiencias vitales dentro de nuestro lugar de trabajo.",1,"Manejo de CCTV o de temas asociados.
Experiencia en seguridad en Retail y/o logística.
Disponibilidad turnos son 4x4 rotativos de 07:00 am a 19:00 hrs y 19:00 hrs a 07:00 am."
Químico(a) Farmacéutico(a) Part Time - Temuco,Otra Área,"Temuco, La Araucanía",Temuco,La Araucanía,2026-07-14,6101973,salcobrand,2026-07-17,2026-07-20,0.406,Jefe Área/Sección/Depto./Local,Part Time,Salcobrand,Universitaria,Chile,,2026-07-21,https://salcobrand.trabajando.cl/trabajo-empleo/quimico-a-farmaceutico-a-part-time-temuco/trabajo/6101973,¿Te motiva trabajar en equipo y asumir...,"¿Te motiva trabajar en equipo y asumir nuevos desafíos?
En Salcobrand nos encontramos en búsqueda de Químicos(as) Farmacéuticos(as)  🧖🏻💙para asumir un rol clave tanto en la gestión del equipo como en la excelencia operacional, con impacto directo en la experiencia de nuestros clientes y en el cumplimiento de los objetivos del negocio.
¿Cuál será tu propósito en este cargo?
Serás responsable de liderar y gestionar al equipo de trabajo, velando por el cumplimiento de las metas comerciales y operacionales del local. Asimismo, deberás garantizar una atención de excelencia, promoviendo una experiencia de compra memorable y fortaleciendo la fidelización de nuestros clientes.
Tenemos para ti los siguientes beneficios:
·        Asignación de bonos en fechas especiales.
·        Programas de formación permanente.
·        Programas de reconocimiento.
·        Celebraciones, sorteos con entretenidos premios y eventos.
·        Otros beneficios.
En Salcobrand nos caracterizamos por ser una empresa que fomenta e impulsa el valor de equipos de trabajos diversos, aceptando el sello propio de cada persona, facilitando así ambientes laborales inclusivos, según la Ley 21.015.
Postula con nosotros y sé parte de una organización comprometida con la salud, donde tu rol marca una real diferencia en la comunidad.",1,"Título en Química y Farmacia.
Conocimiento en Ley de fármacos, Legislación Farmacéutica y Legislación Laboral básica.
Disponibilidad para trabajar turno part time, Domingo y Festivos."
Vendor Manager Inventory (VMI),Otra Área,"Santiago, Metropolitana de Santiago",Santiago,Metropolitana de Santiago,2026-07-13,6101286,salcobrand,2026-07-17,2026-07-20,0.4595,Analista,Mixta (Teletrabajo + Presencial),Salcobrand,Universitaria,Chile,2 años,2026-07-19,https://salcobrand.trabajando.cl/trabajo-empleo/vendor-manager-inventory-vmi/trabajo/6101286,En Salcobrand buscamos un/a Vendor...,"En Salcobrand buscamos un/a Vendor Manager Inventory para nuestra Gerencia de Gestión de Inventario. Tu desafío principal será liderar de punta a punta el abastecimiento y la distribución de la cuenta Unilever, asegurando la máxima disponibilidad de productos en todos nuestros canales.
🎯 Propósito
Gestionar el abastecimiento estratégico de consumo masivo (compra y distribución) y liderar la relación con el proveedor, asegurando la continuidad operacional y maximizando las ventas de la categoría.
📌 Principales funciones
Abastecimiento: Planificar la compra y distribución para garantizar el stock correcto en toda la cadena de tiendas y canales digitales.
Control de KPIs: Monitorear y optimizar indicadores clave de la cuenta como Nivel de Servicio (%NS), %Fill Rate y Días de Alcance.
Campañas y Promociones: Coordinar el stock oportuno para lanzamientos, inclusiones y productos promocionales.
Eficiencia de Stock: Controlar el sobrestock y el inventario inmovilizado para optimizar la eficiencia de las bodegas.
En Salcobrand fomentamos e impulsamos el valor de equipos de trabajos diversos, aceptando el sello propio de cada persona y facilitando ambientes laborales inclusivos bajo la Ley 21.015. ¡Te invitamos a ser parte de nuestra organización!",1,"🎓 Requisitos
Título de Ingeniería Civil Industrial, Ingeniería Industrial o Ingeniería Comercial.
Desde 2 años de experiencia en Supply Chain, Gestión de Inventario, Abastecimiento o Retail.
Perfil analítico, con excelentes habilidades de comunicación y negociación con proveedores."
Jefe área Operaciones - Turno nocturno,Otra Área,"Santiago, Metropolitana de Santiago",Santiago,Metropolitana de Santiago,2026-07-13,6101263,salcobrand,2026-07-17,2026-07-20,0.3548,Jefe Área/Sección/Depto./Local,Jornada Completa,Salcobrand,Universitaria,Chile,3 años,2026-07-19,https://salcobrand.trabajando.cl/trabajo-empleo/jefe-area-operaciones-turno-nocturno/trabajo/6101263,En Salcobrand buscamos incorporar a...,"En Salcobrand buscamos incorporar a un Jefe Área Operaciones CD para nuestra Gerencia de Logística. Tu misión será planificar y monitorear de manera estratégica la recepción, almacenamiento y reposición de productos, liderando equipos operacionales para garantizar el nivel de servicio requerido por la compañía y la correcta llegada de productos a nuestros locales.
🎯 Propósito del cargo
Planificar y monitorear estratégicamente la ejecución de la recepción, almacenamiento y reposición de productos SB, asegurando el cumplimiento de las necesidades de los locales Salcobrand y guiando a los equipos para garantizar la continuidad operativa y el nivel de servicio.
📌 Principales funciones
Gestión Operacional: Realizar el seguimiento de la carga de trabajo en el sistema WMS para garantizar el cumplimiento diario de las tareas de recepción y almacenamiento.
Control y Trazabilidad: Administrar los localizadores de tránsito de productos procesados en el CD para asegurar la correcta trazabilidad en los sistemas.
Liderazgo de Equipos: Controlar y guiar a los equipos operacionales de las distintas áreas, asegurando el control de asistencia y el cumplimiento de los objetivos del turno.
Mejora Continua: Implementar eficiencias operacionales orientadas a la optimización de costos y garantizar la calidad de los procesos bajo estándares sanitarios y de seguridad.
Cumplimiento Normativo: Asegurar que el almacenamiento de productos cumpla con las normativas sanitarias vigentes en las zonas declaradas correspondientes.
En Salcobrand fomentamos equipos de trabajo diversos y promovemos ambientes laborales inclusivos, de acuerdo con la Ley 21.015.
¡Súmate y sé parte de una compañía que impacta la vida de millones de personas todos los días!",1,"🎓 Requisitos del cargo
Título profesional de una carrera de 5 años o más (Ingeniería Civil Industrial, Logística o afín).
Desde 5 años de experiencia laboral en operaciones logísticas o centros de distribución.
Manejo de Excel nivel avanzado, conocimiento en SQL (intermedio) y sistemas de administración de almacenes (ERP/WMS).
Experiencia práctica comprobable dirigiendo, guiando y liderando equipos de personas en entornos operativos.
Conocimientos en sistemas de gestión de calidad, control de gestión, y manejo de sustancias y residuos peligrosos.
Disponibilidad para trabajar de manera permanente en Turno Nocturno."
Supervisor Control de Calidad,Otra Área,"Pudahuel, Metropolitana de Santiago",Pudahuel,Metropolitana de Santiago,2026-07-13,6101265,salcobrand,2026-07-17,2026-07-20,0.3943,Supervisor,En terreno,Medcell,Técnico profesional superior,Chile,2 años,2026-07-19,https://salcobrand.trabajando.cl/trabajo-empleo/supervisor-control-de-calidad/trabajo/6101265,En Medcell nos encontramos en la búsqueda...,"En Medcell nos encontramos en la búsqueda de un Supervisor Control de Calidad para nuestra Subgerencia de Calidad y Desarrollo. Tu misión principal será supervisar y coordinar la ejecución de los procesos operativos del área, liderando directamente a nuestro equipo de inspectores para asegurar el estricto cumplimiento de los procedimientos, estándares normativos y controles definidos por la compañía.
🎯 Propósito del cargo:
Supervisar y coordinar la ejecución de los procesos operativos de Control de Calidad, liderando al equipo de Inspectores de Control de Calidad y asegurando el cumplimiento de los procedimientos, estándares normativos y controles definidos, con el fin de garantizar la correcta liberación, almacenamiento y control de los productos y materias primas.
📌 Principales funciones
- Liderazgo Operativo: Supervisar, coordinar y planificar las labores diarias del equipo de Inspectores de Control de Calidad (6 reportes directos), asegurando los estándares operacionales y el cumplimiento de las metas del área.
- Control de Procesos y Normativa: Controlar los procesos de recepción, muestreo, liberación y análisis documental de productos y materias primas para garantizar el estricto cumplimiento normativo y la trazabilidad del Sistema de Gestión de Calidad.
- Gestión Documental y Correctiva: Supervisar la correcta ejecución de los procedimientos, registros, y coordinar el levantamiento de acciones correctivas o desviaciones con el área de Aseguramiento de Calidad.
- Coordinación Externa y Análisis: Gestionar de forma permanente el envío de muestras a laboratorios externos, administrando la documentación asociada y haciendo seguimiento exhaustivo a sus análisis técnicos.
En Medcell, nos caracterizamos por ser una empresa que fomenta e impulsa el valor de equipos de trabajo diversos, aceptando el sello propio de cada colaborador, facilitando así, ambientes laborales inclusivos, según la Ley 21.015",1,"🎓 Requisitos del cargo
- Título Técnico de Nivel Superior o Profesional afín a las áreas de Calidad, Química, Farmacia o Laboratorio (con estudios avanzados completos).
- Desde 2 años de experiencia laboral en áreas de Control de Calidad, habiendo trabajado estrictamente bajo normas de calidad.
- Experiencia práctica y comprobable liderando, guiando o supervisando equipos de trabajo operativos (deseable manejo de equipos de inspección).
- Sólidos conocimientos demostrables en Normas GMP/GDP, Sistemas de Gestión de Calidad, técnicas de muestreo, liberación de productos, manejo documental y trazabilidad."
Planner Retail Media,Otra Área,"Providencia, Metropolitana de Santiago",Providencia,Metropolitana de Santiago,2026-07-13,6101267,salcobrand,2026-07-17,2026-07-20,0.5036,Analista,Mixta (Teletrabajo + Presencial),Salcobrand,Universitaria,Chile,1 años,2026-07-19,https://salcobrand.trabajando.cl/trabajo-empleo/planner-retail-media/trabajo/6101267,¿Te motiva conectar los objetivos de...,"¿Te motiva conectar los objetivos de las marcas con potentes estrategias publicitarias en canales físicos y digitales?
En Salcobrand estamos buscando a nuestro/a próximo/a Planner Retail Media para la Gerencia de Marketing, Estrategia Clientes y Comunicaciones.
🎯 Misión del cargo
Tu misión será coordinar y optimizar la ejecución de proyectos y propuestas comerciales para cuentas clave, asegurando el cumplimiento de los objetivos de los partners y maximizando la rentabilidad de las soluciones entregadas por la compañía.
📌 Principales funciones
Diseñar y estructurar propuestas comerciales integrales alineadas a los requerimientos de los clientes.
Coordinar la correcta implementación y seguimiento de los proyectos comerciales asignados, garantizando plazos y entregables.
Monitorear los indicadores clave de rendimiento (KPIs) de las cuentas para proponer mejoras continuas.
Elaborar informes de resultados para los clientes, identificando nuevas oportunidades de negocio.
En Salcobrand fomentamos e impulsamos el valor de equipos de trabajos diversos, aceptando el sello propio de cada persona y facilitando ambientes laborales inclusivos bajo la Ley 21.015. ¡Te invitamos a ser parte de nuestra organización!",1,"🎓 Requisitos del cargo
Título de Publicidad, Ingeniería Comercial o carreras afines.
Entre 1 y 2 años de experiencia laboral.
Experiencia en gestión de proyectos, atención de cuentas o manejo de herramientas analíticas básicas.
Manejo de Excel nivel avanzado."
Head Comercial Retail Media,Otra Área,"Providencia, Metropolitana de Santiago",Providencia,Metropolitana de Santiago,2026-07-13,6101268,salcobrand,2026-07-17,2026-07-20,0.4282,Analista,Mixta (Teletrabajo + Presencial),Salcobrand,Universitaria,Chile,5 años,2026-07-19,https://salcobrand.trabajando.cl/trabajo-empleo/head-comercial-retail-media/trabajo/6101268,¿Te apasiona la intersección entre...,"¿Te apasiona la intersección entre el marketing digital, la estrategia comercial y el uso analítico de datos? 📉
En Salcobrand nos encontramos en la búsqueda de nuestro/a próximo/a Head Comercial Retail Media para la Gerencia de Marketing, Estrategia Clientes y Comunicaciones.
📣 Tu misión sera:
Liderar el crecimiento y rentabilidad de nuevas líneas de negocio estratégicas, transformando los activos de la compañía en soluciones comerciales atractivas y escalables para partners y grandes cuentas.
Principales funciones:
Diseñar y ejecutar la estrategia comercial para la captación y fidelización de clientes corporativos y agencias.
Desarrollar y optimizar el portafolio de soluciones comerciales de la compañía.
Liderar y motivar al equipo comercial hacia el cumplimiento de metas de ingresos.
Monitorear la efectividad de los proyectos comerciales implementados mediante analítica de negocio.
En Salcobrand fomentamos e impulsamos el valor de equipos de trabajos diversos, aceptando el sello propio de cada persona y facilitando ambientes laborales inclusivos bajo la Ley 21.015. ¡Te invitamos a ser parte de nuestra organización! 💙",1,"🎓 Requisitos del cargo:
Ingeniería Comercial, Civil, Publicidad o carrera afín.
Mínimo 5-7 años de experiencia laboral, con al menos 3 años liderando equipos comerciales.
Experiencia en gestión de cuentas clave (KAM), trade marketing o desarrollo de negocios B2B."
Administrador de Catálogos Digitales,Otra Área,"Providencia, Metropolitana de Santiago",Providencia,Metropolitana de Santiago,2026-07-13,6101281,salcobrand,2026-07-17,2026-07-20,0.4384,Analista,Mixta (Teletrabajo + Presencial),Salcobrand,Universitaria,Chile,1 años,2026-07-19,https://salcobrand.trabajando.cl/trabajo-empleo/administrador-de-catalogos-digitales/trabajo/6101281,"¿Te apasiona el e-commerce, el SEO...","¿Te apasiona el e-commerce, el SEO y optimizar la experiencia de compra de los usuarios?
En Salcobrand nos encontramos en la búsqueda de nuestro/a próximo/a Administrador de Catálogo Canales Digitales para la Gerencia Nuevos Canales eCommerce. Tu desafío será asegurar la perfecta implementación visual y técnica de nuestro catálogo digital, potenciando su detectabilidad en buscadores internos, motores de Inteligencia Artificial y de forma orgánica en Google.
🎯 Propósito del cargo
Asegurar la correcta implementación del catálogo especificando nombre de productos, descripciones, imágenes y especificaciones de los productos a publicar. Proponer ideas para la mejor gestión del catálogo: detectabilidad por nuestro buscador interno y la correcta implementación de atributos y palabras clave para la detectabilidad de Google para búsquedas orgánicas y de la Inteligencia Artificial.
📌 Principales funciones
Gestión de Fichas de Productos: Crear y actualizar constantemente el catálogo digital, garantizando la precisión, calidad y coherencia de los nombres, descripciones y especificaciones técnicas.
Optimización SEO e IA: Implementar atributos estratégicos y palabras clave en la plataforma e-commerce para maximizar la detectabilidad de los productos en buscadores y motores de IA.
Control Visual y Conversión: Gestionar, adaptar y cargar los recursos gráficos e imágenes de los productos, asegurando una exhibición atractiva, estandarizada y alineada a los objetivos de venta.
Auditoría del Sitio: Monitorear proactivamente la visualización del catálogo en el sitio web para detectar y corregir errores de navegación o inconsistencias que afecten la experiencia del usuario.
En Salcobrand fomentamos e impulsamos el valor de equipos de trabajos diversos, aceptando el sello propio de cada persona y facilitando ambientes laborales inclusivos bajo la Ley 21.015. ¡Te invitamos a ser parte de nuestra organización!",1,"🎓 Requisitos del cargo
Título Técnico de Nivel Superior o Profesional en Ingeniería en Marketing Digital, Publicidad, Ingeniería Comercial, Diseño Digital o afines.
Desde 1 año de experiencia laboral en áreas de ventas o en áreas comerciales de e-commerce."
Supervisor/a de Consumo - Temuco,Otra Área,"Temuco, La Araucanía",Temuco,La Araucanía,2026-07-13,6101291,salcobrand,2026-07-17,2026-07-20,0.3838,Supervisor,En terreno,Salcobrand,Técnico medio/ colegio técnico,Chile,1 años,2026-07-19,https://salcobrand.trabajando.cl/trabajo-empleo/supervisor-a-de-consumo-temuco/trabajo/6101291,"Si te gustan los desafíos, eres una...","Si te gustan los desafíos, eres una persona proactiva, autónoma, con altos niveles de organización, trabajas colaborativamente y sientes que eres capaz de promover un excelente clima laboral con los más altos estándares de calidad y excelencia, ¡Salcobrand es el lugar indicado para ti!
Nos encontramos en búsqueda de profesional para el cargo de Supervisor/a de Consumo.
¿Cuál será tu desafío en este cargo?
Contribuir en el cumplimiento de las metas y estrategias comerciales del área Dermocosmetica de Salcobrand, brindando un trabajo de excelencia que permita generar valor, buscando oportunidades de mejora que contribuyan con los lineamientos establecidos por el equipo.
Tus principales funciones:
Supervisión y control de procesos comerciales.
Levantamiento de problemas y contingencias en locales.
Buscar o generar oportunidades comerciales
En Salcobrand nos caracterizamos por ser una empresa que fomenta e impulsa el valor de equipos de trabajos diversos, aceptando el sello propio de cada persona, facilitando así ambientes laborales inclusivos, según la Ley 21.015, ¡Súmate y sé parte de nuestra organización!",1,"Desde 1 año de experiencia liderando equipos.
Manejo y conocimiento Office intermedio."
Analista Senior Inteligencia Operacional,Otra Área,"Providencia, Metropolitana de Santiago",Providencia,Metropolitana de Santiago,2026-07-13,6101289,salcobrand,2026-07-17,2026-07-20,0.405,Analista,Mixta (Teletrabajo + Presencial),Salcobrand,Universitaria,Chile,1 años,2026-07-19,https://salcobrand.trabajando.cl/trabajo-empleo/analista-senior-inteligencia-operacional/trabajo/6101289,En Salcobrand buscamos un/A Analista...,"En Salcobrand buscamos un/A Analista Senior de Inteligencia Operacional para nuestra Gerencia de Estándares y Continuidad Operacional. Tu desafío será cruzar variables comerciales y operacionales para proponer mejoras que maximicen la rentabilidad y aseguren la eficiencia de nuestras tiendas.
🎯 Propósito
Asegurar la integridad y confiabilidad de los datos del canal presencial. Realizar análisis vinculando variables comerciales y operacionales usando la IA para proponer a equipos de trabajos oportunidades de mejora y con ello lograr mayor eficiencia y rentabilidad del negocio.
📌 Principales funciones
Calidad de Datos: Velar por la integridad y confiabilidad de la información de operación y ventas de los locales.
Paneles de Estándares: Definir e implementar tableros (dashboards) con estándares de servicio, generando alertas ante desviaciones.
Reportabilidad: Elaborar informes periódicos con resultados operativos y de negocio para distintas instancias de gestión.
Análisis de Desempeño: Identificar focos de trabajo en locales para apoyar el cumplimiento de sus objetivos comerciales.
En Salcobrand fomentamos e impulsamos el valor de equipos de trabajos diversos, aceptando el sello propio de cada persona y facilitando ambientes laborales inclusivos bajo la Ley 21.015. ¡Te invitamos a ser parte de nuestra organización!",1,"🎓 Requisitos
Título profesional universitario o técnico en carreras afines al análisis de datos (mínimo 5 años de carrera).
Desde 3 años de experiencia en análisis cuantitativo de operaciones, estadística comercial y generación de informes.
Manejo intermedio de SQL y/o Redshift, junto con Excel avanzado."
Product Manager de Alianzas y Convenios,Otra Área,"Providencia, Metropolitana de Santiago",Providencia,Metropolitana de Santiago,2026-07-13,6101129,salcobrand,2026-07-17,2026-07-20,0.4287,Analista,Mixta (Teletrabajo + Presencial),Pharma Benefits,Universitaria,Chile,3 años,2026-07-19,https://salcobrand.trabajando.cl/trabajo-empleo/product-manager-de-alianzas-y-convenios/trabajo/6101129,¿Te motiva liderar negociaciones de...,"¿Te motiva liderar negociaciones de alto impacto y gestionar alianzas con grandes marcas e instituciones? En Empresas SB buscamos a nuestro/a próximo/a Product Manager de Alianzas y Convenios para la Gerencia de Pharma Benefits. Tu desafío principal será potenciar la propuesta de valor de la compañía, acelerando el crecimiento y la rentabilidad de nuestra cartera de grandes clientes.
🎯 Tu misión en el equipoLiderar la estrategia comercial de convenios y alianzas de la compañía. Serás el/la responsable directo/a de construir relaciones a largo plazo con socios estratégicos (como Fonasa, Caja Los Andes, Isapres y más), asegurar el éxito de su implementación operativa, monitorear los KPIs del negocio y activar planes de fidelización que maximicen las ventas.
📌 Desafíos claveCrecimiento Comercial: Coordinar y ejecutar campañas comerciales estratégicas (Farma y Consumo) comprometidas con las cuentas a cargo.
Control de KPIs: Monitorear permanentemente el comportamiento de las ventas y márgenes para asegurar convenios altamente rentables.
Fidelización y Marketing: Liderar planes de fidelización junto al equipo de Marketing para potenciar el retorno de clientes y el engagement.
Innovación en Productos: Desarrollar y optimizar nuevos modelos de negocio, como ""Convenios Capitados"", incrementando los ingresos del área.
En Empresas SB fomentamos e impulsamos el valor de equipos de trabajos diversos, aceptando el sello propio de cada persona y facilitando ambientes laborales inclusivos bajo la Ley 21.015. ¡Te invitamos a ser parte de nuestra organización!",1,"🎓 ¿Qué buscamos en ti?Título de Ingeniería Comercial o carrera afín (mínimo 5 años de estudios).
Desde 5 años de experiencia gestionando carteras de grandes clientes, desarrollo de alianzas estratégicas y negociación B2B.
ADN analítico con experiencia en revisión de presupuestos, proyecciones de venta e indicadores comerciales.
Deseable experiencia previa en industrias de salud, seguros, beneficios, retail o laboratorios."
Químico(a) Farmacéutico(a) Full Time - Viña del Mar,Otra Área,"Viña del Mar, Valparaíso",Viña del Mar,Valparaíso,2026-07-13,6101378,salcobrand,2026-07-17,2026-07-20,0.4038,Jefe Área/Sección/Depto./Local,Jornada Completa,Salcobrand,Universitaria,Chile,1 años,2026-07-20,https://salcobrand.trabajando.cl/trabajo-empleo/quimico-a-farmaceutico-a-full-time-vina-del-mar/trabajo/6101378,¿Te motiva trabajar en equipo y asumir...,"¿Te motiva trabajar en equipo y asumir nuevos desafíos?
En Salcobrand nos encontramos en búsqueda de Químicos(as) Farmacéuticos(as) 🧖🏻💙para asumir un rol clave tanto en la gestión del equipo como en la excelencia operacional, con impacto directo en la experiencia de nuestros clientes y en el cumplimiento de los objetivos del negocio.
¿Cuál será tu propósito en este cargo?
Serás responsable de liderar y gestionar al equipo de trabajo, velando por el cumplimiento de las metas comerciales y operacionales del local. Asimismo, deberás garantizar una atención de excelencia, promoviendo una experiencia de compra memorable y fortaleciendo la fidelización de nuestros clientes.
Tenemos para ti los siguientes beneficios:
·        Asignación de bonos en fechas especiales.
·        Programas de formación permanente.
·        Programas de reconocimiento.
·        Celebraciones, sorteos con entretenidos premios y eventos.
·        Otros beneficios.
En Salcobrand nos caracterizamos por ser una empresa que fomenta e impulsa el valor de equipos de trabajos diversos, aceptando el sello propio de cada persona, facilitando así ambientes laborales inclusivos, según la Ley 21.015.
Postula con nosotros y sé parte de una organización comprometida con la salud, donde tu rol marca una real diferencia en la comunidad.",1,"Título en Química y Farmacia.
Conocimiento en Ley de fármacos, Legislación Farmacéutica y Legislación Laboral básica.
Disponibilidad para trabajar turnos rotativos 6x1."
Químico(a) Farmacéutico(a) Full Time - Valdivia,Otra Área,"Valdivia, Los Ríos",Valdivia,Los Ríos,2026-07-13,6101376,salcobrand,2026-07-17,2026-07-20,0.3842,Jefe Área/Sección/Depto./Local,Jornada Completa,Salcobrand,Universitaria,Chile,,2026-07-20,https://salcobrand.trabajando.cl/trabajo-empleo/quimico-a-farmaceutico-a-full-time-valdivia/trabajo/6101376,¿Te motiva trabajar en equipo y asumir...,"¿Te motiva trabajar en equipo y asumir nuevos desafíos?
En Salcobrand nos encontramos en búsqueda de Químicos(as) Farmacéuticos(as) 🧖🏻💙para asumir un rol clave tanto en la gestión del equipo como en la excelencia operacional, con impacto directo en la experiencia de nuestros clientes y en el cumplimiento de los objetivos del negocio.
¿Cuál será tu propósito en este cargo?
Serás responsable de liderar y gestionar al equipo de trabajo, velando por el cumplimiento de las metas comerciales y operacionales del local. Asimismo, deberás garantizar una atención de excelencia, promoviendo una experiencia de compra memorable y fortaleciendo la fidelización de nuestros clientes.
Tenemos para ti los siguientes beneficios:
·        Asignación de bonos en fechas especiales.
·        Programas de formación permanente.
·        Programas de reconocimiento.
·        Celebraciones, sorteos con entretenidos premios y eventos.
·        Otros beneficios.
En Salcobrand nos caracterizamos por ser una empresa que fomenta e impulsa el valor de equipos de trabajos diversos, aceptando el sello propio de cada persona, facilitando así ambientes laborales inclusivos, según la Ley 21.015.
Postula con nosotros y sé parte de una organización comprometida con la salud, donde tu rol marca una real diferencia en la comunidad.",1,"Título en Química y Farmacia.
Conocimiento en Ley de fármacos, Legislación Farmacéutica y Legislación Laboral básica.
Disponibilidad para trabajar turnos rotativos 6x1."
Químico(a) Farmacéutico(a) Part Time - Los Andes,Otra Área,"Los Andes, Valparaíso",Los Andes,Valparaíso,2026-07-13,6101374,salcobrand,2026-07-17,2026-07-20,0.4127,Jefe Área/Sección/Depto./Local,Part Time,Salcobrand,Universitaria,Chile,,2026-07-20,https://salcobrand.trabajando.cl/trabajo-empleo/quimico-a-farmaceutico-a-part-time-los-andes/trabajo/6101374,¿Te motiva trabajar en equipo y asumir...,"¿Te motiva trabajar en equipo y asumir nuevos desafíos?
En Salcobrand nos encontramos en búsqueda de Químicos(as) Farmacéuticos(as)  🧖🏻💙para asumir un rol clave tanto en la gestión del equipo como en la excelencia operacional, con impacto directo en la experiencia de nuestros clientes y en el cumplimiento de los objetivos del negocio.
¿Cuál será tu propósito en este cargo?
Serás responsable de liderar y gestionar al equipo de trabajo, velando por el cumplimiento de las metas comerciales y operacionales del local. Asimismo, deberás garantizar una atención de excelencia, promoviendo una experiencia de compra memorable y fortaleciendo la fidelización de nuestros clientes.
Tenemos para ti los siguientes beneficios:
·        Asignación de bonos en fechas especiales.
·        Programas de formación permanente.
·        Programas de reconocimiento.
·        Celebraciones, sorteos con entretenidos premios y eventos.
·        Otros beneficios.
En Salcobrand nos caracterizamos por ser una empresa que fomenta e impulsa el valor de equipos de trabajos diversos, aceptando el sello propio de cada persona, facilitando así ambientes laborales inclusivos, según la Ley 21.015.
Postula con nosotros y sé parte de una organización comprometida con la salud, donde tu rol marca una real diferencia en la comunidad.",1,"Título en Química y Farmacia.
Conocimiento en Ley de fármacos, Legislación Farmacéutica y Legislación Laboral básica.
Disponibilidad para trabajar turno part time, Domingo y Festivos."
Químico(a) Farmacéutico(a) Part Time - Punta Arenas,Otra Área,"Punta Arenas, Magallanes y Antártica Chilena",Punta Arenas,Magallanes y Antártica Chilena,2026-07-13,6101371,salcobrand,2026-07-17,2026-07-20,0.4272,Jefe Área/Sección/Depto./Local,Part Time,Salcobrand,Universitaria,Chile,,2026-07-20,https://salcobrand.trabajando.cl/trabajo-empleo/quimico-a-farmaceutico-a-part-time-punta-arenas/trabajo/6101371,¿Te motiva trabajar en equipo y asumir...,"¿Te motiva trabajar en equipo y asumir nuevos desafíos?
En Salcobrand nos encontramos en búsqueda de Químicos(as) Farmacéuticos(as)  🧖🏻💙para asumir un rol clave tanto en la gestión del equipo como en la excelencia operacional, con impacto directo en la experiencia de nuestros clientes y en el cumplimiento de los objetivos del negocio.
¿Cuál será tu propósito en este cargo?
Serás responsable de liderar y gestionar al equipo de trabajo, velando por el cumplimiento de las metas comerciales y operacionales del local. Asimismo, deberás garantizar una atención de excelencia, promoviendo una experiencia de compra memorable y fortaleciendo la fidelización de nuestros clientes.
Tenemos para ti los siguientes beneficios:
·        Asignación de bonos en fechas especiales.
·        Programas de formación permanente.
·        Programas de reconocimiento.
·        Celebraciones, sorteos con entretenidos premios y eventos.
·        Otros beneficios.
En Salcobrand nos caracterizamos por ser una empresa que fomenta e impulsa el valor de equipos de trabajos diversos, aceptando el sello propio de cada persona, facilitando así ambientes laborales inclusivos, según la Ley 21.015.
Postula con nosotros y sé parte de una organización comprometida con la salud, donde tu rol marca una real diferencia en la comunidad.",1,"Título en Química y Farmacia.
Conocimiento en Ley de fármacos, Legislación Farmacéutica y Legislación Laboral básica.
Disponibilidad para trabajar solo dos Domingo al mes más los días festivos."
Consultor/a Belleza Full Time  - Preunic Chillán,Otra Área,"Chillán, Ñuble",Chillán,Ñuble,2026-07-10,6100850,salcobrand,2026-07-17,2026-07-17,0.2901,Vendedor,Jornada Completa,Preunic,Media,Chile,1 años,2026-07-17,https://salcobrand.trabajando.cl/trabajo-empleo/consultor-a-belleza-full-time-preunic-chillan/trabajo/6100850,El equipo Preunic Chillán reconocido...,"El equipo Preunic Chillán reconocido como la Empresa N° 1 en Perfumería quiere contar contigo y todas tus ganas de aprender.
Deseamos que puedas orientar y asesorar a quienes nos visitan sobre productos de Belleza y Cuidado Personal (Maquillaje, Tipos de Piel y Tendencias), interpretando sus necesidades y acompañándolo a hacer click con las grandes marcas que trabajamos.
Si lo anterior te describe y además tienes experiencia en ventas y atención al cliente, conoces sobre el área cosmética y de cuidado personal y te acomodan trabajar con turnos rotativos 42 horas ( 5x 2 y 6x 1) ¡Queremos conocerte!
¡No te pierdas la oportunidad de postular a una empresa inclusiva, diversa e innovadora, en la que podrás capacitarte, crecer y optar a múltiples beneficios!
#HayPega #CreemosEnTiEmpresasSB #SomosDiversidad #Belleza",1,"Disponibilidad para trabajar en turnos rotativas
Cumplir con mayoría de edad"
Consultor/a Belleza Full Time  - Preunic Los Ángeles,Otra Área,"Los Ángeles, Biobío",Los Ángeles,Biobío,2026-07-10,6100846,salcobrand,2026-07-17,2026-07-17,0.3188,Vendedor,Jornada Completa,Preunic,Media,Chile,1 años,2026-07-17,https://salcobrand.trabajando.cl/trabajo-empleo/consultor-a-belleza-full-time-preunic-los-angeles/trabajo/6100846,El equipo Preunic Los Ángeles reconocido...,"El equipo Preunic Los Ángeles reconocido como la Empresa N° 1 en Perfumería quiere contar contigo y todas tus ganas de aprender.
Deseamos que puedas orientar y asesorar a quienes nos visitan sobre productos de Belleza y Cuidado Personal (Maquillaje, Tipos de Piel y Tendencias), interpretando sus necesidades y acompañándolo a hacer click con las grandes marcas que trabajamos.
Si lo anterior te describe y además tienes experiencia en ventas y atención al cliente, conoces sobre el área cosmética y de cuidado personal y te acomodan trabajar con turnos rotativos 42 horas ( 5x 2 y 6x 1) ¡Queremos conocerte!
¡No te pierdas la oportunidad de postular a una empresa inclusiva, diversa e innovadora, en la que podrás capacitarte, crecer y optar a múltiples beneficios!
#HayPega #CreemosEnTiEmpresasSB #SomosDiversidad #Belleza",1,"Disponibilidad para trabajar en turnos rotativas
Cumplir con mayoría de edad"
Bodegueros/as Full Time - Preunic Mall Vivo Coquimbo,Otra Área,"Coquimbo, Coquimbo",Coquimbo,Coquimbo,2026-07-10,6100845,salcobrand,2026-07-17,2026-07-17,0.3912,Operario,Jornada Completa,Preunic,Media,Chile,1 años,2026-07-17,https://salcobrand.trabajando.cl/trabajo-empleo/bodegueros-as-full-time-preunic-mall-vivo-coquimbo/trabajo/6100845,En Empresas SB Preunic nos encontramos...,"En Empresas SB Preunic nos encontramos en búsqueda de Bodegueros/as para trabajar en nuestra sucursal de Mall Vivo Coquimbo.
La misión de este cargo será encargarse del orden, mantención y reposición de la sala y bodega de la tienda; con el fin de facilitar la labor de ventas al mantener el stock de productos en sala y cuidar de la seguridad de los clientes al interior del local.
En Empresas SB nos caracterizamos por ser una empresa que fomenta e impulsa el valor de equipos de trabajos diversos, aceptando el sello propio de cada persona, facilitando así ambientes laborales inclusivos, según la Ley 21.015, ¡No te pierdas la oportunidad de postular y ser parte de nuestra organización!
¡No te pierdas la oportunidad de postular a una empresa inclusiva, diversa e innovadora, en la que podrás capacitarte, crecer y optar a múltiples beneficios!",1,"Disponibilidad de Trabajar Full-Time (44 hrs), en turnos rotativos 5x2 y 6x1 de Lunes a Domingo.
Cumplir con la mayoría de edad."
Bodegueros/as Full Time - Preunic Portal Ñuñoa,Otra Área,"Ñuñoa, Metropolitana de Santiago",Ñuñoa,Metropolitana de Santiago,2026-07-10,6100842,salcobrand,2026-07-17,2026-07-17,0.403,Operario,Jornada Completa,Preunic,Media,Chile,1 años,2026-07-17,https://salcobrand.trabajando.cl/trabajo-empleo/bodegueros-as-full-time-preunic-portal-nunoa/trabajo/6100842,En Empresas SB Preunic nos encontramos...,"En Empresas SB Preunic nos encontramos en búsqueda de Bodegueros/as para trabajar en nuestra sucursal de Mall Vivo Coquimbo.
La misión de este cargo será encargarse del orden, mantención y reposición de la sala y bodega de la tienda; con el fin de facilitar la labor de ventas al mantener el stock de productos en sala y cuidar de la seguridad de los clientes al interior del local.
En Empresas SB nos caracterizamos por ser una empresa que fomenta e impulsa el valor de equipos de trabajos diversos, aceptando el sello propio de cada persona, facilitando así ambientes laborales inclusivos, según la Ley 21.015, ¡No te pierdas la oportunidad de postular y ser parte de nuestra organización!
¡No te pierdas la oportunidad de postular a una empresa inclusiva, diversa e innovadora, en la que podrás capacitarte, crecer y optar a múltiples beneficios!",1,"Disponibilidad de Trabajar Full-Time (44 hrs), en turnos rotativos 5x2 y 6x1 de Lunes a Domingo.
Cumplir con la mayoría de edad."
Consultor/a de Belleza Full Time - Costanera Center,Otra Área,"Providencia, Metropolitana de Santiago",Providencia,Metropolitana de Santiago,2026-07-10,6100807,salcobrand,2026-07-17,2026-07-17,0.3412,Asistente,Jornada Completa,Preunic,Media,Chile,1 años,2026-07-17,https://salcobrand.trabajando.cl/trabajo-empleo/consultor-a-de-belleza-full-time-costanera-center/trabajo/6100807,"El equipo Preunic de Costanera Center,...","El equipo Preunic de Costanera Center, reconocido como la Empresa N° 1 en Perfumería quiere contar contigo y todas tus ganas de aprender.
Deseamos que puedas orientar y asesorar a quienes nos visitan sobre productos de Belleza y Cuidado Personal (Maquillaje, Tipos de Piel y Tendencias), interpretando sus necesidades y acompañándolo a hacer click con las grandes marcas que trabajamos.
Si lo anterior te describe y además tienes experiencia en ventas y atención al cliente, conoces sobre el área cosmética y de cuidado personal y te acomodan trabajar con turnos rotativos 44 horas ( 5x 2 y 6x 1) ¡Queremos conocerte!
¡No te pierdas la oportunidad de postular a una empresa inclusiva, diversa e innovadora, en la que podrás capacitarte, crecer y optar a múltiples beneficios!
#HayPega #CreemosEnTiEmpresasSB #SomosDiversidad #Belleza",1,"Requisitos:
Disponibilidad para trabajar en turnos rotativas
Cumplir con mayoría de edad"
Consultor/a Belleza Full Time  - Preunic Puente Alto,Otra Área,"Puente Alto, Metropolitana de Santiago",Puente Alto,Metropolitana de Santiago,2026-07-10,6100659,salcobrand,2026-07-17,2026-07-17,0.3239,Vendedor,Jornada Completa,Preunic,Media,Chile,1 años,2026-07-17,https://salcobrand.trabajando.cl/trabajo-empleo/consultor-a-belleza-full-time-preunic-puente-alto/trabajo/6100659,El equipo Preunic Puente Alto reconocido...,"El equipo Preunic Puente Alto reconocido como la Empresa N° 1 en Perfumería quiere contar contigo y todas tus ganas de aprender.
Deseamos que puedas orientar y asesorar a quienes nos visitan sobre productos de Belleza y Cuidado Personal (Maquillaje, Tipos de Piel y Tendencias), interpretando sus necesidades y acompañándolo a hacer click con las grandes marcas que trabajamos.
Si lo anterior te describe y además tienes experiencia en ventas y atención al cliente, conoces sobre el área cosmética y de cuidado personal y te acomodan trabajar con turnos rotativos 42 horas ( 5x 2 y 6x 1) ¡Queremos conocerte!
¡No te pierdas la oportunidad de postular a una empresa inclusiva, diversa e innovadora, en la que podrás capacitarte, crecer y optar a múltiples beneficios!
#HayPega #CreemosEnTiEmpresasSB #SomosDiversidad #Belleza",1,"Disponibilidad para trabajar en turnos rotativas
Cumplir con mayoría de edad"
SkinExpert Belleza 30 hrs Part Time - Preunic Punta Arenas,Otra Área,"Punta Arenas, Magallanes y Antártica Chilena",Punta Arenas,Magallanes y Antártica Chilena,2026-07-10,6100586,salcobrand,2026-07-17,2026-07-17,0.3158,Vendedor,Part Time,Preunic,Media,Chile,,2026-07-17,https://salcobrand.trabajando.cl/trabajo-empleo/skinexpert-belleza-30-hrs-part-time-preunic-punta-arenas/trabajo/6100586,El equipo de nuestra nueva tienda en...,"El equipo de nuestra nueva tienda en Preunic Punta Arenas reconocido como la Empresa N° 1 en Perfumería quiere contar contigo y todas tus ganas de aprender.
Como SkinExpert, deseamos que puedas orientar y asesorar a quienes nos visitan sobre productos de Belleza y Cuidado Personal (Maquillaje, Tipos de Piel y Tendencias), interpretando sus necesidades y acompañándolo a hacer click con las grandes marcas que trabajamos.
Si lo anterior te describe y además tienes experiencia en ventas y atención al cliente, tienes conocimientos sobre el área cosmética, dermatología y de cuidado personal y te acomodan jornada Part-Time (30 horas) con turnos rotativos de lunes a Domingo ¡Queremos conocerte!
En Empresas SB nos caracterizamos por ser una empresa que fomenta e impulsa el valor de equipos de trabajos diversos, aceptando el sello propio de cada persona, facilitando así ambientes laborales inclusivos, según la Ley 21.015, ¡No te pierdas la oportunidad de postular y ser parte de nuestra organización!",1,"- Experiencia en venta y/o atención al cliente
- Contar con título de Cosmetología/Estética Integral o cursos en piel, o experiencia en dermocosmética (comprobable)
- Disponibilidad para trabajar en jornada Part-Time (30 horas) con turnos rotativos de lunes a Domingo"
Mayordomo de Edificio Corporativo,Otra Área,"Santiago, Metropolitana de Santiago",Santiago,Metropolitana de Santiago,2026-07-10,6100533,salcobrand,2026-07-17,2026-07-17,0.4237,Asistente,Jornada Completa,Empresas SB,Media,Chile,2 años,2026-07-17,https://salcobrand.trabajando.cl/trabajo-empleo/mayordomo-de-edificio-corporativo/trabajo/6100533,Si te apasionan las entrevistas por...,"Si te apasionan las entrevistas por competencias y quieres generar impacto en la experiencia del talento ¡este desafío es para ti!💚
En Empresas SB (Preunic, Salcobrand y filiales) estamos en búsqueda de un/a Mayordomo de Edificio Corporativo, que será responsable de controlar el acceso y supervisar la operatividad de las instalaciones corporativas, para asegurar un entorno seguro y una atención de alta calidad a colaboradores y visitas, esto incluye la recepción de personas, gestión de correspondencia y coordinar las mantenciones preventivas y correctivas del edificio con las respectivas áreas de la empresa.
Principales responsabilidades:
Registrar y controlar el acceso de colaboradores, visitas y proveedores en la recepción principal.
Recibir, clasificar y distribuir la correspondencia, encomiendas y documentos dirigidos a las diferentes áreas.
Realizar rondas de inspección por los pisos y perímetros del edificio corporativo.
Trasladar los contenedores de residuos al exterior del edificio.
Ejecutar tareas menores de servicios generales y reparaciones básicas de emergencia en la infraestructura del edificio.
En Empresas SB nos caracterizamos por ser una empresa que fomenta e impulsa el valor de equipos de trabajos diversos, aceptando el sello propio de cada persona, facilitando así ambientes laborales inclusivos, según la Ley 21.015, ¡Súmate y sé parte de nuestra organización!",1,"Haremos match si cuentas con:
Enseñanza media completa.
Al menos 2 años de experiencia en cargos similares (conserjería, recepción, servicios generales a nivel corporativo).
Computación nivel usuario (Registro digital de visitas y correos)."
