title,team,location,city,state,posted_date,job_id,source,first_seen_date,last_seen_date,semantic_similarity,worker_type,schedule_type,company_name,education,country,experience_level,application_deadline,url,description_short,description,vacancies,requirements
Aprendiz Jefe/a de Local - Iquique - $650.000.-,Otra Área,"Iquique, Tarapacá",Iquique,Tarapacá,2026-09-04,6111784,smu,2026-09-06,2026-09-06,0.3905,Otro Profesional,Jornada Completa,SMU,Técnico profesional superior,Chile,,2026-10-10,https://smu.trabajando.cl/trabajo-empleo/aprendiz-jefe-a-de-local-iquique-650-000/trabajo/6111784,🚀 ¡Súmate a SMU y desarrolla tu carrera...,"🚀 ¡Súmate a SMU y desarrolla tu carrera como Jefe/a de Local!
En SMU buscamos personas con motivación por liderar equipos y crecer profesionalmente para participar en nuestro programa de formación Jefe/a de Local , orientado a nuestros distintos formatos de negocio en Iquique.
A través de este programa, recibirás capacitación y entrenamiento práctico para adquirir las herramientas necesarias que te permitirán desempeñarte exitosamente en el cargo.
Al finalizar el proceso, estarás preparado/a para:
Coordinar y supervisar la operación integral del local.
Gestionar estándares de funcionamiento, abastecimiento y control de stock.
Liderar y administrar equipos de trabajo.
Contribuir al cumplimiento de metas operacionales y comerciales.
Velar por la eficiencia operativa y el cumplimiento de normas establecidas.
💡 Si te apasiona el liderazgo, el trabajo en equipo y quieres proyectarte en el rubro supermercadista, esta es tu oportunidad.
¡Postula y sé parte de SMU!",1,"-No requiere experiencia laboral.
-Título Técnico Superior / Profesional en Administración, Área Logística o carrera afín.
-Disponibilidad para trabajo en equipo.
¡¡Te estamos esperando!!"
Aprendiz Jefe/a de Local - Antofagasta - $650.000.-,Otra Área,"Antofagasta, Antofagasta",Antofagasta,Antofagasta,2026-09-04,6111777,smu,2026-09-06,2026-09-06,0.3637,Otro Profesional,Jornada Completa,SMU,Técnico profesional superior,Chile,,2026-10-10,https://smu.trabajando.cl/trabajo-empleo/aprendiz-jefe-a-de-local-antofagasta-650-000/trabajo/6111777,🚀 ¡Súmate a SMU y desarrolla tu carrera...,"🚀 ¡Súmate a SMU y desarrolla tu carrera como Jefe/a de Local!
En SMU buscamos personas con motivación por liderar equipos y crecer profesionalmente para participar en nuestro programa de formación Jefe/a de Local , orientado a nuestros distintos formatos de negocio en Antofagasta.
A través de este programa, recibirás capacitación y entrenamiento práctico para adquirir las herramientas necesarias que te permitirán desempeñarte exitosamente en el cargo.
Al finalizar el proceso, estarás preparado/a para:
Coordinar y supervisar la operación integral del local.
Gestionar estándares de funcionamiento, abastecimiento y control de stock.
Liderar y administrar equipos de trabajo.
Contribuir al cumplimiento de metas operacionales y comerciales.
Velar por la eficiencia operativa y el cumplimiento de normas establecidas.
💡 Si te apasiona el liderazgo, el trabajo en equipo y quieres proyectarte en el rubro supermercadista, esta es tu oportunidad.
¡Postula y sé parte de SMU!",1,"-No requiere experiencia laboral.
-Título Técnico Superior / Profesional en Administración, Área Logística o carrera afín.
-Disponibilidad para trabajo en equipo.
¡¡Te estamos esperando!!"
Aprendiz Jefe/a de Local - Calama - $650.000.-,Otra Área,"Calama, Antofagasta",Calama,Antofagasta,2026-09-04,6111780,smu,2026-09-06,2026-09-06,0.3924,Otro Profesional,Jornada Completa,SMU,Técnico profesional superior,Chile,,2026-10-10,https://smu.trabajando.cl/trabajo-empleo/aprendiz-jefe-a-de-local-calama-650-000/trabajo/6111780,🚀 ¡Súmate a SMU y desarrolla tu carrera...,"🚀 ¡Súmate a SMU y desarrolla tu carrera como Jefe/a de Local!
En SMU buscamos personas con motivación por liderar equipos y crecer profesionalmente para participar en nuestro programa de formación Jefe/a de Local , orientado a nuestros distintos formatos de negocio en Calama.
A través de este programa, recibirás capacitación y entrenamiento práctico para adquirir las herramientas necesarias que te permitirán desempeñarte exitosamente en el cargo.
Al finalizar el proceso, estarás preparado/a para:
Coordinar y supervisar la operación integral del local.
Gestionar estándares de funcionamiento, abastecimiento y control de stock.
Liderar y administrar equipos de trabajo.
Contribuir al cumplimiento de metas operacionales y comerciales.
Velar por la eficiencia operativa y el cumplimiento de normas establecidas.
💡 Si te apasiona el liderazgo, el trabajo en equipo y quieres proyectarte en el rubro supermercadista, esta es tu oportunidad.
¡Postula y sé parte de SMU!",1,"-No requiere experiencia laboral.
-Título Técnico Superior / Profesional en Administración, Área Logística o carrera afín.
-Disponibilidad para trabajo en equipo.
¡¡Te estamos esperando!!"
Aprendiz Jefe/a de Local - Copiapó - $650.000.-,Otra Área,"Copiapó, Atacama",Copiapó,Atacama,2026-09-04,6111775,smu,2026-09-06,2026-09-06,0.3782,Otro Profesional,Jornada Completa,SMU,Técnico profesional superior,Chile,,2026-10-10,https://smu.trabajando.cl/trabajo-empleo/aprendiz-jefe-a-de-local-copiapo-650-000/trabajo/6111775,🚀 ¡Súmate a SMU y desarrolla tu carrera...,"🚀 ¡Súmate a SMU y desarrolla tu carrera como Jefe/a de Local!
En SMU buscamos personas con motivación por liderar equipos y crecer profesionalmente para participar en nuestro programa de formación Jefe/a de Local , orientado a nuestros distintos formatos de negocio en Copiapó.
A través de este programa, recibirás capacitación y entrenamiento práctico para adquirir las herramientas necesarias que te permitirán desempeñarte exitosamente en el cargo.
Al finalizar el proceso, estarás preparado/a para:
Coordinar y supervisar la operación integral del local.
Gestionar estándares de funcionamiento, abastecimiento y control de stock.
Liderar y administrar equipos de trabajo.
Contribuir al cumplimiento de metas operacionales y comerciales.
Velar por la eficiencia operativa y el cumplimiento de normas establecidas.
💡 Si te apasiona el liderazgo, el trabajo en equipo y quieres proyectarte en el rubro supermercadista, esta es tu oportunidad.
¡Postula y sé parte de SMU!",1,"-No requiere experiencia laboral.
-Título Técnico Superior / Profesional en Administración, Área Logística o carrera afín.
-Disponibilidad para trabajo en equipo.
¡¡Te estamos esperando!!"
Supervisor(a) de Cajas Part Time 30 hrs-Unimarc Gran Avenida,Otra Área,"La Cisterna, Metropolitana de Santiago",La Cisterna,Metropolitana de Santiago,2026-09-03,6120954,smu,2026-09-06,2026-09-06,0.3985,Asistente,Jornada Completa,Unimarc,Media,Chile,1 años,2026-03-10,https://smu.trabajando.cl/trabajo-empleo/supervisor-a-de-cajas-part-time-30-hrs-unimarc-gran-avenida/trabajo/6120954,Porque te necesitamos a ti y buscamos...,"Porque te necesitamos a ti y buscamos a los mejores, Supermercado Unimarc, requiere contratar a personas con deseable experiencia, para desempeñarse en el cargo de supervisor de caja Full Time Para nuestro local ubicado en Gran Avenida. Dentro de sus funciones se encuentran las de supervisar el buen funcionamiento del frente de cajas, prestando apoyo a cajeras y entregando soluciones efectivas a los clientes.
Buscamos personas con experiencia desde 1 año en Cajas o supervision, que tengan experiencia en cuadratura de Cajas, Arqueos, etc
Jornada:
Lunes a Domingos turnos rotativos 6x1 o 5x2 con 2 Domingos libres al mes.
Siendo parte de nuestra empresa puedes acceder a grandes beneficios entre los cuales destacamos: - Seguro complementario de salud - Múltiples beneficios en Ópticas, farmacias, educación, etc.",1,"Enseñanza media completa
Buscamos personas con experiencia desde 1 año en Cajas o supervision, que tengan experiencia en cuadratura de Cajas, Arqueos, etc"
Arquitecto(a) Datos y Analítica,Otra Área,"Las Condes, Metropolitana de Santiago",Las Condes,Metropolitana de Santiago,2026-09-03,6120924,smu,2026-09-06,2026-09-06,0.3535,Especialista,Jornada Completa,SMU,Universitaria,Chile,5 años,2026-03-10,https://smu.trabajando.cl/trabajo-empleo/arquitecto-a-datos-y-analitica/trabajo/6120924,¿Quieres formar parte de la red de...,"¿Quieres formar parte de la red de Supermercados más grande de Chile?😃
En SMU queremos que te integres a nuestro equipo de trabajo. Te invitamos a conocernos y unirte a nosotros. Ofrecemos un grato ambiente laboral, donde podrás desarrollarte y crecer de forma permanente, y además un espacio de cercanía y colaboración que distingue a nuestra Compañía.
En esta oportunidad estamos en búsqueda de un/a Arquitecto(a) de Datos y Analítica, quien tendrá la misión de diseñar y supervisar la arquitectura de datos corporativa, asegurando que sea escalable, segura, gobernada y alineada con las necesidades del negocio, para contribuir al desarrollo de una infraestructura de datos moderna que permita el análisis avanzado, la eficiencia operativa y la innovación tecnológica en toda la Organización.
El cargo es parte de la Gerencia Corporativa Tecnología y Digital, participando en el diseño, evolución y supervisión de una arquitectura de datos modular y sostenible que integre distintas fuentes y dominios y habilite el acceso controlado a los datos. Opera en contextos híbridos y cloud (on-premise, cloud, multi-cloud), con foco en habilitar flujos de datos eficientes, gobernados y adaptables a múltiples casos de uso. Es referente técnico para los equipos de Datos y de cara a otros equipos, participando en la definición de lineamientos, procesos de evaluación de nuevas tecnologías y acompañando proyectos clave en materias de su competencia.
Mantiene estrecha relación con equipos de Ingeniería de Datos, BI, Analítica Avanzada, Arquitectura Tecnológica, Ciberseguridad y Gobierno de datos, así como con empresas proveedoras de servicios tecnológicos, plataformas cloud, soluciones de integración, almacenamiento de datos y consultoras especializadas en arquitectura de datos y transformación digital.
Dentro de sus principales funciones, están:
Proyectar la estrategia y el roadmap de la arquitectura de datos, evaluando e incorporando nuevas tecnologías y plataformas cloud (AWS, Azure, GCP).
Diseñar y gobernar la arquitectura de datos end-to-end, incluyendo Data Warehouse, Data Lakes y plataformas Lakehouse.
Implementar y escalar la arquitectura Medallion (Bronze, Silver, Gold) para optimizar la ingesta, el procesamiento y el consumo de datos.
Establecer patrones de integración de datos (ETL/ELT, streaming en tiempo real, APIs) desde múltiples fuentes de origen.
Supervisar el modelado de datos y definir los estándares de Data Governance, calidad de datos (Data Quality) y seguridad de la información.
Habilitar las capacidades de BI y Analítica Avanzada, diseñando la infraestructura necesaria para el consumo de reportes, visualizaciones y modelos de Machine Learning.
Ejercer liderazgo técnico con equipos de ingeniería de datos y colaborar estrechamente con stakeholders del negocio para traducir sus necesidades en soluciones técnicas.
Esperamos tu postulación!!!
En SMU trabajamos por gestionar un ambiente inclusivo y equitativo para todas las personas. Apoyamos y promovemos la Ley N°21.015 de Inclusión Laboral y estamos certificados en la Norma Chilena NCh: 3262, de Gestión de igualdad de género y conciliación de la vida laboral, familiar y personal, por lo que todas nuestras oportunidades laborales están abiertas a la participación universal de personas, indistintamente de su género o condición de discapacidad.",1,"Formación y título profesional en ingeniería Informática o carreras afines
Experiencia de al menos 5 años en:
Herramientas, tecnologías y servicios para analítica, transformación, almacenamiento y consumo de datos en la nube
Experiencia en diseño e implementación de Data Lakes, Data Warehouses y arquitecturas híbridas Lakehouse a gran escala.
Definición e implementación de marcos de Gobierno de Datos, incluyendo gestión de metadatos, linaje de datos y aseguramiento de calidad (Data Quality).
Patrones de integración de datos, desde ETL/ELT batch hasta ingesta en tiempo real (ej. Kafka, Kinesis, Event Hubs).
Capacidad para diseñar la infraestructura que soporta el autoservicio de Business Intelligence (ej. Power BI, Tableau, Looker) y los ciclos de vida de Machine Learning (MLOps), asegurando que los datos estén listos para el consumo analítico avanzado.
Deseable certficación GCP Professional Data Engineer o equivalente"
Analista FinOps,Otra Área,"Las Condes, Metropolitana de Santiago",Las Condes,Metropolitana de Santiago,2026-09-03,6121086,smu,2026-09-06,2026-09-06,0.3813,Analista,Jornada Completa,SMU,Universitaria,Chile,2 años,2026-02-11,https://smu.trabajando.cl/trabajo-empleo/analista-finops/trabajo/6121086,¿Quieres formar parte de la red de...,"¿Quieres formar parte de la red de Supermercados más grande de Chile?😃
En SMU queremos que te integres a nuestro equipo de trabajo. Te invitamos a conocernos y unirte a nosotros. Ofrecemos un grato ambiente laboral, donde podrás desarrollarte y crecer de forma permanente, y además un espacio de cercanía y colaboración que distingue a nuestra Compañía.
En esta oportunidad estamos en búsqueda de un/a Analista FinOps, quien tendrá la misión de Gestionar y optimizar los aspectos financieros de la infraestructura en la nube de la empresa, asegurando la alineación entre las operaciones tecnológicas y los objetivos financieros. Garantizar la eficiencia en los costos, la visibilidad financiera y la planificación estratégica dentro del contexto de las finanzas operativas en la nube.
Dentro de sus principales funciones, están:
Gestión Financiera de la Nube:
Monitorear y analizar el gasto en servicios de la nube Google Cloud, lo que implica la revisión continua de los recursos y servicios utilizados, elaborando y actualizando periódicamente informes de costos y del consumo de la infraestructura en la nube, con el fin de aportar al cumplimiento del presupuesto.
Presentar informes de desempeño financiero de la nube a la gerencia y otros equipos clave. Traducir datos financieros técnicos a informes comprensibles para los stakeholders no técnicos.
Utilizar herramientas de gestión financiera en la nube como CloudHealth, CloudCheckr, AWS Cost Explorer, entre otras, para el monitoreo y análisis de los costos.
Mantenerse al día con las tendencias de la industria y las mejores prácticas de FinOps para optimizar los procesos.
Planificación y Presupuestación:
Colaborar con los equipos de tecnología y operaciones en la creación de presupuestos anuales y estimaciones de costos de la infraestructura en la nube para aportar a que las proyecciones de costos de la nube estén alineadas con las necesidades del negocio.
Establecer y controlar métricas clave de rendimiento (KPIs) para el uso de la nube.
Optimización de Costos:
Proponer estrategias para reducir costos sin comprometer el rendimiento o la seguridad.
Implementar y gestionar iniciativas de ahorro de costos, como la reserva de instancias, la gestión de capacidades o el ajuste de arquitecturas.
Realizar auditorías periódicas para detectar posibles desviaciones en los costos y tomar medidas correctivas.
Cumplimiento y Gobernanza
Elaborar y mantener procedimientos y controles internos para la gestión de los costos en la nube según las políticas financieras y de seguridad en la nube de la Compañía.
Condiciones y beneficios
Modalidad full presencial en sector Oriente de Santiago (hoy estamos en Las Condes, metro Manquehue, pero el próximo año nos mudaremos a oficinas ubicadas en Providencia, metro Pedro de Valdivia)
Seguros de salud
Bono anual
Medidas de conciliación
Descuentos en compras
Entre otros
Esperamos tu postulación!!!
En SMU trabajamos por gestionar un ambiente inclusivo y equitativo para todas las personas. Apoyamos y promovemos la Ley N°21.015 de Inclusión Laboral y estamos certificados en la Norma Chilena NCh: 3262, de Gestión de igualdad de género y conciliación de la vida laboral, familiar y personal, por lo que todas nuestras oportunidades laborales están abiertas a la participación universal de personas, indistintamente de su género o condición de discapacidad.",1,"Título universitario en Finanzas, Contabilidad, Ingeniería Industrial, Sistemas, o carreras afines.
2 a 3 años de experiencia en un rol similar, idealmente en entornos de tecnología y/o infraestructura en la nube (de preferencia Google Cloud).
Conocimiento profundo de plataformas en la nube (de preferencia Google Cloud).
Experiencia con herramientas de gestión financiera en la nube, familiaridad con presupuestación y gestión de costos en entornos de TI.
Habilidades en programación o automatización de procesos (Python, SQL, etc.).
Disponibilidad para trabajo full presencial.
Deseable: Certificación en FinOps o similar."
Operadores (as) de Sala Ventas Alvi Part Time 30 hrs San Ramón,Otra Área,"San Ramón, Metropolitana de Santiago",San Ramón,Metropolitana de Santiago,2026-09-02,6120654,smu,2026-09-06,2026-09-06,0.3883,Asistente,Jornada Completa,Alvi,Media,Chile,,2026-02-10,https://smu.trabajando.cl/trabajo-empleo/operadores-as-de-sala-ventas-alvi-part-time-30-hrs-san-ramon/trabajo/6120654,Porque te necesitamos a ti y buscamos...,"Porque te necesitamos a ti y buscamos a los mejores, Supermercado Mayorista Alvi, requiere contratar personas con deseable experiencia en nuestra sucursal ubicads en la comuna de San Ramón.
Jornada Part Time 30 hrs/ 6x1 o 5x2 Lunes a Domingos turnos rotativos con 2 Domingos libres al mes
Dentro de sus funciones se encuentra Mantener un adecuado stock y orden de productos de calidad en sala y bodega, velando por la seguridad de la mercadería, además de controlar mermas y brecha, con la finalidad de asegurar el mínimo de perdidas.
Siendo parte de nuestra empresa puedes acceder a grandes beneficios entre los cuales destacamos: - Seguro complementario de salud - Múltiples beneficios en Ópticas, farmacias, educación, etc.
¡No te pierdas la oportunidad de pertenecer a una gran empresa!",1,Enseñanza media completa
Planogramador(a),Otra Área,"Providencia, Metropolitana de Santiago",Providencia,Metropolitana de Santiago,2026-09-01,6120092,smu,2026-09-06,2026-09-06,0.3762,Otro Profesional,Jornada Completa,SMU,Técnico profesional superior,Chile,2 años,2026-01-10,https://smu.trabajando.cl/trabajo-empleo/planogramador-a/trabajo/6120092,¿Quieres formar parte de la red de...,"¿Quieres formar parte de la red de Supermercados más grande de Chile? 😀
En SMU queremos que te integres a nuestro equipo de trabajo. Te invitamos a conocernos y unirte a nosotros. Ofrecemos un grato ambiente laboral, donde podrás desarrollarte y crecer de forma permanente, y además un espacio de cercanía y colaboración que distingue a nuestra Compañía. En esta oportunidad estamos en búsqueda de un/a nuevo/a Planogramador(a).
¿De qué es responsable este cargo?
Realizar el proceso de preparación, revisión e implementación de planograma en las salas de venta según las indicaciones recibidas, así también revisar y realizar el reporte de información y datos relacionados con su área (abastecimiento, métricas, revisión de categoría, espacios, ajustes, segmento, proveedores, etc), asegurando la distribución de productos en espacio de exhibición de manera que cumpla con los compromisos y metas fijados por el área, en beneficio de la rentabilidad del negocio y cumpliendo con el estándar de calidad y servicio definido por SMU.
¿En qué consisten sus funciones?
Realizar la confección, mantención y posterior presentación del planograma definido por su Jefatura.
Participar en el proceso de seguimiento, registro y revisión de categoría, mínimos de exhibición, cubicación, indicadores y modulación, así generar una propuesta de aplicación y/o mejoras según disponibilidad de espacio asignado.
Preparar, revisar y ejecutar la entrega de reportes según los datos y elementos solicitados por la jefatura, así también revisar indicadores de confección de planograma, DOH (días de inventario), vencimientos, asignación de porcentaje de marcas propias.
Realizar la revisión y levantamiento de modulaciones sobre la información registrada v/s realizada, así también realizar un ajuste de catalogación en caso de discordancia respecto de sala, a través de la creación de planillas para cambios.
Apoyar al equipo de locales en la orientación y forma de exhibición de productos en góndola u otros.
Requisitos
Título Técnico profesional en áreas de la ingeniería.
Al menos 2 años de experiencia en el cargo.
Conocimiento en herramientas de planogramación.
Deseable experiencia en retail.
Deseable conocimiento en SAP.
Esperamos tu postulación!!!
En SMU S.A. apoyamos y promovemos la Ley N°21.015 de Inclusión Laboral. Además nos encontramos certificados en la Norma Chilena NCh: 3262, de Gestión de igualdad de género y conciliación de la vida laboral, familiar y personal. Por esta razón queremos destacar que todas nuestras oportunidades laborales están abiertas a personas con discapacidad , y sin ningún tipo de distinción ni discriminación por género. En SMU, nos esforzamos por gestionar una ambiente inclusivo y equitativos para todas las personas.",1,"Título Técnico profesional en áreas de la ingeniería.
Al menos 2 años de experiencia en el cargo.
Conocimiento en herramientas de planogramación.
Deseable experiencia en retail.
Deseable conocimiento en SAP."
Ingeniero(a) de Seguridad TI,Otra Área,"Santiago, Metropolitana de Santiago",Santiago,Metropolitana de Santiago,2026-09-01,6119950,smu,2026-09-06,2026-09-06,0.4044,Ingeniero,Jornada Completa,SMU,Universitaria,Chile,4 años,2026-01-10,https://smu.trabajando.cl/trabajo-empleo/ingeniero-a-de-seguridad-ti/trabajo/6119950,"Importante Compañía de consumo masivo,...","Importante Compañía de consumo masivo, coligada de SMU, requiere incorporar a su área de Tecnología a un(a) Ingeniero(a) de Seguridad TI, quien tendrá la misión de preparar y asistir los proyectos de seguridad e incorporar los estándares de ciberseguridad en el diseño de soluciones, gestionando con sus distintos equipos de implementación y operación o sus proveedores, con el propósito de contribuir a la entrega de prácticas y procesos, tanto para el diseño en el mediano y largo plazo de los sistemas de información y herramientas tecnológicas.
Dentro de sus principales funciones estarán:
Diseñar y proponer mejoras continuamente la arquitectura de seguridad informática, minimizando riesgos tecnológicos.
Evaluar y participar en la definición de los requisitos de seguridad de sistemas para nuevas implementaciones.
Diseñar y supervisar la implementación de medidas de seguridad para la protección de los sistemas informáticos, las redes y la información.
Administrar y operar soluciones de seguridad que mitiguen las vulnerabilidades de los sistemas.
Proponer constantemente mejora continua en la explotación de los sistemas de seguridad.
Preparar y registrar los procedimientos y protocolos operativos estándares para aportar a la continuidad y estandarización de las metodologías de trabajo.
Asistir y asesorar en el cumplimiento de procesos y estándares definidos en las soluciones tecnológicas de la Empresa con una visión integral de Seguridad.
Requisitos:
Título profesional de carreras de al menos 8 semestres de duración en áreas TI (excluyente).
Diplomado en seguridad o ciberseguridad o alguna certificación acorde al cargo.
4 años de experiencia liderando Proyectos de Seguridad/Ciberseguridad.
4 años de experiencia en diseño, implementación y/o administración de plataformas TI o redes y sistemas de ciberseguridad.",1,"Requisitos:
Título profesional de carreras de al menos 8 semestres de duración en áreas TI (excluyente).
Diplomado en seguridad o ciberseguridad o alguna certificación acorde al cargo.
4 años de experiencia liderando Proyectos de Seguridad/Ciberseguridad
4 años de experiencia en diseño, implementación y/o administración de plataformas TI o redes y sistemas de ciberseguridad."
Operadores (as) sala Ventas Alvi Puente Alto - Part Time 30 hrs,Otra Área,"Puente Alto, Metropolitana de Santiago",Puente Alto,Metropolitana de Santiago,2026-09-01,6120072,smu,2026-09-06,2026-09-06,0.4002,Asistente,Jornada Completa,Alvi,Media,Chile,,2026-01-10,https://smu.trabajando.cl/trabajo-empleo/operadores-as-sala-ventas-alvi-puente-alto-part-time-30-hrs/trabajo/6120072,Supermercados Alvi requiere contratar...,"Supermercados Alvi requiere contratar Operarios/as en jornad part Time 30 hrs, para trabajar en nuestro local de Alvi ubicado en la comuna de Puente Alto.
Su principal función será ejecutar las operaciones básicas del local, ordenar, clasificar y preparar distribución, almacenamiento en bodega y reposición en sala de la mercadería, aportando en la gestión y operatividad de su área, según lineamientos y protocolos definidos por el formato S10.
Jornada de trabajo:
Part time (30hrs) turnos rotativos (mañana y tarde) de lunes a domingo. 6x1 y 5x2, 2 domingos libres al mes.
No se requiere experiencia, sólo tus ganas de sumarte a nuestro equipo!
En Alvi, estamos comprometidos con la implementacion de un Sistema de Gestion de Igualdad de Género y conciliación, alineado con los estandares de la Nch:3262 vigente. Ademas, cumplimos con lo establecido en la ley N° 21.015, que promueve la igualdad de oportunidades en el ambito laboral, por esta razón todas nuestras oportunidades laborales están abiertos a personas con discapacidad.",1,Enseñanza media completa
Aprendiz Jefe/a de Local La Serena - $650.000.-,Otra Área,"La Serena, Coquimbo",La Serena,Coquimbo,2026-09-01,6119970,smu,2026-09-06,2026-09-06,0.3413,Otro Profesional,Jornada Completa,SMU,Técnico profesional superior,Chile,,2026-10-31,https://smu.trabajando.cl/trabajo-empleo/aprendiz-jefe-a-de-local-la-serena-650-000/trabajo/6119970,🚀 ¡Súmate a SMU y desarrolla tu carrera...,"🚀 ¡Súmate a SMU y desarrolla tu carrera como Jefe/a de Local!
En SMU buscamos personas con motivación por liderar equipos y crecer profesionalmente para participar en nuestro programa de formación Jefe/a de Local , orientado a nuestros distintos formatos de negocio en la Región Metropolitana.
A través de este programa, recibirás capacitación y entrenamiento práctico para adquirir las herramientas necesarias que te permitirán desempeñarte exitosamente en el cargo.
Al finalizar el proceso, estarás preparado/a para:
Coordinar y supervisar la operación integral del local.
Gestionar estándares de funcionamiento, abastecimiento y control de stock.
Liderar y administrar equipos de trabajo.
Contribuir al cumplimiento de metas operacionales y comerciales.
Velar por la eficiencia operativa y el cumplimiento de normas establecidas.
💡 Si te apasiona el liderazgo, el trabajo en equipo y quieres proyectarte en el rubro supermercadista, esta es tu oportunidad.
¡Postula y sé parte de SMU!",1,"-No requiere experiencia laboral.
-Título Técnico Superior / Profesional en Administración, Área Logística o carrera afín.
-Disponibilidad para trabajo en equipo.
¡¡Te estamos esperando!!"
Ingeniero(a) Importaciones - Reemplazo,Otra Área,"Las Condes, Metropolitana de Santiago",Las Condes,Metropolitana de Santiago,2026-09-01,6120102,smu,2026-09-06,2026-09-06,0.3911,Ingeniero,Jornada Completa,SMU,Universitaria,Chile,3 años,2026-01-10,https://smu.trabajando.cl/trabajo-empleo/ingeniero-a-importaciones-reemplazo/trabajo/6120102,¿Quieres formar parte de la red de...,"¿Quieres formar parte de la red de Supermercados más grande de Chile?
En SMU queremos que te integres a nuestro equipo de trabajo. Te invitamos a conocernos y unirte a nosotros. Ofrecemos un grato ambiente laboral, donde podrás desarrollarte y crecer de forma permanente, y además un espacio de cercanía y colaboración que distingue a nuestra Compañía.
En esta oportunidad estamos en búsqueda de un/a Ingeniero(a) Importaciones para reemplazo por licencia médica.
¿De qué es responsable este cargo?
Controlar, gestionar y optimizar la operación de las importaciones de SMU, coordinando la planificación del ingreso de mercadería al Centro de Distribución y monitoreando el flujo de abastecimiento, con el fin de asegurar la disponibilidad de productos, optimizar la capacidad logística y entregar visibilidad oportuna para la toma de decisiones a través del desarrollo de reportes y KPIs.
¿Cuales serán tus funciones?
Consolidar y mantener la visibilidad del estado de las importaciones, realizando seguimiento a embarques, arribos y contingencias de la cadena logística.
Controlar el presupuesto de importaciones, las proyecciones de recepción y la capacidad del Centro de Distribución.
Planificar y coordinar el ingreso y salida de mercadería del Centro de Distribución, definiendo prioridades de recepción y enviando la planificación a las áreas involucradas.
Gestionar la priorización de cargas, empujes de embarques y campañas comerciales, monitoreando stock y remanentes.
Controlar y realizar seguimiento a las compras de la categoría Non Food, monitoreando su avance desde el origen hasta su recepción.
Elaborar y analizar indicadores de gestión e identificar oportunidades de mejora en los procesos de importación y planificación logística.
Requisitos:
Título en Ingeniería Civil Industrial, Ingeniería en Comercio Exterior o carrera afín.
Experiencia laboral mínima de 3 años.
Manejo de excel nivel avanzado (excluyente).
Es un plus si manejas Power BI, SAP o tienes conocimiento en automatizaciones
En SMU S.A. apoyamos y promovemos la Ley N°21.015 de Inclusión Laboral. Además nos encontramos certificados en la Norma Chilena NCh: 3262, de Gestión de igualdad de género y conciliación de la vida laboral, familiar y personal. Por esta razón todas nuestras oportunidades laborales están abiertas a personas con discapacidad , y sin ningún tipo de distinción ni discriminación por género. En SMU, nos esforzamos por gestionar una ambiente inclusivo y equitativos para todas las personas.",1,"Título en Ingeniería Civil Industrial, Ingeniería en Comercio Exterior o carrera afín.
Experiencia laboral mínima de 3 años.
Manejo de excel nivel avanzado (excluyente).
Es un plus si manejas Power BI, SAP o tienes conocimiento en automatizaciones"
Especialista WMS,Otra Área,"Pudahuel, Metropolitana de Santiago",Pudahuel,Metropolitana de Santiago,2026-09-01,6120109,smu,2026-09-06,2026-09-06,0.3686,Especialista,Jornada Completa,SMU,Universitaria,Chile,5 años,2026-01-10,https://smu.trabajando.cl/trabajo-empleo/especialista-wms/trabajo/6120109,¿Quieres formar parte de la red de...,"¿Quieres formar parte de la red de Supermercados más grande de Chile?
En SMU queremos que te integres a nuestro equipo de trabajo. Te invitamos a conocernos y unirte a nosotros. Ofrecemos un grato ambiente laboral, donde podrás desarrollarte y crecer de forma permanente, y además un espacio de cercanía y colaboración que distingue a nuestra Compañía.
En esta oportunidad estamos en búsqueda de un/a Especialista WMS para nuestra compañía.
¿De qué es responsable este cargo?
Asignar y preparar actividades de diseños, análisis, configuración e implementaciones de los sistemas relacionados a las iniciativas de las áreas de negocio en relación con los procesos de tiendas, supervisando y velando por una correcta ejecución e implementación.
¿Cuales serán tus funciones?
Colaborar con las areas de negocio de la organización para identificar necesidades, personalizar y configurar el sistema, brindando soporte técnico Funcional y capacitación a los usuarios, gestionando iniciativas, mejora evolutivas y correctivas.
Realizar y asignar requerimientos de negocio asociados a procesos especificos del Retail.
Evaluar y verificar los procesos operativos o iniciativas de negocio que responden a una necesidad del negocio, que implique generar un proyecto, evaluando esfuerzos y recursos para cumplir el objetivo.
Brindar soporte técnico funcional y capacitación a los usuarios.
Realizar la atención de las incidencias de las áreas de negocio que sean relacionadas con TI, generando las instancias con los distintos actores de TI con externos.
Preparar y elaborar la documentación de los pasos al sistema productivo de los distintos requerimientos de negocio.
Participar en los procesos de mantenimiento de sistema tales como DRP o upgrade.
Requisitos:
Título en Ingenieía Informática, Ingeniería Civil Informática, Ingeniería en Ejecución o carreras afines.
Al menos 5 años de experiencia laboral en retail.
Certificación en el módulos específicos del SAP WMS, SAP EWM.
Conocimiento de la industria Retail SAP S4/HANA.
Conocimientos de software orientados a la industria Retail SAP MM/SD, WMS, EWM.
Manejo y control de actividades de proyectos y equipos de trabajo.
En SMU S.A. apoyamos y promovemos la Ley N°21.015 de Inclusión Laboral. Además nos encontramos certificados en la Norma Chilena NCh: 3262, de Gestión de igualdad de género y conciliación de la vida laboral, familiar y personal. Por esta razón todas nuestras oportunidades laborales están abiertas a personas con discapacidad , y sin ningún tipo de distinción ni discriminación por género. En SMU, nos esforzamos por gestionar una ambiente inclusivo y equitativos para todas las personas.",1,"Título en Ingenieía Informática, Ingeniería Civil Informática, Ingeniería en Ejecución o carreras afines.
Al menos 5 años de experiencia laboral en retail.
Certificación en el módulos específicos del SAP WMS, SAP EWM.
Conocimiento de la industria Retail SAP S4/HANA.
Conocimientos de software orientados a la industria Retail SAP MM/SD, WMS, EWM.
Manejo y control de actividades de proyectos y equipos de trabajo.
Disponibilidad para trabajar en nuestro Centro de Distribución ubicado en Lo Aguirre, Pudahuel."
Supervisor(a) Prevención de Riesgos - Super 10 - Región Metropolitana,Otra Área,"Santiago, Metropolitana de Santiago",Santiago,Metropolitana de Santiago,2026-09-01,6120170,smu,2026-09-06,2026-09-06,0.3701,Otro Profesional,En terreno,Unimarc,Universitaria,Chile,2 años,2026-10-31,https://smu.trabajando.cl/trabajo-empleo/supervisor-a-prevencion-de-riesgos-super-10-region-metropolitana/trabajo/6120170,¿Quieres formar parte de la red de...,"¿Quieres formar parte de la red de Supermercados más grande de Chile? 😁
En Super 10, parte de SMU, queremos que te integres a nuestro equipo de trabajo. Te invitamos a conocernos y unirte a nosotros. Ofrecemos un grato ambiente laboral, donde podrás desarrollarte y crecer de forma permanente, y además un espacio de cercanía y colaboración que distingue a nuestra Compañía. En esta oportunidad estamos en búsqueda de nuestro/a próximo/a Supervisor(a) Prevención de Riesgos para desempeñarse en Santiago.
Dentro de las principales responsabilidades del cargo están:
Implementar y ejecutar el Sistema de Gestión de Seguridad y Salud en el Trabajo, monitoreando indicadores de accidentabilidad y cumplimiento preventivo.
Implementar y asesorar técnicamente al Comité Paritario, participando en investigaciones de accidentes y acciones preventivas.
Realizar inspecciones de seguridad, elaborar matrices de riesgo (MIPER) y velar por el cumplimiento legal en prevención de riesgos.
Reportar desviaciones, proponer mejoras preventivas y coordinar planes y simulacros de emergencia y evacuación.
Ejecutar capacitaciones en prevención de riesgos y supervisar sistemas contra incendios y protocolos MINSAL.
Supervisar empresas contratistas en materias de seguridad y prevención, realizando auditorías y control documental.
Gestionar el cumplimiento de normativas legales y coordinar acciones con mutualidades y organismos relacionados.
Requisitos:
- Título de Ingeniería en Prevención de Riesgos
- Deseable experiencia en Retail
- Contar con movilización propia (no excluyente)
- 2 años de experiencia en roles similares
- Residencia en la Región Metropolitana
En SMU apoyamos y promovemos la Ley N°21.015 de Inclusión Laboral. Además nos encontramos certificados en la Norma Chilena NCh: 3262, de Gestión de igualdad de género y conciliación de la vida laboral, familiar y personal. Por esta razón todas nuestras oportunidades laborales están abiertas a personas con discapacidad , y sin ningún tipo de distinción ni discriminación por género. En SMU, nos esforzamos por gestionar un ambiente inclusivo y equitativo para todas las personas.",1,"- Título de Ingeniería en Prevención de Riesgos
- Deseable experiencia en Retail
- Contar con movilización propia (no excluyente)
- 2 años de experiencia en roles similares
- Residencia en Región Metropolitana."
Planner Supply Chain,Otra Área,"Las Condes, Metropolitana de Santiago",Las Condes,Metropolitana de Santiago,2026-08-31,6119543,smu,2026-09-06,2026-09-06,0.4285,Especialista,Jornada Completa,SMU,Universitaria,Chile,1 años,2026-09-30,https://smu.trabajando.cl/trabajo-empleo/planner-supply-chain/trabajo/6119543,¿Quieres formar parte de la red de...,"¿Quieres formar parte de la red de Supermercados más grande de Chile? 😀
En SMU queremos que te integres a nuestro equipo de trabajo. Te invitamos a conocernos y unirte a nosotros. Ofrecemos un grato ambiente laboral, donde podrás desarrollarte y crecer de forma permanente, y además un espacio de cercanía y colaboración que distingue a nuestra Compañía. En esta oportunidad estamos en búsqueda de un/a nuevo/a Planner Supply Chain, quien será responsable de elaborar y coordinar las planificaciones de los centros de distribución que permitan cumplir con la propuesta de valor que tiene cada formato en el lugar y momento adecuado velando por la eficiencia en la cadena de suministro. Este cargo tiene relación directa con gerentes(as) de abastecimiento y equipo, gerentes(as) de Operaciones y responsables de cada CD, además de los equipos de transportes donde se tiene como objetivo maximizar la eficiencia en toda la cadena.
El cargo será responsable, dentro de la gerencia de Supply Chain, de las planificaciones de todos los centros de la red logística, coordinaciones con equipo de abastecimiento, Operación y Transporte y reporteria que permita el control de los centros, salida y abastecimiento de la red.
Entre sus funciones estarán:
Planificar y Coordinar cargas  diarias de los centros de distribución, para velar que los procesos operativos y de abastecimiento permitan optimizar los niveles de inventario desde los centros de distribución a las tiendas.
Coordinar y proyectar las fechas clave en las áreas de operaciones y cadena de suministro para velar por el cumplimiento de plazos, logrando coordinar con los requerimientos de los equipos de abastecimiento, comercial, operaciones y transportes.
Coordinar las rutas  desde los Centros de Distribución (CDs) en colaboración con el equipo de transporte, para lograr a través de una optimización del proceso una distribución que permita reducir costos logísticos y optimizar los tiempos de entrega.
Generar reportería y KPI's para aportar a la toma de decisiones relativa a la cadena de suministro, dando alertas de tiendas respecto a los stock que tiene y cómo se relaciona con la carga diaria.
Generar automatizaciones al proceso para hacer más eficiente las planificaciones y el flujo hacia las tiendas.
Requisitos:
Ingeniería Civil Industrial o carrera afín
Experiencia de 1 a 2 años en cadena de suministros
Excel Intermedio o superior
Deseable Conocimiento SAP
Esperamos tu postulación!!!
En SMU trabajamos por gestionar un ambiente inclusivo y equitativo para todas las personas. Apoyamos y promovemos la Ley N°21.015 de Inclusión Laboral y estamos certificados en la Norma Chilena NCh: 3262, de Gestión de igualdad de género y conciliación de la vida laboral, familiar y personal, por lo que todas nuestras oportunidades laborales están abiertas a la participación universal de personas, indistintamente de su género o condición de discapacidad.",1,"Ingeniería Civil Industrial o carrera afín
Experiencia de 4 años o más en cadena de suministros
Excel Intermedio o superior
Deseable Conocimiento SAP"
Tesorera/o Unimarc (chañarcillo) Copiapó,Otra Área,"Copiapó, Atacama",Copiapó,Atacama,2026-08-31,6119654,smu,2026-09-06,2026-09-06,0.3277,Asistente,Jornada Completa,Unimarc,Media,Chile,1 años,2026-10-30,https://smu.trabajando.cl/trabajo-empleo/tesorera-o-unimarc-chanarcillo-copiapo/trabajo/6119654,Supermercados Unimarc requiere contratar...,"Supermercados Unimarc requiere contratar 'Tesorera/a' o Cajeros con Experiencia Full time (45hrs), para desempeñarse en nuestra sucursal ubicada en la ciudad de Copiapo.
Su principal función será supervisar la operatividad y disponibilidad de la sección cajas, aportando en la eficiencia y fluidez del funcionakiento de su sección, cumpliendo con los estándares de calidad, procedimientos y protocolos. Realizar apertura de sala de arqueo, cuadratura de fondo, preparación y entrega de REPO a las cajeras. Realizar retiro de efectivo, asignación y estado de cajas, apoyo en caja manual y autoservicio, anulación de productos, provisión de sencillo y asistencia a cliente.
Requisitos:
Tener enseñanza media completa
Tener experiencia en caja (1 año minimo) en el area del retail.
Únete al Supermercado de todos los Chilenos!!! Ofrecemos importantes alternativas de desarrollo y crecimiento.",1,"Tener enseñanza media completa
Tener experiencia en caja (1 año minimo) en el area del retail."
Especialista Salesforce Marketing Cloud,Otra Área,"Las Condes, Metropolitana de Santiago",Las Condes,Metropolitana de Santiago,2026-08-28,6118931,smu,2026-09-06,2026-09-06,0.3875,Especialista,Jornada Completa,SMU,Universitaria,Chile,3 años,2026-09-27,https://smu.trabajando.cl/trabajo-empleo/especialista-salesforce-marketing-cloud/trabajo/6118931,¿Quieres formar parte de la red de...,"¿Quieres formar parte de la red de Supermercados más grande de Chile? 😁
En Unidata, empresa coligada de SMU, queremos que te integres a nuestro equipo de trabajo. Te invitamos a conocernos y unirte a nosotros. Ofrecemos un grato ambiente laboral, donde podrás desarrollarte y crecer de forma permanente, y además un espacio de cercanía y colaboración que distingue a nuestra Compañía.
En esta oportunidad estamos en búsqueda de nuestro/a próximo/a Especialista Salesforce Marketing cuya misión es liderar la implementación, administración, optimización y evolución de plataforma Salesforce Marketing Cloud en la organización, asegurando la correcta gestión de integraciones, automatizaciones y personalización de estrategias en estas herramientas.
Dentro de las principales responsabilidades del cargo están:
- Definir y gestionar el backlog de CRM y herramienta SFMC, definiendo criterios de aceptación de entregables y gestion de pruebas End to End.
- Diseñar y optimizar flujos de trabajo automatizados en la plataforma de SFMC.
- Monitorear continuamente la estabilidad y funcionamiento de la plataforma de SFMC, administrando usuarios y roles necesarios.
- Coordinar con equipos internos y proveedores el desarrollo de nuevas funcionalidades.
- Analizar y modelar datos en CRM y herramientas de marketing.
- Supervisar la integración de CRM con otras plataformas a través de APIs.
- Gestionar la relación con Salesforce y el socio tecnológico.
- Diseñar e implementar Cloud Pages en Salesforce Marketing Cloud, asegurando la captura segura de datos, integraciones robustas con sistemas externos, y validaciones dinámicas alineadas a los requerimientos del negocio, dentro de un entorno de desarrollo con integración continua.
Requisitos:
- Título profesional en Ingeneiría en Informática o carrera afín.
- Al menos 3 años de experiencia en áreas relacionadas.
- Conocimiento en aplicaciones de integración de datos.
- Manejo de SQL avanzado.
- Dominio de herramientas de Salesforce Marketing Cloud.
- Experiencia en herramientas de visualización de datos.
- Al menos 3 años de experiencia en análisis de datos.
- Conocimiento en integraciones de datos.
- Conocimientos en motores de bases de datos.
- Experiencia con herramientas de visualización de datos y tableros.
En SMU apoyamos y promovemos la Ley N°21.015 de Inclusión Laboral. Además nos encontramos certificados en la Norma Chilena NCh: 3262, de Gestión de igualdad de género y conciliación de la vida laboral, familiar y personal. Por esta razón todas nuestras oportunidades laborales están abiertas a personas con discapacidad , y sin ningún tipo de distinción ni discriminación por género. En SMU, nos esforzamos por gestionar un ambiente inclusivo y equitativo para todas las personas.",1,"- Título profesional en Ingeneiría en Informática o carrera afín.
- Al menos 3 años de experiencia en áreas relacionadas.
- Conocimiento en aplicaciones de integración de datos.
- Manejo de SQL avanzado.
- Dominio de herramientas de Salesforce Marketing Cloud.
- Experiencia en herramientas de visualización de datos.
- Al menos 3 años de experiencia en análisis de datos.
- Conocimiento en integraciones de datos.
- Conocimientos en motores de bases de datos.
- Experiencia con herramientas de visualización de datos y tableros."
Técnico en Mantenimiento Polifuncional VI Región,Otra Área,"Rancagua, Lib. Gral. Bdo. O'Higgins",Rancagua,Lib. Gral. Bdo. O'Higgins,2026-08-27,6118345,smu,2026-09-06,2026-09-06,0.3198,Técnico,En terreno,SMU,Técnico medio/ colegio técnico,Chile,2 años,2026-09-26,https://smu.trabajando.cl/trabajo-empleo/tecnico-en-mantenimiento-polifuncional-vi-region/trabajo/6118345,¿Quieres formar parte de la red de...,"¿Quieres formar parte de la red de Supermercados más grande de Chile?
En SMU queremos que te integres a nuestro equipo de trabajo. Te invitamos a conocernos y unirte a nosotros. Ofrecemos un grato ambiente laboral, donde podrás desarrollarte y crecer de forma permanente, y además un espacio de cercanía y colaboración que distingue a nuestra Compañía.
En esta oportunidad estamos en búsqueda de un/a nuevo/a Técnico (a) en Mantenimiento Polifuncional, quien será responsable de ejecutar el servicio de mantenimiento de la infraestructura de las tiendas e instalaciones de la VI región, tiendas de Rancagua y alrededores, velando por la operatividad y adecuado funcionamiento técnico de éstas para su uso, según lo requerido por las diversas unidades del negocio.
Funciones:
Gasfitería; destape de WC, cambios de grifería, reparación de instalaciones sanitarias y de agua potable, entre otros.
Apoyo en emergencias como lluvias, excavaciones por rotura de matrices e inundaciones, entre otros.
Limpieza de canaletas de aguas lluvia, bajadas de agua.
Obras Civiles; cerámicos, hormigón, tabiques, cielos, reparación de muros, estucos, etc.
Reparación y pinturas de fachadas, muros, accesos, interiores y demarcación de estacionamientos.
Sellado para lograr hermeticidad de instalaciones por plan de control de plagas, uso de plataforma elevadora y máquina de aplicación de espuma de poliuretano.
Soldadura de portones y estructuras metálicas.
Reparaciones, modificaciones y/o instalaciones de mobiliario.
Requisitos
Enseñanza media completa, ideal técnico nivel medio con especializaciones o cursos de capacitación afines.
Al menos 2 años de experiencia en cargos similares, en labores de gasfitería, albañilería y obras civiles menores, entre otros.
Microsoft Office básico.
Salud compatible con el cargo, se requiere examen de altura física.
Deseable contar con licencia de conducir clase B vigente.
Residencia en Rancagua.
Postula aquí, ¡te estamos esperando!
En SMU S.A. apoyamos y promovemos la Ley N°21.015 de Inclusión Laboral. Además nos encontramos certificados en la Norma Chilena NCh: 3262, de Gestión de igualdad de género y conciliación de la vida laboral, familiar y personal. Por esta razón, todas nuestras oportunidades laborales están abiertas a personas con discapacidad, sin ningún tipo de distinción ni discriminación por género. En SMU, nos esforzamos por gestionar un ambiente inclusivo y equitativo para todas las personas.",1,"Enseñanza media completa, ideal técnico nivel medio con especializaciones o cursos de capacitación afines.
Al menos 2 años de experiencia en cargos similares, en labores de gasfitería, albañilería y obras civiles menores, entre otros.
Microsoft Office básico.
Salud compatible con el cargo, se requiere examen de altura física.
Deseable contar con licencia de conducir clase B vigente.
Residencia en Rancagua."
Analista de Diseño Instruccional,Otra Área,"Ñuñoa, Metropolitana de Santiago",Ñuñoa,Metropolitana de Santiago,2026-08-26,6117789,smu,2026-09-06,2026-09-06,0.3578,Analista,Jornada Completa,SMU,Técnico profesional superior,Chile,2 años,2026-09-25,https://smu.trabajando.cl/trabajo-empleo/analista-de-diseno-instruccional/trabajo/6117789,¿Quieres formar parte de la red de...,"¿Quieres formar parte de la red de Supermercados más grande de Chile?
En SMU queremos que te integres a nuestro equipo de trabajo. Te invitamos a conocernos y unirte a nosotros. Ofrecemos un grato ambiente laboral, donde podrás desarrollarte y crecer de forma permanente, y además un espacio de cercanía y colaboración que distingue a nuestra Compañía.
En esta oportunidad estamos en búsqueda de un/a Analista de Diseño Instruccional para nuestra compañía.
¿De qué es responsable este cargo?
La misión de este cargo es analizar y diseñar soluciones formativas integrales, mallas curriculares y recursos pedagógicos multimodalidad para velar por el desarrollo de las competencias de los/las colaboradores/as de la organización, según sus lineamientos.
¿Cuales serán tus funciones?
Analizar necesidades de capacitación (DNI) y evaluar requerimientos pedagógicos junto a clientes internos y externos.
Diseñar programas, mallas curriculares, guiones instruccionales y recursos de aprendizaje multimodalidad (presencial, e-learning, aula virtual y blended).
Elaborar y actualizar manuales de el/la participante, guías de relatoría, presentaciones y materiales didácticos interactivos.
Coordinar y examinar con expertos/as técnicos/as y relatores/as la validación y actualización de los contenidos instruccionales.
Verificar e inspeccionar el cumplimiento de las políticas, procedimientos y normativas del Sistema de Gestión de Calidad (SGC) en el desarrollo de los proyectos.
Comprobar y registrar los indicadores del área (tiempos de desarrollo, satisfacción de usuarios y tasas de aprobación).
Requisitos:
Título Profesional Universitario o Técnico en Pedagogía, Psicopedagogía, Psicología, Ingeniería en Recursos Humanos, Educación o carrera afín.
Mínimo 2 años en funciones de gestión del aprendizaje o desarrollo organizacional.
Al menos 2 años en diseño instruccional, guionización e-learning y desarrollo de materiales formativos.
Conocimiento en andragogía, taxonomía de Bloom, metodologías activas, evaluación por competencias, herramientas e-learning y MS Office avanzado.
En SMU S.A. apoyamos y promovemos la Ley N°21.015 de Inclusión Laboral. Además nos encontramos certificados en la Norma Chilena NCh: 3262, de Gestión de igualdad de género y conciliación de la vida laboral, familiar y personal. Por esta razón todas nuestras oportunidades laborales están abiertas a personas con discapacidad , y sin ningún tipo de distinción ni discriminación por género. En SMU, nos esforzamos por gestionar una ambiente inclusivo y equitativos para todas las personas.",1,"Título Profesional Universitario o Técnico en Pedagogía, Psicopedagogía, Psicología, Ingeniería en Recursos Humanos, Educación o carrera afín.
Mínimo 2 años en funciones de gestión del aprendizaje o desarrollo organizacional.
Al menos 2 años en diseño instruccional, guionización e-learning y desarrollo de materiales formativos.
Conocimiento en andragogía, taxonomía de Bloom, metodologías activas, evaluación por competencias, herramientas e-learning y MS Office avanzado."
Ingeniero(a) Procesos,Otra Área,"Las Condes, Metropolitana de Santiago",Las Condes,Metropolitana de Santiago,2026-08-26,6117584,smu,2026-09-06,2026-09-06,0.3975,Ingeniero,Jornada Completa,SMU,Universitaria,Chile,1 años,2026-09-25,https://smu.trabajando.cl/trabajo-empleo/ingeniero-a-procesos/trabajo/6117584,¿Quieres formar parte de la red de...,"¿Quieres formar parte de la red de Supermercados más grande de Chile?
En SMU queremos que te integres a nuestro equipo de trabajo. Te invitamos a conocernos y unirte a nosotros. Ofrecemos un grato ambiente laboral, donde podrás desarrollarte y crecer de forma permanente, y además un espacio de cercanía y colaboración que distingue a nuestra Compañía.
En esta oportunidad estamos en búsqueda de un/a Ingeniero/a de Procesos para nuestra compañía.
¿De qué es responsable este cargo?
Apoyar con levantamientos, análisis cuantitativos y optimización de los procesos operacionales de la sala, mediante la recopilación de datos, mapeo de procesos y propuestas de mejora, asegurando información confiable para la toma de decisiones.
¿Cuales serán tus funciones?
Levantar, diagnosticar, diseñar e implementar procesos estándares y eficientes en sala.
Recopilar y analizar datos de productividad, tiempos, costos, brecha etc.
Mapear y documentar procesos críticos de la operación (recepción, bodega, sala de ventas, cajas).
Facilitar la implementación de iniciativas de mejora continua en la sala de ventas.
Elaborar presentaciones, reportes e indicadores de gestión.
Colaborar en la gestión del cambio junto con áreas de soporte.
Requisitos:
Título en Ingeniería Civil Industrial, Comercial o carrera afín.
1-3 años de experiencia en levantamiento y análisis de proceso.
Es un plus si tienes experiencia en retail
Conocimiento de procesos de retail, deseable de supermercados.
Conocimiento en metodologías de mejoramiento continuo (Lean, 6 sigma, Agile).
Capacidad analítica y manejo de datos (Excel avanzado, Power BI u otra herramienta de visualización).
Conocimiento en programación media (SQL, Python)
En SMU S.A. apoyamos y promovemos la Ley N°21.015 de Inclusión Laboral. Además nos encontramos certificados en la Norma Chilena NCh: 3262, de Gestión de igualdad de género y conciliación de la vida laboral, familiar y personal. Por esta razón todas nuestras oportunidades laborales están abiertas a personas con discapacidad , y sin ningún tipo de distinción ni discriminación por género. En SMU, nos esforzamos por gestionar una ambiente inclusivo y equitativos para todas las personas.",1,"Título en Ingeniería Civil Industrial, Comercial o carrera afín.
1-3 años de experiencia en levantamiento y análisis de proceso.
Es un plus si tienes experiencia en retail
Conocimiento de procesos de retail, deseable de supermercados.
Conocimiento en metodologías de mejoramiento continuo (Lean, 6 sigma, Agile).
Capacidad analítica y manejo de datos (Excel avanzado, Power BI u otra herramienta de visualización).
Conocimiento en programación media (SQL, Python)"
Especialista WMS,Otra Área,"Pudahuel, Metropolitana de Santiago",Pudahuel,Metropolitana de Santiago,2026-08-26,6117775,smu,2026-09-06,2026-09-06,0.3699,Especialista,Jornada Completa,SMU,Universitaria,Chile,5 años,2026-09-25,https://smu.trabajando.cl/trabajo-empleo/especialista-wms/trabajo/6117775,¿Quieres formar parte de la red de...,"¿Quieres formar parte de la red de Supermercados más grande de Chile?
En SMU queremos que te integres a nuestro equipo de trabajo. Te invitamos a conocernos y unirte a nosotros. Ofrecemos un grato ambiente laboral, donde podrás desarrollarte y crecer de forma permanente, y además un espacio de cercanía y colaboración que distingue a nuestra Compañía.
En esta oportunidad estamos en búsqueda de un/a Especialista WMS para nuestra compañía.
¿De qué es responsable este cargo?
Asignar y preparar actividades de diseños, análisis, configuración e implementaciones de los sistemas relacionados a las iniciativas de las áreas de negocio en relación con los procesos de tiendas, supervisando y velando por una correcta ejecución e implementación.
¿Cuales serán tus funciones?
Colaborar con las areas de negocio de la organización para identificar necesidades, personalizar y configurar el sistema, brindando soporte técnico Funcional y capacitación a los usuarios, gestionando iniciativas, mejora evolutivas y correctivas.
Realizar y asignar requerimientos de negocio asociados a procesos especificos del Retail.
Evaluar y verificar los procesos operativos o iniciativas de negocio que responden a una necesidad del negocio, que implique generar un proyecto, evaluando esfuerzos y recursos para cumplir el objetivo.
Brindar soporte técnico funcional y capacitación a los usuarios.
Realizar la atención de las incidencias de las áreas de negocio que sean relacionadas con TI, generando las instancias con los distintos actores de TI con externos.
Preparar y elaborar la documentación de los pasos al sistema productivo de los distintos requerimientos de negocio.
Participar en los procesos de mantenimiento de sistema tales como DRP o upgrade.
Requisitos:
Título en Ingenieía Informática, Ingeniería Civil Informática, Ingeniería en Ejecución o carreras afines.
Al menos 5 años de experiencia laboral en retail.
Certificación en el módulos específicos del SAP WMS, SAP EWM.
Conocimiento de la industria Retail SAP S4/HANA.
Conocimientos de software orientados a la industria Retail SAP MM/SD, WMS, EWM.
Manejo y control de actividades de proyectos y equipos de trabajo.
En SMU S.A. apoyamos y promovemos la Ley N°21.015 de Inclusión Laboral. Además nos encontramos certificados en la Norma Chilena NCh: 3262, de Gestión de igualdad de género y conciliación de la vida laboral, familiar y personal. Por esta razón todas nuestras oportunidades laborales están abiertas a personas con discapacidad , y sin ningún tipo de distinción ni discriminación por género. En SMU, nos esforzamos por gestionar una ambiente inclusivo y equitativos para todas las personas.",1,"Título en Ingenieía Informática, Ingeniería Civil Informática, Ingeniería en Ejecución o carreras afines.
Al menos 5 años de experiencia laboral en retail.
Certificación en el módulos específicos del SAP WMS, SAP EWM.
Conocimiento de la industria Retail SAP S4/HANA.
Conocimientos de software orientados a la industria Retail SAP MM/SD, WMS, EWM.
Manejo y control de actividades de proyectos y equipos de trabajo.
Disponibilidad para trabajar en nuestro Centro de Distribución ubicado en Lo Aguirre, Pudahuel."
Subgerente(a) Negocio - Categorías de Consumo Masivo,Otra Área,"Las Condes, Metropolitana de Santiago",Las Condes,Metropolitana de Santiago,2026-08-24,6116770,smu,2026-09-06,2026-09-06,0.3401,Subgerente de Área,Jornada Completa,SMU,Universitaria,Chile,5 años,2026-09-23,https://smu.trabajando.cl/trabajo-empleo/subgerente-a-negocio-categorias-de-consumo-masivo/trabajo/6116770,¿Quieres formar parte de la red de...,"¿Quieres formar parte de la red de Supermercados más grande de Chile?😃
En SMU queremos que te integres a nuestro equipo de trabajo. Te invitamos a conocernos y unirte a nosotros. Ofrecemos un grato ambiente laboral, donde podrás desarrollarte y crecer de forma permanente, y además un espacio de cercanía y colaboración que distingue a nuestra Compañía.
En esta oportunidad estamos en búsqueda de Subgerente/a de Negocio, responsable de promover y realizar la gestión integral de una categoría de productos, desde su selección hasta su presentación en la tienda, para contribuir a la maximización de la rentabilidad para la Compañía y la satisfacción del cliente.
El/la Subgerente/a Negocio ocupa una posición clave para influir en la oferta de productos, la experiencia del cliente y el rendimiento financiero de la empresa, trabajando en estrecha colaboración con diversos equipos para lograr estos objetivos. Es contraparte directa de empresas proveedoras y colabora con pares de otros negocios o categorías, áreas de ventas, planificación, finanzas, entre otras. Dentro de sus funciones, estarán:
Negociar y establecer acuerdos comerciales con proveedores en relación a costos, surtido, reposición, centralización, plazos, entre otros (fundamental en su rol la negociación de las mejores promociones para los diferentes formatos) para asegurar condiciones de compra que maximicen rentabilidad, asegurando los objetivos de ingreso de la Compañía y las necesidades de los clientes.
Desarrollar y promover planes de acción orientados a revertir caídas de ventas en las categorías a su cargo y/o potenciarlas para contribuir a revertir caídas de venta en las categorías a su cargo.
Evaluar el rendimiento del negocio y proponer continuamente nuevas estrategias que favorezcan el mejor desempeño y aportar a los logros de los presupuestos de venta de los formatos a su cargo para contribuir a mejorar la propuesta de valor del negocio a cargo de su gestión.
Analizar la(s) categoría(s) bajo su gestión con apoyo del área de planificación comercial, para contribuir con la información necesaria para una toma de decisiones que permita la mejora del desempeño de la ventas de las categorías a su cargo.
Trabajar en coordinación con las diferentes áreas de la Compañía asociadas a su rol, como son Planificación Comercial, Logística y Supply Chain, Marketing, entre otros, para contribuir a la planificación de los diferentes procesos de la Compañía, de manera de asegurar su ejecución de acuerdo con la carta gantt de los mismos (actividades comerciales en los puntos de venta tales como catálogos, apoteósicos, campañas).
Negociar y ejecutar el ingreso o modificación de productos en el sistema definido por la Compañía, para asegurar el respaldo de información para una gestión oportuna y eficiente, tanto en su área como en las que colaboran.
Realizar el levantamiento de información de las fuentes pertinentes en cada categoría (Nielsen, Ventas, GFK-Adimark, entre otros), para asegurar la identificación de oportunidades en la categorías de su negocio y así cubrir las necesidades de los clientes y asegurar la rentabilidad.
En SMU S.A. apoyamos y promovemos la Ley N°21.015 de Inclusión Laboral. Además nos encontramos certificados en la Norma Chilena NCh: 3262, de Gestión de igualdad de género y conciliación de la vida laboral, familiar y personal. Por esta razón, todas nuestras oportunidades laborales están abiertas a personas con discapacidad, sin ningún tipo de distinción ni discriminación por género. En SMU, nos esforzamos por gestionar un ambiente inclusivo y equitativo para todas las personas.
Postula aquí, ¡te estamos esperando!",1,"Formación académica en Ingeniería Comercial, Civil Industrial o afín.
Experiencia laboral total de al menos 5 años, con al menos 3 de experiencia en áreas comerciales, en negociación con proveedores desde el retail en roles similares o como proveedor en grandes empresas de consumo masivo.
Es imprescindible tener experiencia en negociaciones comerciales con categorías de consumo masivo en grandes empresas."
Product Manager Productos Financieros y Retencion de clientes,Otra Área,"Las Condes, Metropolitana de Santiago",Las Condes,Metropolitana de Santiago,2026-08-24,6116689,smu,2026-09-06,2026-09-06,0.404,Otro Profesional,Jornada Completa,SMU,Universitaria,Chile,2 años,2026-09-23,https://smu.trabajando.cl/trabajo-empleo/product-manager-productos-financieros-y-retencion-de-clientes/trabajo/6116689,¿Quieres formar parte de la red de...,"¿Quieres formar parte de la red de Supermercados más grande de Chile?
En Unicard, empresa filial de SMU, queremos que te integres a nuestro equipo de trabajo. Te invitamos a conocernos y unirte a nosotros. Ofrecemos un grato ambiente laboral, donde podrás desarrollarte y crecer de forma permanente, y además un espacio de cercanía y colaboración que distingue a nuestra Compañía.
En esta oportunidad, estamos en búsqueda de un/a nuevo/a Product Manager Productos Financieros y Retencion de clientes.
¿De qué es responsable este cargo?
La misión de este cargo es realizar actividades orientadas al diseño, seguimiento y análisis de las campañas comerciales Unicard para los productos financieros y para el segmento en fuga con el fin de contribuir al logro de los resultados, según los objetivos y estrategias definidas por la gerencia.
Sus principales funciones serán las siguientes:
Realizar la identificación de acciones para definir los mejores canales de venta de los productos financieros.
Definir los script y protocolos de venta para cada uno de los canales definidos.
Realizar monitoreo en la implementación de las campañas y generar las mejoras correspondientes.
Definir los costos, incentivos para cada canal, junto con las propuestas de campañas de los productos financieros.
Revisar los protocolos de cruces de seguros y servicios en los procesos de venta.
Desarrollar y establecer la estrategia de segmentos para reducir la fuga de clientes.
Definir las campañas comunicaciones del segmento en fuga y las ofertas para cada subsegmento que se defina.
Requisitos
Título en carreras como IngenieríaComercial, Ingeniería Industrial o carrera afín.
Al menos 2 años de experiencia en el cargo.
Conocimiento y deseable expereincia de la Industria de medios de pagos.
Excel avanzado
Disponibilidad para trabajo full presencial en Las Condes.
Condiciones y Beneficios:
Seguros de salud
Estabilidad laboral
Modalidad full presencial, con medidas de conciliación
Entre otros
Esperamos tu postulación!!!
En SMU trabajamos por gestionar un ambiente inclusivo y equitativo para todas las personas. Apoyamos y promovemos la Ley N°21.015 de Inclusión Laboral y estamos certificados en la Norma Chilena NCh:3262, de Gestión de igualdad de género y conciliación de la vida laboral, familiar y personal, por lo que todas nuestras oportunidades laborales están abiertas a la participación universal de personas, indistintamente de su género o condición de discapacidad.",1,"Título en carreras como IngenieríaComercial, Ingeniería Industrial o carrera afín.
Al menos 2 años de experiencia en el cargo.
Conocimiento y deseable expereincia de la Industria de medios de pagos.
Excel avanzado
Disponibilidad para trabajo full presencial en Las Condes."
Dibujante Técnico,Otra Área,"Las Condes, Metropolitana de Santiago",Las Condes,Metropolitana de Santiago,2026-08-24,6116646,smu,2026-09-06,2026-09-06,0.3732,Otro Profesional,En terreno,SMU,Técnico profesional superior,Chile,1 años,2026-09-23,https://smu.trabajando.cl/trabajo-empleo/dibujante-tecnico/trabajo/6116646,¿Te gustaría ser parte de la red de...,"¿Te gustaría ser parte de la red de supermercados más grande de Chile?
En SMU queremos que seas parte de nuestro equipo. Buscamos personas que quieran desarrollarse, aportar con sus conocimientos y crecer junto a una compañía que se caracteriza por un ambiente de trabajo cercano, colaborativo y dinámico.
En esta oportunidad, estamos buscando a nuestro/a próximo/a Dibujante Técnico, quien tendrá un rol clave en el desarrollo de proyectos de arquitectura para nuestras tiendas.
🏗 ¿Cuál será tu principal desafío?
Serás responsable de desarrollar proyectos de arquitectura para nuevas tiendas y remodelaciones, participando en las distintas etapas de diseño y documentación técnica.
📐 ¿Cuáles serán tus principales funciones?
Desarrollar planimetría de anteproyectos y proyectos de arquitectura.
Elaborar antecedentes, fichas y detalles técnicos y constructivos.
Preparar la documentación técnica requerida para cada proyecto.
Realizar levantamientos y mediciones en terreno, incluyendo el dibujo planimétrico de salas existentes.
Elaborar planos utilizando AutoCAD y aplicando las normas vigentes de dibujo de arquitectura e ingeniería.
Proponer soluciones eficientes y realizar otras funciones relacionadas con el cargo según las necesidades del proyecto.
🔎 ¿Qué buscamos?
Título Técnico de Nivel Superior en Proyectos, Dibujo Técnico, especialidad arquitectónica o carrera afín.
Formación en Arquitectura será valorada.
Experiencia previa en cargos similares.
Manejo avanzado de AutoCAD.
Experiencia y conocimientos en DOM.
Disponibilidad para viajar.
Licencia de conducir clase B.
💙 ¿Por qué SMU?
Porque creemos en las personas y en el desarrollo de sus talentos. Queremos que encuentres en SMU un espacio donde puedas aprender, aportar, crecer y construir tu trayectoria profesional junto a un gran equipo.
¡Te invitamos a postular y ser parte de SMU! 🚀
En SMU S.A. apoyamos y promovemos la Ley N°21.015 de Inclusión Laboral. Además, nos encontramos certificados en la Norma Chilena NCh 3262, de Gestión de igualdad de género y conciliación de la vida laboral, familiar y personal. Por esta razón, todas nuestras oportunidades laborales están abiertas a personas con discapacidad y se desarrollan bajo principios de igualdad, inclusión y no discriminación. En SMU trabajamos para construir un ambiente laboral inclusivo, diverso y equitativo para todas las personas.",1,"Título Técnico de Nivel Superior en Proyectos, Dibujo Técnico, especialidad arquitectónica o carrera afín.
Formación en Arquitectura será valorada.
Experiencia previa en cargos similares.
Manejo avanzado de AutoCAD.
Experiencia y conocimientos en DOM.
Disponibilidad para viajar.
Licencia de conducir clase B."
Brand Manager - Experiencia en retail o consumo masivo,Otra Área,"Las Condes, Metropolitana de Santiago",Las Condes,Metropolitana de Santiago,2026-08-24,6116587,smu,2026-09-06,2026-09-06,0.3899,Especialista,Jornada Completa,SMU,Universitaria,Chile,3 años,2026-09-23,https://smu.trabajando.cl/trabajo-empleo/brand-manager-experiencia-en-retail-o-consumo-masivo/trabajo/6116587,¿Quieres formar parte de la red de...,"¿Quieres formar parte de la red de Supermercados más grande de Chile?😃
En SMU queremos que te integres a nuestro equipo de trabajo. Te invitamos a conocernos y unirte a nosotros. Ofrecemos un grato ambiente laboral, donde podrás desarrollarte y crecer de forma permanente, y además un espacio de cercanía y colaboración que distingue a nuestra Compañía.
En esta oportunidad estamos en búsqueda de un/a Brand Manager, quien será responsable de liderar la planificación y ejecución de campañas de marketing, velando por la correcta implementación de los lineamientos comunicacionales de la compañía y la coordinación del plan promocional, con el fin de fortalecer el posicionamiento y valor de la marca en el mercado.
Principales funciones:
Gestionar y supervisar las diferentes iniciativas y recursos de marketing asociados a las campañas bajo su responsabilidad, asegurando el cumplimiento de los objetivos definidos y el alineamiento con las políticas de la compañía.
Liderar el desarrollo de planes comunicacionales, participando en la revisión de briefs, piezas creativas, acciones promocionales y planificación de medios tanto online como offline, resguardando la coherencia de la imagen de marca.
Coordinar con las áreas digital, comercial y logística la implementación de las campañas en los distintos puntos de venta, asegurando una correcta ejecución y visibilidad de la marca.
Realizar análisis posteriores a cada campaña, identificando aprendizajes, oportunidades de mejora y nuevas propuestas que permitan optimizar las estrategias de marketing.
Requisitos:
Título profesional de Ingeniería Comercial, Ingeniería Industrial o carreras afines.
Experiencia laboral de al menos 2 a 3 años en posiciones similares en retail o consumo masivo
Disponibilidad para trabajar en modalidad full presencial en Santiago
Condiciones y beneficios
40 hrs. semanales
Modalidad full presencial
Seguro de salud y dental
Descuentos en compras
Medidas de conciliación
Entre otros
Postula aquí, ¡te estamos esperando!
En SMU S.A. apoyamos y promovemos la Ley N°21.015 de Inclusión Laboral. Además nos encontramos certificados en la Norma Chilena NCh: 3262, de Gestión de igualdad de género y conciliación de la vida laboral, familiar y personal. Por esta razón, todas nuestras oportunidades laborales están abiertas a personas con discapacidad, sin ningún tipo de distinción ni discriminación por género. En SMU, nos esforzamos por gestionar un ambiente inclusivo y equitativo para todas las personas.",1,"Título profesional de Ingeniería Comercial, Ingeniería Industrial o carreras afines.
Experiencia laboral de al menos 2 a 3 años en posiciones similares en retail o consumo masivo
Disponibilidad para trabajar en modalidad full presencial en Santiago"
Jefe(a) Desarrollo Inmobiliario,Otra Área,"Las Condes, Metropolitana de Santiago",Las Condes,Metropolitana de Santiago,2026-08-19,6115151,smu,2026-09-06,2026-09-06,0.3139,Jefe Área/Sección/Depto./Local,Jornada Completa,SMU,Universitaria,Chile,3 años,2026-10-18,https://smu.trabajando.cl/trabajo-empleo/jefe-a-desarrollo-inmobiliario/trabajo/6115151,En SMU queremos que te integres a nuestro...,"En SMU queremos que te integres a nuestro equipo de trabajo 🛒😀
Te invitamos a conocernos y unirte a nosotros. Ofrecemos un grato ambiente laboral, donde podrás desarrollarte y crecer de forma permanente, y además un espacio de cercanía y colaboración que distingue a nuestra Compañía.
En esta oportunidad estamos en búsqueda de un(a) Jefe(a) de Desarrollo Inmobiliario, quien será responsable de liderar la negociación de contratos de arriendo para tiendas nuevas de nuestros distintos formatos, haciendo seguimiento a la relación contractual y operativa con los desarrolladores externos para asegurar el cumplimiento de los compromisos contractuales establecidos en los proyectos de expansión aprobados.
Su rol incide en la etapa intermedia entre la aprobación del proyecto y su habilitación, interactuando con múltiples áreas internas y con desarrolladores externos. Es el responsable directo de la negociación de los términos contractuales y de velar por el cumplimiento de cada hito, representar a la compañía frente a los desarrolladores, y asegurar condiciones óptimas de entrega del inmueble, dentro de plazos y estándares definidos. Se espera una alta capacidad de gestión, análisis contractual y coordinación con equipos legales, técnicos y administrativos.
Sus principales funciones son:
Establecer los contratos de arriendo, negociando bajo los lineamientos definidos por la compañía para asegurar la firma de contratos dentro de plazos establecidos y bajo condiciones óptimas para SMU.
Liderar la relación contractual con los desarrolladores, siendo el representante de SMU frente a temas legales, técnicos y administrativos para asegurar una gestión fluida y alineada con los objetivos de la compañía durante toda la etapa de desarrollo del proyecto.
Realizar seguimiento riguroso a los hitos críticos del proyecto, tales como obtención de permisos, cumplimiento de plazos, entregables técnicos y contractuales para asegurar su avance conforme a cronograma, reducción de contingencias y entrega oportuna de los locales.
Coordinar con áreas internas (Legal, Ingeniería, Construcción, Arquitectura, Logística y Operaciones) para resolver observaciones, requisitos o definiciones propias del contrato de Arrendamiento para asegurar un flujo coordinado de información y cumplimiento eficiente de los requerimientos internos y externos.
Validar el cumplimiento de las condiciones contractuales en la entrega del local, incluyendo anexos técnicos y compromisos documentales, para asegurar la recepción conforme del local por parte del equipo de construcción de SMU, sin barreras para su habilitación.
Detectar desviaciones, riesgos o incumplimientos por parte de desarrolladores y activar alertas tempranas para su resolución, contribuyendo a la reducción de riesgos operativos y financieros para SMU.
Requisitos:
Título profesional en Arquitectura o Construcción Civil. Se valorará formación complementaria en gestión de contratos, evaluación de proyectos o desarrollo inmobiliario.
Al menos 3 años de experiencia profesional en cargos relacionados con gestión inmobiliaria, administración de contratos o seguimiento de proyectos en el rubro retail o bien en empresas inmobiliarias o constructoras al servicio de empresas de retail.
Dominio de Microsoft Office (Excel avanzado, PowerPoint).
Manejo de AutoCAD avanzado.
¿Qué esperamos de tí?
Una alta capacidad de negociación y seguimiento contractual.
Visión estratégica y operativa.
Orientación a resultados y cumplimiento de plazos.
Habilidades para gestionar múltiples proyectos simultáneamente.
Comunicación efectiva con desarrolladores, equipos legales y técnicos.
Proactividad en la identificación y resolución de riesgos.",1,"Título profesional en Arquitectura o Construcción Civil. Se valorará formación complementaria en gestión de contratos, evaluación de proyectos o desarrollo inmobiliario.
Al menos 3 años de experiencia profesional en cargos relacionados con gestión inmobiliaria, administración de contratos o seguimiento de proyectos en el rubro retail o bien en empresas inmobiliarias o constructoras al servicio de empresas de retail.
Dominio de Microsoft Office (Excel avanzado, PowerPoint).
Manejo de AutoCAD avanzado."
Aprendiz Jefe/a de Local Región Metropolitana - $650.000.-,Otra Área,"Santiago, Metropolitana de Santiago",Santiago,Metropolitana de Santiago,2026-08-18,6112157,smu,2026-09-06,2026-09-06,0.3884,Otro Profesional,Jornada Completa,SMU,Técnico profesional superior,Chile,,2026-10-10,https://smu.trabajando.cl/trabajo-empleo/aprendiz-jefe-a-de-local-region-metropolitana-650-000/trabajo/6112157,🚀 ¡Súmate a SMU y desarrolla tu carrera...,"🚀 ¡Súmate a SMU y desarrolla tu carrera como Jefe/a de Local!
En SMU buscamos personas con motivación por liderar equipos y crecer profesionalmente para participar en nuestro programa de formación Jefe/a de Local , orientado a nuestros distintos formatos de negocio en la Región Metropolitana.
A través de este programa, recibirás capacitación y entrenamiento práctico para adquirir las herramientas necesarias que te permitirán desempeñarte exitosamente en el cargo.
Al finalizar el proceso, estarás preparado/a para:
Coordinar y supervisar la operación integral del local.
Gestionar estándares de funcionamiento, abastecimiento y control de stock.
Liderar y administrar equipos de trabajo.
Contribuir al cumplimiento de metas operacionales y comerciales.
Velar por la eficiencia operativa y el cumplimiento de normas establecidas.
💡 Si te apasiona el liderazgo, el trabajo en equipo y quieres proyectarte en el rubro supermercadista, esta es tu oportunidad.
¡Postula y sé parte de SMU!",1,"-No requiere experiencia laboral.
-Título Técnico Superior / Profesional en Administración, Área Logística o carrera afín.
-Disponibilidad para trabajo en equipo.
¡¡Te estamos esperando!!"
Product Owner - E-Commerce (full presencial),Otra Área,"Las Condes, Metropolitana de Santiago",Las Condes,Metropolitana de Santiago,2026-08-17,6114200,smu,2026-09-06,2026-09-06,0.3779,Líder de Proyecto,Jornada Completa,SMU,Universitaria,Chile,3 años,2026-10-16,https://smu.trabajando.cl/trabajo-empleo/product-owner-e-commerce-full-presencial/trabajo/6114200,¿Quieres formar parte de la red de...,"¿Quieres formar parte de la red de Supermercados más grande de Chile?😃🛒
En SMU queremos que te integres a nuestro equipo de trabajo. Te invitamos a conocernos y unirte a nosotros. Ofrecemos un grato ambiente laboral, donde podrás desarrollarte y crecer de forma permanente, y además un espacio de cercanía y colaboración que distingue a nuestra Compañía.
En esta oportunidad estamos en búsqueda de Product Owner, quien será responsable de definir la visión de un producto y liderar el diseño e implementación de requerimientos de E-Commerce, trabajando en conjunto con áreas tales como Tecnología, Clientes y Operaciones, para contribuir a la mejora de la experiencia de nuestros clientes y a nuestra propuesta de valor.
Esta posición será el nexo clave entre la operación, transportes, planificación y equipos comerciales con las empresas proveedoras y los equipos de abastecimiento y requiere comprender las necesidades tanto internas como externas para la priorización del backlog del producto.
Dentro de sus funciones, deberá:
Definir y establecer con los principales interesados de negocio el roadmap de producto, creando historias de usuarios y diagramación de flujos operacionales.
Crear, gestionar y priorizar el backlog del Producto para asegurar el cumplimiento de avances de todas las tareas del proyecto según los estándares y plazos comprometidos.
Liderar célula de desarrollo y atender dudas que surjan en el proceso.
Ser el nexo entre el negocio y el equipo de desarrollo.
Definir los KPI?s del producto y alinearlos con los objetivos de negocio, monitoreando las implementaciones realizadas.
Atender las expectativas de los stakeholders Evaluar y implementar requerimientos solicitados.
Requisitos:
Formación y título en Ingeniería Civil o Comercial
Experiencia laboral requerida:
Al menos 2 años de experiencia como Product Owner o cargos afines, tales como: Product Manager; Jefaturas de Proyectos en E-Commerce; Jefaturas en Proyectos Digitales
Al menos 1 año trabajando con metodologías ágiles
Experiencia en trabajo en células (idealmente en metodologías ágiles) y evaluación de proyectos.
Manejo de MS Office (Excel, Power Point especialmente) nivel intermedio a avanzado
Manejo de Jira intermedio a avanzado
Disponibilidad para trabajar en modalidad full presencial en oficinas ubicadas en Las Condes
Esperamos tu postulación!!!
En SMU trabajamos por gestionar un ambiente inclusivo y equitativo para todas las personas. Apoyamos y promovemos la Ley N°21.015 de Inclusión Laboral y estamos certificados en la Norma Chilena NCh:3262, de Gestión de igualdad de género y conciliación de la vida laboral, familiar y personal, por lo que todas nuestras oportunidades laborales están abiertas a la participación universal de personas, indistintamente de su género o condición de discapacidad.",1,"Formación y título en Ingeniería Civil o Comercial
Experiencia laboral requerida:
Al menos 2 años de experiencia como Product Owner o cargos afines, tales como: Product Manager; Jefaturas de Proyectos en E-Commerce; Jefaturas en Proyectos Digitales
Al menos 1 año trabajando con metodologías ágiles
Experiencia en trabajo en células (idealmente en metodologías ágiles) y evaluación de proyectos.
Manejo de MS Office (Excel, Power Point especialmente) nivel intermedio a avanzado
Manejo de Jira intermedio a avanzado
Disponibilidad para trabajar en modalidad full presencial en oficinas ubicadas en Las Condes"
Bodeguero(a) de activos fijos,Otra Área,"Quilicura, Metropolitana de Santiago",Quilicura,Metropolitana de Santiago,2026-08-17,6114169,smu,2026-09-06,2026-09-06,0.3296,Otro Profesional,Jornada Completa,SMU,Media,Chile,1 años,2026-09-16,https://smu.trabajando.cl/trabajo-empleo/bodeguero-a-de-activos-fijos/trabajo/6114169,¿Quieres formar parte de la red de...,"¿Quieres formar parte de la red de Supermercados más grande de Chile?
En SMU queremos que te integres a nuestro equipo de trabajo. Te invitamos a conocernos y unirte a nosotros. Ofrecemos un grato ambiente laboral, donde podrás desarrollarte y crecer de forma permanente, y además un espacio de cercanía y colaboración que distingue a nuestra Compañía.
En esta oportunidad estamos en búsqueda de un/a Bodeguero(a) de activos fijos para nuestra compañía.
¿De qué es responsable este cargo?
Ejecutar las actividades operativas de recepción, almacenamiento, despacho y control de activos en bodega, asegurando el cumplimiento de los procedimientos internos, la correcta administración documental y sistémica, y el mantenimiento del orden, la seguridad y la disponibilidad de los activos.
¿Cuales serán tus funciones?
Operar grúa horquilla de manera segura, realizando traslado, carga y descarga de activos y materiales.
Ejecutar la carga y descarga de camiones, verificando el estado de los activos en recepción y despacho.
Realizar el almacenamiento (rackeo) de activos en las ubicaciones definidas, optimizando el uso del espacio y resguardando su integridad.
Recepcionar y registrar activos, verificando cantidades, características y documentación asociada.
Revisar en SAP las órdenes de compra y validar la documentación necesaria para la recepción de activos.
Gestionar y validar las solicitudes de salida de activos, asegurando las autorizaciones y documentación correspondiente.
Mantener el orden, limpieza y condiciones de seguridad de la bodega, de acuerdo con los estándares de la compañía.
Apoyar inventarios físicos y conciliaciones de activos, informando oportunamente diferencias, daños o incidencias.
Requisitos:
Enseñanza media completa.
Deseable licencia Clase D para manejo de grúas.
Experiencia en manejo de grúa horquilla.
Disponibilidad para apoyar inventarios y labores operativas cuando sea requerido.
Excel básico.
Disponibilidad para trabajar en nuestra Bodega de activos ubicada en Lo Echevers #1001, Quilicura.
En SMU S.A. apoyamos y promovemos la Ley N°21.015 de Inclusión Laboral. Además nos encontramos certificados en la Norma Chilena NCh: 3262, de Gestión de igualdad de género y conciliación de la vida laboral, familiar y personal. Por esta razón todas nuestras oportunidades laborales están abiertas a personas con discapacidad , y sin ningún tipo de distinción ni discriminación por género. En SMU, nos esforzamos por gestionar una ambiente inclusivo y equitativos para todas las personas.",1,"Enseñanza media completa.
Deseable licencia Clase D para manejo de grúas.
Experiencia en manejo de grúas.
Disponibilidad para apoyar inventarios y labores operativas cuando sea requerido.
Excel básico.
Disponibilidad para trabajar en nuestra Bodega de activos ubicada en Lo Echevers #1001, Quilicura."
Analista Administrativo Área Sostenibilidad SMU - Presencial,Otra Área,"Las Condes, Metropolitana de Santiago",Las Condes,Metropolitana de Santiago,2026-08-17,6114225,smu,2026-09-06,2026-09-06,0.3679,Analista,Jornada Completa,SMU,Técnico profesional superior,Chile,1 años,2026-10-16,https://smu.trabajando.cl/trabajo-empleo/analista-administrativo-area-sostenibilidad-smu-presencial/trabajo/6114225,En SMU queremos que te integres a nuestro...,"En SMU queremos que te integres a nuestro equipo de trabajo. Te invitamos a conocernos y unirte a nosotros. Ofrecemos un grato ambiente laboral, donde podrás desarrollarte y crecer de forma permanente, y además un espacio de cercanía y colaboración que distingue a nuestra Compañía.
En esta oportunidad estamos en búsqueda de un/a nuevo/a Analista Administrativo Área de Sostenibilidad, quien será responsable de coordinar y ejecutar procesos operativos, documentales y de seguimiento de programas de sostenibilidad para velar por el cumplimiento normativo, la trazabilidad de las donaciones y el logro de los objetivos sociales y ambientales de nuestra Compañía.
Entre sus funciones estarán:
Coordinar y verificar procesos de gestión y registro de donaciones con locales y organizaciones beneficiarias, manteniendo la trazabilidad documental y sistémica de nuestro Programa No Desperdicio de Alimentos.
Realizar y analizar procesos de cuadratura y validación de guías de despacho y certificados de donación en SAP y portal Acepta, para velar por la consistencia contable y tributaria de las donaciones.
Registrar y examinar información consolidada de donaciones y aportes en caja, velando por la generación de indicadores de gestión y reportería de sostenibilidad actualizada para la toma de decisiones.
Coordinar y asistir procesos de postulación e inclusión de nuevas entidades o personas proveedoras a la Compañía en el marco de uno de nuestros programas, para lograr que la integración comercial y contractual de sus participantes sea acorde a los estándares definidos por la Compañía.
Dar seguimiento a plataformas B2B, ARIBA y otros sistemas internos para aportar a la continuidad operativa y administrativa de los programas activos.
Realizar atención y respuesta a solicitudes externas de donaciones, colectas y emprendedores(as), para aportar al fortalecimiento de las alianzas con organizaciones sociales, fundaciones y emprendimientos.
Requisitos:
Título en Ingeniería en Administración de Empresas, Ingeniería en Agronegocios o Ingeniería en Alimentos con 1 año de experiencia laboral en tareas afines, o
Título Técnico en Administración de Empresas / Control de Gestión con más de 3 años de experiencia comprobable en tareas de apoyo en control de documentos, registro de información y cuadratura.
Es excluyente contar con manejo de Excel y Word (en especial Excel) Intermedio o avanzado.
Deseable manejo de Power BI (básico)
Análisis y criterio: detectar brechas, priorizar y proponer acciones; Orden y seguimiento: control de pendientes, trazabilidad y cierres en plazo; Autonomía y escalamiento: resolver dentro del proceso y escalar con evidencia cuando corresponda; Comunicación y coordinación: claridad para solicitar, explicar y alinear a distintos actores; Colaboración y servicio: asertividad y foco en el estándar definido.
Esperamos tu postulación!!!
En SMU trabajamos por gestionar un ambiente inclusivo y equitativo para todas las personas. Apoyamos y promovemos la Ley N°21.015 de Inclusión Laboral y estamos certificados en la Norma Chilena NCh: 3262, de Gestión de igualdad de género y conciliación de la vida laboral, familiar y personal, por lo que todas nuestras oportunidades laborales están abiertas a la participación universal de personas, indistintamente de su género o condición de discapacidad.",1,"Título en Ingeniería en Administración de Empresas, Ingeniería en Agronegocios o Ingeniería en Alimentos con 1 año de experiencia laboral en tareas afines, o
Título Técnico en Administración de Empresas / Control de Gestión con más de 3 años de experiencia comprobable en tareas de apoyo en control de documentos, registro de información y cuadratura.
Es excluyente contar con manejo de Excel y Word (en especial Excel) Intermedio o avanzado.
Deseable manejo de Power BI (básico)
Análisis y criterio: detectar brechas, priorizar y proponer acciones; Orden y seguimiento: control de pendientes, trazabilidad y cierres en plazo; Autonomía y escalamiento: resolver dentro del proceso y escalar con evidencia cuando corresponda; Comunicación y coordinación: claridad para solicitar, explicar y alinear a distintos actores; Colaboración y servicio: asertividad y foco en el estándar definido."
Anfitrión/a Supermercado ALVI Calama (Apertura),Otra Área,"Calama, Antofagasta",Calama,Antofagasta,2026-08-14,6113397,smu,2026-09-06,2026-09-06,0.3976,Asistente,Teletrabajo,Alvi,Media,Chile,1 años,2026-10-13,https://smu.trabajando.cl/trabajo-empleo/anfitrion-a-supermercado-alvi-calama-apertura/trabajo/6113397,Cadena de supermercados requiere contratar...,"Cadena de supermercados requiere contratar Anfitrión/a Full Time de 40 horas, para desempeñarse en nuestra nueva sucursal ubicada en la comuna de Calama, Region de Antofagasta.
Su principal función será asistir al cliente en las diversas inquietudes, solicitudes o requerimientos que puedan tener, velando por entregar una respuesta eficiente, rápida y amable, en base a los estándares definidos por el formato ALVI en beneficio de la experiencia cliente y los objetivos comerciales de ALVI No requiere experiencia en el cargo, sólo tus ganas y entusiasmo por trabajar. Ofrecemos importantes alternativas de desarrollo y crecimiento.
Full time de lunes a domingo en turnos rotativos de mañana y tarde, 1 o 2 dias libres a la semana y 2 domingos libres al mes.
En Alvi apoyamos y promovemos la Ley 21.015 de Inclusión Laboral, por esta razón todas nuestras oportunidades laborales están abiertos a personas con discapacidad.",1,"Enseñanza media completa
Deseable experiencia como Anfitrion o Atencion a publico"
Ejecutivo/a Comercial Food Service,Otra Área,"Santiago, Metropolitana de Santiago",Santiago,Metropolitana de Santiago,2026-08-12,6108118,smu,2026-07-31,2026-09-06,0.3355,Analista,En terreno,Alvi,Universitaria,Chile,3 años,2026-09-29,https://smu.trabajando.cl/trabajo-empleo/ejecutivo-a-comercial-food-service/trabajo/6108118,¿Quieres formar parte de la red de...,"¿Quieres formar parte de la red de Supermercados más grande de Chile? 😀🛒
En SMU queremos que te integres a nuestro equipo de trabajo. Te invitamos a conocernos y unirte a nosotros. Ofrecemos un grato ambiente laboral, donde podrás desarrollarte y crecer de forma permanente, y además un espacio de cercanía y colaboración que distingue a nuestra Compañía. En esta oportunidad estamos en búsqueda de un/a nuevo/a Ejecutivo/a Comercial Food Service, quien será responsable de la captura y desarrollo de clientes de canales de venta Horeca (Hoteles, Restaurant, Cafeterías), Casinos e Institucional para las categorías de productos de Alvi, para lograr el cumplimiento de los objetivos mensuales de presupuesto de ventas, margen, clientes con compra y clientes nuevos.
Entre sus funciones estarán:
Ejecutar plan de prospección de clientes nuevos canales de Horeca, Casinos e Institucional implementando la propuesta de valor de categorías y portafolio para concretar acuerdos comerciales con clientes.
Profundizar el portafolio de categorías de productos (PGC, Perecible, Non Food) en cada cliente para lograr ticket de compra en linea con los objetivos mensuales.
Coordinar la captura de nuevos clientes con potencial de canales Food Service (Horeca, Casinos, Institucional) para ampliar maestro de clientes con compra.
Gestión de información para realizar seguimiento diario a indicadores claves del negocio de cada uno de sus  clientes Cumplir política de Crédito & Cobranza definida coordinando y controlando la cobranza de clientes de su cartera.
Cumplir la jornada laboral a través de  con sistema de toma de pedidos y control ruta de la compañía Monitorear y hacer seguimiento de entregas de pedidos a clientes con área de Transporte.
Proveer de información relevante en relación al mercado, locales, precios y productos nuevos, que la competencia está implementando.
Requisitos:
Formación profesional en Ingeniería Comercial, Administración de empresas o carrera afín.
Al menos 3 años de experiencia en areas de Food Service (Horeca, Casinos, Institucional) Manejo de Usuario SAP
Excel nivel intermedio- Avanzado
Manejo base de datos de clientes
Condiciones y Beneficios
Estabilidad laboral
Seguros complementarios de salud y dental
Medidas de conciliación laboral-personal
Entre otros
Esperamos tu postulación!!!
En SMU trabajamos por gestionar un ambiente inclusivo y equitativo para todas las personas. Apoyamos y promovemos la Ley N°21.015 de Inclusión Laboral y estamos certificados en la Norma Chilena NCh: 3262, de Gestión de igualdad de género y conciliación de la vida laboral, familiar y personal, por lo que todas nuestras oportunidades laborales están abiertas a la participación universal de personas, indistintamente de su género o condición de discapacidad.",1,"Formación profesional en Ingeniería Comercial, Administración de empresas o carrera afín.
Al menos 3 años de experiencia en areas de Food Service (Horeca, Casinos, Institucional) Manejo de Usuario SAP
Excel nivel intermedio- Avanzado
Manejo base de datos de clientes"
Aprendiz Jefe/a de Local V Región- $650.000.-,Otra Área,"Valparaíso, Valparaíso",Valparaíso,Valparaíso,2026-08-11,6112162,smu,2026-09-06,2026-09-06,0.401,Otro Profesional,Jornada Completa,SMU,Técnico profesional superior,Chile,,2026-10-10,https://smu.trabajando.cl/trabajo-empleo/aprendiz-jefe-a-de-local-v-region-650-000/trabajo/6112162,🚀 ¡Súmate a SMU y desarrolla tu carrera...,"🚀 ¡Súmate a SMU y desarrolla tu carrera como Jefe/a de Local!
En SMU buscamos personas con motivación por liderar equipos y crecer profesionalmente para participar en nuestro programa de formación Jefe/a de Local , orientado a nuestros distintos formatos de negocio en la V Región.
A través de este programa, recibirás capacitación y entrenamiento práctico para adquirir las herramientas necesarias que te permitirán desempeñarte exitosamente en el cargo.
Al finalizar el proceso, estarás preparado/a para:
Coordinar y supervisar la operación integral del local.
Gestionar estándares de funcionamiento, abastecimiento y control de stock.
Liderar y administrar equipos de trabajo.
Contribuir al cumplimiento de metas operacionales y comerciales.
Velar por la eficiencia operativa y el cumplimiento de normas establecidas.
💡 Si te apasiona el liderazgo, el trabajo en equipo y quieres proyectarte en el rubro supermercadista, esta es tu oportunidad.
¡Postula y sé parte de SMU!",1,"-No requiere experiencia laboral.
-Título Técnico Superior / Profesional en Administración, Área Logística o carrera afín.
-Disponibilidad para trabajo en equipo.
¡¡Te estamos esperando!!"
Aprendiz Jefe/a de Local VII Región- $650.000.-,Otra Área,"Talca, Maule",Talca,Maule,2026-08-11,6112160,smu,2026-09-06,2026-09-06,0.3987,Otro Profesional,Jornada Completa,SMU,Técnico profesional superior,Chile,,2026-10-10,https://smu.trabajando.cl/trabajo-empleo/aprendiz-jefe-a-de-local-vii-region-650-000/trabajo/6112160,🚀 ¡Súmate a SMU y desarrolla tu carrera...,"🚀 ¡Súmate a SMU y desarrolla tu carrera como Jefe/a de Local!
En SMU buscamos personas con motivación por liderar equipos y crecer profesionalmente para participar en nuestro programa de formación Jefe/a de Local , orientado a nuestros distintos formatos de negocio en la VII Región.
A través de este programa, recibirás capacitación y entrenamiento práctico para adquirir las herramientas necesarias que te permitirán desempeñarte exitosamente en el cargo.
Al finalizar el proceso, estarás preparado/a para:
Coordinar y supervisar la operación integral del local.
Gestionar estándares de funcionamiento, abastecimiento y control de stock.
Liderar y administrar equipos de trabajo.
Contribuir al cumplimiento de metas operacionales y comerciales.
Velar por la eficiencia operativa y el cumplimiento de normas establecidas.
💡 Si te apasiona el liderazgo, el trabajo en equipo y quieres proyectarte en el rubro supermercadista, esta es tu oportunidad.
¡Postula y sé parte de SMU!",1,"-No requiere experiencia laboral.
-Título Técnico Superior / Profesional en Administración, Área Logística o carrera afín.
-Disponibilidad para trabajo en equipo.
¡¡Te estamos esperando!!"
Aprendiz Jefe/a de Local VI Región- $650.000.-,Otra Área,"Rancagua, Lib. Gral. Bdo. O'Higgins",Rancagua,Lib. Gral. Bdo. O'Higgins,2026-08-11,6112156,smu,2026-09-06,2026-09-06,0.3638,Otro Profesional,Jornada Completa,SMU,Técnico profesional superior,Chile,,2026-10-10,https://smu.trabajando.cl/trabajo-empleo/aprendiz-jefe-a-de-local-vi-region-650-000/trabajo/6112156,🚀 ¡Súmate a SMU y desarrolla tu carrera...,"🚀 ¡Súmate a SMU y desarrolla tu carrera como Jefe/a de Local!
En SMU buscamos personas con motivación por liderar equipos y crecer profesionalmente para participar en nuestro programa de formación Jefe/a de Local , orientado a nuestros distintos formatos de negocio en la VI Región.
A través de este programa, recibirás capacitación y entrenamiento práctico para adquirir las herramientas necesarias que te permitirán desempeñarte exitosamente en el cargo.
Al finalizar el proceso, estarás preparado/a para:
Coordinar y supervisar la operación integral del local.
Gestionar estándares de funcionamiento, abastecimiento y control de stock.
Liderar y administrar equipos de trabajo.
Contribuir al cumplimiento de metas operacionales y comerciales.
Velar por la eficiencia operativa y el cumplimiento de normas establecidas.
💡 Si te apasiona el liderazgo, el trabajo en equipo y quieres proyectarte en el rubro supermercadista, esta es tu oportunidad.
¡Postula y sé parte de SMU!",1,"-No requiere experiencia laboral.
-Título Técnico Superior / Profesional en Administración, Área Logística o carrera afín.
-Disponibilidad para trabajo en equipo.
¡¡Te estamos esperando!!"
Analista Clientes (SAC),Otra Área,"Las Condes, Metropolitana de Santiago",Las Condes,Metropolitana de Santiago,2026-08-11,6111910,smu,2026-09-06,2026-09-06,0.3861,Analista,Jornada Completa,SMU,Técnico profesional superior,Chile,1 años,2026-10-09,https://smu.trabajando.cl/trabajo-empleo/analista-clientes-sac/trabajo/6111910,¿Quieres formar parte de la red de...,"¿Quieres formar parte de la red de Supermercados más grande de Chile? 😀
Queremos que te integres a nuestro equipo de trabajo. Te invitamos a conocernos y unirte a nosotros. Ofrecemos un grato ambiente laboral, donde podrás desarrollarte y crecer de forma permanente, y además un espacio de cercanía y colaboración que distingue a nuestra Compañía.
En esta oportunidad estamos en búsqueda de un(a) Analista de Clientes, quien será responsable de realizar la entrega de un servicio de atención al cliente en base a los lineamientos y estándares definidos, y según se ajuste a la visión de SMU para sus canales digitales, aportando en los objetivos de buscar la diferenciación por el servicio, en beneficio de nuestros clientes.
Dentro de sus principales funciones estarán:
- Realizar la gestión resolutiva de reclamos de Calidad, Marketing, Sitio Web.
- Realizar gestiones de contactar a los a los clientes, según sea requerido por el área
- Mayor habilidad y conocimiento del equipo para resolver problemas de los clientes de manera eficaz.
- Realizar y coordinar el seguimiento y monitoreo de casos críticos recibidos, con áreas involucradas, así también levantar a Operaciones tienda problemas.
- Registrar y analizar casos de clientes que podrían estar abusando de las compensaciones por servicio.
- Mantención de sus casos al día.
- Velar por la respuesta oportuna de áreas internas que impacten la gestión diaria.
Requisitos:
- Título técnico o profesional en carreras relacionadas con administración, relaciones públicas, comunicación o similar.
- 1-2 años de experiencia en supervisión o liderazgo de equipos y atención al cliente.
- Dominio de Microsoft Office u otras herramientas de productividad.
- Conocimiento de herramientas y sistemas de gestión de clientes (CRM).
🌟Es un plus, si cuentas con conocimiento en plataforma del Sernac🌟
Esperamos tu postulación!!!
En SMU S.A. apoyamos y promovemos la Ley N°21.015 de Inclusión Laboral. Además nos encontramos certificados en la Norma Chilena NCh: 3262, de Gestión de igualdad de género y conciliación de la vida laboral, familiar y personal. Por esta razón queremos destacar que todas nuestras oportunidades laborales están abiertas a personas con discapacidad , y sin ningún tipo de distinción ni discriminación por género. En SMU, nos esforzamos por gestionar una ambiente inclusivo y equitativos para todas las personas.",1,"- Título técnico o profesional en carreras relacionadas con administración, relaciones públicas, comunicación o similar.
- 1-2 años de experiencia en supervisión o liderazgo de equipos y atención al cliente.
- Dominio de Microsoft Office u otras herramientas de productividad.
- Conocimiento de herramientas y sistemas de gestión de clientes (CRM).
🌟Es un plus, si cuentas con conocimiento en plataforma del Sernac🌟"
Jefe/a Sala ventas Retail- Linderos Buin,Otra Área,"Buin, Metropolitana de Santiago",Buin,Metropolitana de Santiago,2026-08-10,6111396,smu,2026-09-06,2026-09-06,0.3759,Asistente,Jornada Completa,Unimarc,Media,Chile,1 años,2026-09-10,https://smu.trabajando.cl/trabajo-empleo/jefe-a-sala-ventas-retail-linderos-buin/trabajo/6111396,Empresa de retail supermercaderista...,"Empresa de retail supermercaderista requiere contratatar ""Jefe/a sala ventas"" para desempeñarse en nuestra sucursal ubicada en la comuna de Buin, Región Metropolitana.
Dentro de sus funciones se encuentra el velar por la correcta operación del local, supervisando las secciones y orden de la sala de ventas. Entregar instrucciones a colaboradores en sala, autorizar procedimientos y documentación, controlar pedidos de las secciones realizando un doble control, administrar el local velando que se cumplan los procedimientos establecidos por la compañía.
Buscamos personas con conocimiento comprobable en Retail, gastos, adhesión a procesos, brecha, manejo de personal, entre otros.
Apoyamos y promovemos la Ley 21.015 de Inclusión Laboral, por esta razón todas nuestras oportunidades laborales están abiertas a personas con discapacidad.",1,"Enseñanza media completa
Buscamos personas con conocimiento comprobable en Retail, gastos, adhesión a procesos, brecha, manejo de personal, entre otros."
Operarios/as de producción Part time 30 y 20 Hrs- Unimarc Ñuñoa,Otra Área,"Ñuñoa, Metropolitana de Santiago",Ñuñoa,Metropolitana de Santiago,2026-08-10,6111147,smu,2026-09-06,2026-09-06,0.3692,Auxiliar,Part Time,Unimarc,Media,Chile,,2026-09-10,https://smu.trabajando.cl/trabajo-empleo/operarios-as-de-produccion-part-time-30-y-20-hrs-unimarc-nunoa/trabajo/6111147,Supermercados Unimarc requiere contratar...,"Supermercados Unimarc requiere contratar Operadores/as de Producción Part time 30 y 20 Hrs para nuestro local ubicado en la comuna de Ñuñoa
Funciones
Ejecutar funciones operativas en areas de producción del local (carnicería, platos preparados, fiambrería, panadería), ordenando, clasificando y preparando su distribución, almacenamiento en bodega y reposición en sala de la mercadería, para aportar en la experiencia de compra, ademas de la fidelización de nuestros/as clientes.
¡No se requiere experiencia!
Jornadas disponibles
Part time (30 hrs) Turnos rotativos (mañana, tarde e intermedio) de lunes a domingo. 6x1 y 5x2, 2 domingos libres al mes.
Part time (20 hrs) Turnos sábado, domingo y festivos
En Unimarc, estamos comprometidos con la implementación de un Sistema de Gestión de Igualdad de Género y conciliación, alineado con los estándares de la Nch:3262 vigente. Ademas, cumplimos con lo establecido en la ley N° 21.015, que promueve la igualdad de oportunidades en el ámbito laboral. Por esta razón todas nuestras oportunidades laborales están abiertos a personas con discapacidad.",6,"Enseñanza media completa
No se necesita experiencia en el cargo"
Ingeniero(a) S&OP,Otra Área,"Las Condes, Metropolitana de Santiago",Las Condes,Metropolitana de Santiago,2026-08-07,6110697,smu,2026-08-07,2026-09-06,0.3693,Especialista,Jornada Completa,SMU,Universitaria,Chile,4 años,2026-06-10,https://smu.trabajando.cl/trabajo-empleo/ingeniero-a-s-op/trabajo/6110697,¿Quieres formar parte de la red de...,"¿Quieres formar parte de la red de Supermercados más grande de Chile? 😀
En SMU queremos que te integres a nuestro equipo de trabajo. Te invitamos a conocernos y unirte a nosotros. Ofrecemos un grato ambiente laboral, donde podrás desarrollarte y crecer de forma permanente, y además un espacio de cercanía y colaboración que distingue a nuestra Compañía. En esta oportunidad estamos en búsqueda de un/a nuevo/a Ingeniero/a S&OP, quien será responsable de coordinar y verificar el proceso de S&OP de la Compañía, formalizando y realizando el seguimiento continuo de los mismos, fomentando la colaboración entre las distintas áreas para aportar a la planificación de la demanda de productos y alineamiento de indicadores financieros a través de una estimación precisa de ventas a nivel compañía y la integración de la información.
Entre sus funciones estarán:
Preparar reportes de desempeño, identificando desviaciones entre el plan y los resultados reales, proponiendo acciones correctivas para aportar a la estimación de la demanda según los objetivos estratégicos del área a través de una metodología estructurada y precisa.
Diseñar modelos de predicción de demandas complementarios y unificados entre los diferentes sistemas de compra para alcanzar estimación de venta mensualizada según plazos establecidos.
Preparar reportería y KPI's para aportar a la toma de decisiones relativa a la cadena de suministro.
Coordinar y preparar reuniones interáreas de la compañia para lograr una integración efectiva de la información y  alinear forecast de ventas.
Requisitos:
Título en Ingeniería en Estadística / Matemática o Ingeniería Civil Industrial.
Ingeniero Civil Industrial, Civil Matemático o carrera afín
Experiencia de 4 a 5 años en cargos de predicción de demanda, S&OP
Excel avanzado, deseable SQL
Disponibilidad para trabajar en modalidad full presencial en Las Condes, RM.
Alto nivel de compromiso, orientación al servicio y visión integral del negocio. Metódicidad, alta capacidad de análisis y resolutividad
Esperamos tu postulación!!!
En SMU trabajamos por gestionar un ambiente inclusivo y equitativo para todas las personas. Apoyamos y promovemos la Ley N°21.015 de Inclusión Laboral y estamos certificados en la Norma Chilena NCh: 3262, de Gestión de igualdad de género y conciliación de la vida laboral, familiar y personal, por lo que todas nuestras oportunidades laborales están abiertas a la participación universal de personas, indistintamente de su género o condición de discapacidad.",1,"Título en Ingeniería en Estadística / Matemática o Ingeniería Civil Industrial.
Ingeniero Civil Industrial, Civil Matemático o carrera afín
Experiencia de 4 a 5 años en cargos de predicción de demanda, S&OP
Excel avanzado, deseable SQL
Disponibilidad para trabajar en modalidad full presencial en Las Condes, RM.
Alto nivel de compromiso, orientación al servicio y visión integral del negocio. Metódicidad, alta capacidad de análisis y resolutividad"
Especialista Innovación y Nuevos Negocios,Otra Área,"Las Condes, Metropolitana de Santiago",Las Condes,Metropolitana de Santiago,2026-08-07,6110610,smu,2026-08-07,2026-09-06,0.3426,Especialista,Jornada Completa,SMU,Universitaria,Chile,2 años,2026-06-09,https://smu.trabajando.cl/trabajo-empleo/especialista-innovacion-y-nuevos-negocios/trabajo/6110610,¿Quieres formar parte de la red de...,"¿Quieres formar parte de la red de Supermercados más grande de Chile? 😀
En SMU queremos que te integres a nuestro equipo de trabajo. Te invitamos a conocernos y unirte a nosotros. Ofrecemos un grato ambiente laboral, donde podrás desarrollarte y crecer de forma permanente, y además un espacio de cercanía y colaboración que distingue a nuestra Compañía.
En esta oportunidad estamos en búsqueda de un/a nuevo/a Especialista Innovación y Nuevos Negocios, quien será responsable de identificar, estructurar y validar nuevas oportunidades de negocio para la compañía, transformando tendencias de mercado, necesidades de clientes y capacidades internas en iniciativas con evidencia sólida, que reduzcan el riesgo de inversión y alimenten de forma continua el portafolio de crecimiento de SMU.
Dentro de sus funciones estarán:
Explorar el mercado y construir el funnel: identificar tendencias, necesidades de clientes y oportunidades, mapear activos y capacidades internas para asegurar un flujo continuo de oportunidades priorizadas y alineadas a la estrategia.
Estructurar business case: elaborar propuestas de valor, modelos operativos y financieros para la toma de decisiones.
Ejecutar pilotos y experimentos: diseñar y correr pruebas de mercado, levantando evidencia comercial, operacional y financiera para asegurar la reducción de la incertidumbre antes de invertir, con decisiones basadas en evidencia.
Analizar y dar seguimiento al portafolio: monitorear indicadores y aprendizajes, preparar recomendaciones de continuidad, pivote o cierre. Información oportuna y confiable para la gestión del portafolio.
Coordinar y liderar recursos necesarios para desarrollar cada iniciativa, logrando articular equipos multidisciplinarios para asegurar la acelerar el desarrollo de nuevos negocios mediante el uso eficiente de capacidades y recuersos internos.
Condiciones y beneficios
Jornada 40 hrs. semanales
Posibilidades de desarrollo en la Compañía
Beneficios: seguros de salud y dental, beneficios CCAF, medidas de conciliación laboral/personal, descuentos en compras, aguinaldos, entre otros
Requisitos
Formación profesional como Ingeniero(a) Comercial, Civil o carrera afín.
Al menos 3 años en desarrollo de negocios, consultoría, estrategia, innovación, transformación digital, emprendimiento o startups.
Conocimientos en análisis de mercados y tendencias, modelos financieros básicos, diseño y ejecución de pilotos, preparación de business cases, coordinación interáreas. Alta autonomía para analizar, proponer y ejecutar.
Esperamos tu postulación!!!
En SMU trabajamos por gestionar un ambiente inclusivo y equitativo para todas las personas. Apoyamos y promovemos la Ley N°21.015 de Inclusión Laboral y estamos certificados en la Norma Chilena NCh:3262, de Gestión de igualdad de género y conciliación de la vida laboral, familiar y personal, por lo que todas nuestras oportunidades laborales están abiertas a la participación universal de personas, indistintamente de su género o condición de discapacidad.",1,"Formación profesional como Ingeniero(a) Comercial o Civil Industrial.
Al menos 3 años en desarrollo de negocios, consultoría, estrategia, innovación, transformación digital, emprendimiento o startups.
Conocimientos en análisis de mercados y tendencias, modelos financieros básicos, diseño y ejecución de pilotos, preparación de business cases, coordinación interáreas.
Alta autonomía para analizar, proponer y ejecutar."
Supervisor(a) Prevención de Riesgos - Unimarc Puerto Montt,Otra Área,"Puerto Montt, Los Lagos",Puerto Montt,Los Lagos,2026-08-06,6110275,smu,2026-08-07,2026-09-06,0.3451,Otro Profesional,En terreno,Unimarc,Universitaria,Chile,2 años,2026-05-10,https://smu.trabajando.cl/trabajo-empleo/supervisor-a-prevencion-de-riesgos-unimarc-puerto-montt/trabajo/6110275,¿Quieres formar parte de la red de...,"¿Quieres formar parte de la red de Supermercados más grande de Chile? 😁
En Unimarc, parte de SMU, queremos que te integres a nuestro equipo de trabajo. Te invitamos a conocernos y unirte a nosotros. Ofrecemos un grato ambiente laboral, donde podrás desarrollarte y crecer de forma permanente, y además un espacio de cercanía y colaboración que distingue a nuestra Compañía. En esta oportunidad estamos en búsqueda de nuestro/a próximo/a Supervisor(a) Prevención de Riesgos para desempeñarse en Puerto Montt.
Dentro de las principales responsabilidades del cargo están:
Implementar y ejecutar el Sistema de Gestión de Seguridad y Salud en el Trabajo, monitoreando indicadores de accidentabilidad y cumplimiento preventivo.
Implementar y asesorar técnicamente al Comité Paritario, participando en investigaciones de accidentes y acciones preventivas.
Realizar inspecciones de seguridad, elaborar matrices de riesgo (MIPER) y velar por el cumplimiento legal en prevención de riesgos.
Reportar desviaciones, proponer mejoras preventivas y coordinar planes y simulacros de emergencia y evacuación.
Ejecutar capacitaciones en prevención de riesgos y supervisar sistemas contra incendios y protocolos MINSAL.
Supervisar empresas contratistas en materias de seguridad y prevención, realizando auditorías y control documental.
Gestionar el cumplimiento de normativas legales y coordinar acciones con mutualidades y organismos relacionados.
Requisitos:
- Título de Ingeniería en Prevención de Riesgos
- Deseable experiencia en Retail
- Contar con movilización propia (no excluyente)
- 2 años de experiencia en roles similares
- Residencia en Puerto Montt o comunas cercanas.
En SMU apoyamos y promovemos la Ley N°21.015 de Inclusión Laboral. Además nos encontramos certificados en la Norma Chilena NCh: 3262, de Gestión de igualdad de género y conciliación de la vida laboral, familiar y personal. Por esta razón todas nuestras oportunidades laborales están abiertas a personas con discapacidad , y sin ningún tipo de distinción ni discriminación por género. En SMU, nos esforzamos por gestionar un ambiente inclusivo y equitativo para todas las personas.",1,"- Título de Ingeniería en Prevención de Riesgos
- Deseable experiencia en Retail
- Contar con movilización propia (no excluyente)
- 2 años de experiencia en roles similares
- Residencia en Puerto Montt o comunas cercanas."
Recepcionista Logística Supermercado - Alvi Recoleta $580.000.-,Otra Área,"Recoleta, Metropolitana de Santiago",Recoleta,Metropolitana de Santiago,2026-08-06,6110307,smu,2026-08-07,2026-08-08,0.3997,Otro Profesional,Por Turnos,Alvi,Media,Chile,,2026-05-09,https://smu.trabajando.cl/trabajo-empleo/recepcionista-logistica-supermercado-alvi-recoleta-580-000/trabajo/6110307,¿Quieres formar parte de la red de...,"¿Quieres formar parte de la red de Supermercados más grande de Chile? 🛒💛
En Supermercados Alvi estamos buscando un/a Recepcionista de logística para sumarse a nuestro equipo 🙌
Tu misión será controlar y apoyar el proceso de recepción de mercadería del local 📦, velando por el estándar de calidad y cantidad de los productos, asegurando el óptimo funcionamiento del área de recepción y el cumplimiento de los protocolos y procedimientos del formato Alvi.
🔎 ¿Qué buscamos?
Al menos 1 año de experiencia en recepción Conocimiento en discrepancias Manejo de guías y facturas Office nivel intermedio Manejo de SAP
🚀 Te ofrecemos:
Oportunidades reales de desarrollo y crecimiento Un grato ambiente laboral Ser parte de un equipo cercano y colaborativo 💛
Renta: $580.000 mensuales.
💛 En Alvi promovemos la Ley 21.015 de Inclusión Laboral, por lo que todas nuestras oportunidades están abiertas a personas con discapacidad.
👉 ¡Postula y sé parte de nuestro equipo!",1,Al menos 1 año de experiencia en recepción Conocimiento en discrepancias Manejo de guías y facturas Office nivel intermedio Manejo de SAP
Especialista WMS,Otra Área,"Pudahuel, Metropolitana de Santiago",Pudahuel,Metropolitana de Santiago,2026-08-06,6110218,smu,2026-08-07,2026-08-08,0.38,Especialista,Jornada Completa,SMU,Universitaria,Chile,5 años,2026-05-09,https://smu.trabajando.cl/trabajo-empleo/especialista-wms/trabajo/6110218,¿Quieres formar parte de la red de...,"¿Quieres formar parte de la red de Supermercados más grande de Chile?
En SMU queremos que te integres a nuestro equipo de trabajo. Te invitamos a conocernos y unirte a nosotros. Ofrecemos un grato ambiente laboral, donde podrás desarrollarte y crecer de forma permanente, y además un espacio de cercanía y colaboración que distingue a nuestra Compañía.
En esta oportunidad estamos en búsqueda de un/a Especialista WMS para nuestra compañía.
¿De qué es responsable este cargo?
Asignar y preparar actividades de diseños, análisis, configuración e implementaciones de los sistemas relacionados a las iniciativas de las áreas de negocio en relación con los procesos de tiendas, supervisando y velando por una correcta ejecución e implementación.
¿Cuales serán tus funciones?
Colaborar con las areas de negocio de la organización para identificar necesidades, personalizar y configurar el sistema, brindando soporte técnico Funcional y capacitación a los usuarios, gestionando iniciativas, mejora evolutivas y correctivas.
Realizar y asignar requerimientos de negocio asociados a procesos especificos del Retail.
Evaluar y verificar los procesos operativos o iniciativas de negocio que responden a una necesidad del negocio, que implique generar un proyecto, evaluando esfuerzos y recursos para cumplir el objetivo.
Brindar soporte técnico funcional y capacitación a los usuarios.
Realizar la atención de las incidencias de las áreas de negocio que sean relacionadas con TI, generando las instancias con los distintos actores de TI con externos.
Preparar y elaborar la documentación de los pasos al sistema productivo de los distintos requerimientos de negocio.
Participar en los procesos de mantenimiento de sistema tales como DRP o upgrade.
Requisitos:
Título en Ingenieía Informática, Ingeniería Civil Informática, Ingeniería en Ejecución o carreras afines.
Al menos 5 años de experiencia laboral en retail.
Certificación en el módulos específicos del SAP WMS, SAP EWM.
Conocimiento de la industria Retail SAP S4/HANA.
Conocimientos de software orientados a la industria Retail SAP MM/SD, WMS, EWM.
Manejo y control de actividades de proyectos y equipos de trabajo.
En SMU S.A. apoyamos y promovemos la Ley N°21.015 de Inclusión Laboral. Además nos encontramos certificados en la Norma Chilena NCh: 3262, de Gestión de igualdad de género y conciliación de la vida laboral, familiar y personal. Por esta razón todas nuestras oportunidades laborales están abiertas a personas con discapacidad , y sin ningún tipo de distinción ni discriminación por género. En SMU, nos esforzamos por gestionar una ambiente inclusivo y equitativos para todas las personas.",1,"Título en Ingenieía Informática, Ingeniería Civil Informática, Ingeniería en Ejecución o carreras afines.
Al menos 5 años de experiencia laboral en retail.
Certificación en el módulos específicos del SAP WMS, SAP EWM.
Conocimiento de la industria Retail SAP S4/HANA.
Conocimientos de software orientados a la industria Retail SAP MM/SD, WMS, EWM.
Manejo y control de actividades de proyectos y equipos de trabajo.
Disponibilidad para trabajar en nuestro Centro de Distribución ubicado en Lo Aguirre, Pudahuel."
Analista de Pricing Promocional,Otra Área,"Las Condes, Metropolitana de Santiago",Las Condes,Metropolitana de Santiago,2026-08-04,6109403,smu,2026-08-05,2026-09-06,0.401,Analista,Jornada Completa,SMU,Universitaria,Chile,1 años,2026-03-10,https://smu.trabajando.cl/trabajo-empleo/analista-de-pricing-promocional/trabajo/6109403,En SMU queremos que te integres a nuestro...,"En SMU queremos que te integres a nuestro equipo de trabajo😃🛒
Te invitamos a conocernos y unirte a nosotros. Ofrecemos un grato ambiente laboral, donde podrás desarrollarte y crecer de forma permanente, en un espacio de cercanía y colaboración que distingue a nuestra Compañía.
En esta oportunidad estamos en búsqueda de un/a nuevo/a Analista de Pricing Promocional, quien será responsable de apoyar a los equipos de la Compañía a través del seguimiento y análisis de los planes promocionales vigentes y futuros, asegurando la calidad e integridad de los datos promocionales y generando reportes para evaluar la ejecución y resultados de promociones.
Su objetivo es apoyar a su jefatura y a los equipos con información clara y oportuna para la toma de decisiones en promociones y sus variables relacionadas.
Dentro de las principales responsabilidades del cargo están:
Generar reportes de seguimiento de promociones futuras y vigentes, integrando datos promocionales con información de ventas, logística y clientes.
Apoyar en el análisis de promociones pasadas, revisando indicadores como ventas, margen y rendimiento.
Velar por la integridad y consistencia de la data promocional.
Automatizar procesos de reportería y análisis mediante SQL, Python y herramientas de visualización de datos.
Desarrollar y mantener modelos, paneles y OKR's promocionales.
Solicitar y compartir información con otras áreas relacionadas al proceso promocional.
Realizar el análisis de machine learning para el entendimiento de tendencia en el mercado y comportamiento de los clientes.
Esperamos tu postulación!!!
En SMU apoyamos y promovemos la Ley N°21.015 de Inclusión Laboral. Además nos encontramos certificados en la Norma Chilena NCh: 3262, de Gestión de igualdad de género y conciliación de la vida laboral, familiar y personal. Por esta razón todas nuestras oportunidades laborales están abiertas a personas con discapacidad , y sin ningún tipo de distinción ni discriminación por género. En SMU, nos esforzamos por gestionar un ambiente inclusivo y equitativo para todas las personas.",1,"Título de Ingeniería Comercial, Civil Industrial o carrera afín.
1-2 años de experiencia en empresas de retail.
Manejo de Excel intermedio-avanzado
Manejo de SQL intermedio-avanzado
Manejo de Python intermedio
Deseable conocimiento de Power BI, Tableau u otras herramientas de BI."
Arquitecto(a) Frontend & Mobile,Otra Área,"Las Condes, Metropolitana de Santiago",Las Condes,Metropolitana de Santiago,2026-08-03,6108398,smu,2026-08-03,2026-09-06,0.3549,Especialista,Jornada Completa,SMU,Universitaria,Chile,7 años,2026-02-10,https://smu.trabajando.cl/trabajo-empleo/arquitecto-a-frontend-mobile/trabajo/6108398,¿Quieres formar parte de la red de...,"¿Quieres formar parte de la red de Supermercados más grande de Chile? 😀
En SMU queremos que te integres a nuestro equipo de trabajo. Te invitamos a conocernos y unirte a nosotros. Ofrecemos un grato ambiente laboral, donde podrás desarrollarte y crecer de forma permanente, y además un espacio de cercanía y colaboración que distingue a nuestra Compañía. En esta oportunidad estamos en búsqueda de un/a nuevo/a Arquitecto(a) Frontend & Mobile.
¿De qué es responsable este cargo?
La misión de este cargo es establecer y liderar la arquitectura de las capas de experiencia digital (front-end web y aplicaciones móviles), asegurando lineamientos y estándares que habiliten soluciones escalables, performantes y centradas en el usuario. Establecer estándares, lineamientos y patrones que garanticen consistencia, reutilización y eficiencia en el consumo de servicios backend y plataformas de analítica. Actuar como referente técnico transversal, alineando la experiencia digital con los objetivos de negocio, promoviendo prácticas modernas de ingeniería y asegurando la evolución continua del ecosistema digital.
¿En qué consisten sus funciones?
Liderar la definición de la arquitectura front-end y mobile a nivel organizacional
Diseñar y establecer patrones de desarrollo, frameworks y librerías reutilizables
Definir lineamientos y estándares para el consumo eficiente, seguro y resiliente de APIs y servicios  Evaluar y seleccionar tecnologías, herramientas y frameworks front-end y mobile
Definir estándares de performance, accesibilidad y experiencia de usuario (UX/UI)
Alinear y gobernar decisiones de arquitectura de experiencia digital con equipos de producto, UX, backend y data
Definir e impulsar estándares de observabilidad de experiencia digital (RUM, métricas de performance y errores)
Guiar técnicamente a equipos de desarrollo y asegurar la adopción de buenas prácticas
Requisitos
Título en Ingeniería en Informática, Civil en Computación, Industrial o carrera afín
Al menos 7-10 años en desarrollo de software, con foco en front-end y/o aplicaciones móviles.
Experiencia previa en roles de liderazgo técnico o arquitectura.
Experiencia en diseño de soluciones escalables y de alto tráfico.
Participación en iniciativas de transformación digital y modernización tecnológica.
Experiencia en integración con APIs, microservicios y plataformas de analítica digital.
Conocimientos técnicos requeridos:
Dominio de frameworks modernos (React, Angular, Vue.js) y desarrollo mobile (iOS, Android, Flutter, React Native).
Conocimiento avanzado en arquitectura front-end (microfrontends, SSR, SPA, diseño basado en componentes).
Manejo de integración con APIs REST/GraphQL y patrones de comunicación asincrónica.
Conocimiento en estrategias de optimización de performance (lazy loading, caching, rendering).
Conocimiento en seguridad front-end (OWASP, autenticación, manejo de tokens).
Experiencia en herramientas de observabilidad (monitoring, logging, analytics de experiencia digital).
Familiaridad con prácticas DevOps (CI/CD, testing automatizado, versionamiento).
Disponibilidad para trabajar en modalidad full presencial en Las Condes, RM
Condiciones y Beneficios:
Seguros de salud
Estabilidad laboral
Modalidad full presencial, con medidas de conciliación
Entre otros
Esperamos tu postulación!!!
En SMU trabajamos por gestionar un ambiente inclusivo y equitativo para todas las personas. Apoyamos y promovemos la Ley N°21.015 de Inclusión Laboral y estamos certificados en la Norma Chilena NCh:3262, de Gestión de igualdad de género y conciliación de la vida laboral, familiar y personal, por lo que todas nuestras oportunidades laborales están abiertas a la participación universal de personas, indistintamente de su género o condición de discapacidad.",1,"Título en Ingeniería en Informática, Civil en Computación, Industrial o carrera afín
Al menos 7-10 años en desarrollo de software, con foco en front-end y/o aplicaciones móviles.
Experiencia previa en roles de liderazgo técnico o arquitectura.
Experiencia en diseño de soluciones escalables y de alto tráfico.
Participación en iniciativas de transformación digital y modernización tecnológica.
Experiencia en integración con APIs, microservicios y plataformas de analítica digital"
Arquitecto(a) SAP,Otra Área,"Las Condes, Metropolitana de Santiago",Las Condes,Metropolitana de Santiago,2026-08-03,6108378,smu,2026-08-03,2026-09-06,0.3638,Especialista,Jornada Completa,SMU,Universitaria,Chile,8 años,2026-02-10,https://smu.trabajando.cl/trabajo-empleo/arquitecto-a-sap/trabajo/6108378,¿Quieres formar parte de la red de...,"¿Quieres formar parte de la red de Supermercados más grande de Chile? 😀
En SMU queremos que te integres a nuestro equipo de trabajo. Te invitamos a conocernos y unirte a nosotros. Ofrecemos un grato ambiente laboral, donde podrás desarrollarte y crecer de forma permanente, y además un espacio de cercanía y colaboración que distingue a nuestra Compañía. En esta oportunidad estamos en búsqueda de un/a nuevo/a Arquitecto(a) SAP.
¿De qué es responsable este cargo?
La misión de este cargo es establecer, gobernar y evolucionar la arquitectura SAP transversal de SMU bajo principios Clean Core y BTP, asegurando coherencia extremo a extremo entre S/4HANA, SAP Retail, módulos funcionales, desarrollos ABAP expertos, integraciones, seguridad, datos y plataformas satélite. El rol actúa como referente técnico para establecer estándares de diseño, extensibilidad, desarrollo, integración y gobierno SAP, manteniéndose actualizado sobre nuevos servicios SAP, Joule/IA y restricciones críticas como uso indirecto, extracción online de datos normados, conectores externos y escenarios de agentes IA.
¿En qué consisten sus funciones?
Liderar la arquitectura SAP transversal para S/4HANA, SAP Retail y procesos core de negocio.
Definir estándares expertos de desarrollo SAP para ABAP, ABAP Cloud, RAP, CDS Views, OData, HANA, Fiori e ITSMobile.
Gobernar extensibilidad Clean Core y BTP, diferenciando uso estándar, in-app, on-stack y side-by-side.
Diseñar y validar integraciones SAP/No-SAP mediante SAP Integration Suite, SAP PO/CPI, APIs, eventos y patrones desacoplados.
Validar diseños técnicos, funcionales y de datos considerando SAP Retail, FI/CO, MM, SD, EWM/WM, CAR, Ariba y SuccessFactors.
Definir lineamientos de seguridad, roles, SoD, GRC, SolMan/ALM, observabilidad y operación SAP.
Gobernar extracción, consumo y exposición de datos SAP, incluyendo datos normados, consumo online y conectores externos.
Actuar como referente técnico senior ante proyectos, proveedores, CoE SAP y áreas internas, sin equipos directos a cargo.
Requisitos
Título en Ingeniería en Informática, Civil en Computación, Industrial o carrera afín
Al menos 8 años de experiencia en ecosistema SAP
5 años de experiencia en programación
5 años de experiencia en arquitectura, liderazgo técnico o desarrollo SAP
Conocimientos en metodología Clean Core, BTP, BDC, Fiori, Integration Suite IIS, Joule
Nociones en Módulo SAP Materiales (MM), Ventas (SD), Almacenamiento (WMS), Logística (LE), Almacenamiento Ext (EWM).
Disponibilidad para trabajar en modalidad full presencial en Las Condes, RM
Condiciones y Beneficios:
Seguros de salud
Estabilidad laboral
Modalidad full presencial, con medidas de conciliación
Entre otros
Esperamos tu postulación!!!
En SMU trabajamos por gestionar un ambiente inclusivo y equitativo para todas las personas. Apoyamos y promovemos la Ley N°21.015 de Inclusión Laboral y estamos certificados en la Norma Chilena NCh:3262, de Gestión de igualdad de género y conciliación de la vida laboral, familiar y personal, por lo que todas nuestras oportunidades laborales están abiertas a la participación universal de personas, indistintamente de su género o condición de discapacidad.",1,"Título en Ingeniería en Informática, Civil en Computación, Industrial o carrera afín
Al menos 8 años de experiencia en ecosistema SAP
5 años de experiencia en programación
5 años de experiencia en arquitectura, liderazgo técnico o desarrollo SAP
Conocimientos en metodología Clean Core, BTP, BDC, Fiori, Integration Suite IIS, Joule
Nociones en Módulo SAP Materiales (MM), Ventas (SD), Almacenamiento (WMS), Logística (LE), Almacenamiento Ext (EWM).
Disponibilidad para trabajar en modalidad full presencial en Las Condes, RM"
Gerente/Administrador Retail Alvi Calama,Otra Área,"Calama, Antofagasta",Calama,Antofagasta,2026-08-03,6108611,smu,2026-08-03,2026-09-06,0.4595,Administrador,Jornada Completa,Alvi,Técnico medio/ colegio técnico,Chile,1 años,2026-02-10,https://smu.trabajando.cl/trabajo-empleo/gerente-administrador-retail-alvi-calama/trabajo/6108611,Cadena de Retail supermercadista requiere...,"Cadena de Retail supermercadista requiere contratar 'Administrador/a' para Apertura Supermercado Alvi ubicado en la comuna de Calama, Region de Antofagasta.
Su principal objetivo será planificar, coordinar y controlar el proceso de entrega del servicio a nuestros clientes para cumplir con las metas de ingresos, gastos y resultados de la tienda de su responsabilidad, asegurando la ejecución de los estándares operacionales, de seguridad, calidad y gestión del equipo definidos por el supermercado.
Importante: -Experiencia como Administrador, Sub-Administrador, Gerente de tienda, etc. en cadenas de Retail supermercadista. -Residencia en la zona. Ofrecemos: -Estabilidad laboral. -Beneficios asociados. -Bonos complementarios. -Seguro de salud.
Requisitos:
Título Técnico de Nivel Superior o Universitario en áreas de Administración, Logística o afines.
Experiencia de al menos 2 años liderando equipos de trabajo en empresas de retail, logistica (construcción), consumo masivo, entre otras.
Promovemos la Ley 21.015 de Inclusión Laboral, por esta razón todas nuestras oportunidades laborales están abiertos a personas con discapacidad.",1,"Título Técnico de Nivel Superior o Universitario en áreas de Administración, Logística o afines.
Experiencia de al menos 2 años liderando equipos de trabajo en empresas de retail, logistica (construcción), consumo masivo, entre otras."
Operarios(as) Full Time y Part time 20 Hrs - Próxima apertura Unimarc Padre Hurtado,Otra Área,"Padre Hurtado, Metropolitana de Santiago",Padre Hurtado,Metropolitana de Santiago,2026-07-31,6108085,smu,2026-07-31,2026-09-06,0.3139,Operario,Part Time,Unimarc,Técnico medio/ colegio técnico,Chile,,2026-09-29,https://smu.trabajando.cl/trabajo-empleo/operarios-as-full-time-y-part-time-20-hrs-proxima-apertura-unimarc-padre-hurtado/trabajo/6108085,Supermercado Unimarc requiere contratar...,"Supermercado Unimarc requiere contratar Operadores/as Full time y Part time 20 Hrs para nuestra próxima apertura ubicado en la comuna de Padre Hurtado.
Funciones
Operador sala de ventas: Mantener un adecuado orden y aprovisionamiento de los productos en el local, mantener el flujo operacional de los productos provenientes de recepción hacia bodega y de bodega a sala, aportar en el proceso de venta del local, manteniendo la cuadratura y control de su caja, aportar en la experiencia de compra, además de la fidelización de los clientes.
Operador de producción: Ejecutar funciones operativas en áreas de producción del local (carnicería, platos preparados, fiambrería, panadería), ordenar, clasificar y preparar distribución, almacenamiento en bodega y reposición en sala de la mercadería, aportar en la experiencia de compra, además de la fidelización de los clientes.
¡No se requiere experiencia!
Jornadas disponibles
Full time turnos rotativos (mañana, tarde e intermedio) de lunes a domingo. 6x1 y 5x2, 2 domingos libres al mes.
Part time 20 Hrs turnos rotativos de sábados, domingos y festivos
(Horarios de acuerdo al cierre y apertura del local)
En Unimarc, estamos comprometidos con la implementación de un Sistema de Gestión de Igualdad de Género y conciliación, alineado con los estándares de la Nch:3262 vigente. Además, cumplimos con lo establecido en la ley N° 21.015, que promueve la igualdad de oportunidades en el ámbito laboral, por esta razón todas nuestras oportunidades laborales están abiertos a personas con discapacidad.",30,"Ser mayor de 18 años
Enseñanza media completa"
Jefe de Recepción Retail Unimarc-Padre Hurtado,Otra Área,"Padre Hurtado, Metropolitana de Santiago",Padre Hurtado,Metropolitana de Santiago,2026-07-31,6108073,smu,2026-07-31,2026-09-06,0.3691,Asistente,Jornada Completa,Unimarc,Media,Chile,1 años,2026-09-29,https://smu.trabajando.cl/trabajo-empleo/jefe-de-recepcion-retail-unimarc-padre-hurtado/trabajo/6108073,Porque te necesitamos a ti y buscamos...,"Porque te necesitamos a ti y buscamos a los mejores, Importante cadena de Supermercados requiere contratar a personas con deseable experiencia, para desempeñarse en el cargo de Jefe de Recepción Full Time, para Apertura de local ubicado en la comuna de Padre Hurtado
Dentro de sus funciones se encuentra Controlar en el local el ingreso y egreso de personas, así como también de productos, revisando y/o registrando la documentación correspondiente para fiscalizar el orden de mercaderías que ingresan a la bodega.
Siendo parte de nuestra empresa puedes acceder a grandes beneficios entre los cuales destacamos: - Seguro complementario de salud - Múltiples beneficios en Ópticas, farmacias, educación, etc. Contamos además con desayuno, almuerzo y once para nuestros trabajadores. ¡No te pierdas la oportunidad de pertenecer a una gran empresa!",1,"Enseñanza media completa
Experiencia trabajando en recepcion minimo 1 año"
Servicio de Personas RRHH- Padre Hurtado Proxima Apertura,Otra Área,"Padre Hurtado, Metropolitana de Santiago",Padre Hurtado,Metropolitana de Santiago,2026-07-31,6108068,smu,2026-07-31,2026-08-08,0.34,Asistente,Jornada Completa,Unimarc,Técnico medio/ colegio técnico,Chile,1 años,2026-08-30,https://smu.trabajando.cl/trabajo-empleo/servicio-de-personas-rrhh-padre-hurtado-proxima-apertura/trabajo/6108068,Supermercados Unimarc se encuentra...,"Supermercados Unimarc se encuentra en búsqueda de un/a Encargado/a de Servicio a Personas para Apertura de local en la comuna de Padre Hurtado.
¿Cuál es tu misión? Supervisar y ejecutar la gestión de los diversos documentos, requerimientos y solicitudes del personal del local a tu cargo, manteniendo disponible y vigente la información necesaria, en cumplimiento con las normativas legales y las políticas internas del Supermercado en el área de RRHH.
Principales responsabilidades Supervisar y preparar información del sistema de control de asistencia, verificando con cada colaborador/a. Tramitar los requerimientos del personal: licencias médicas, reembolsos, pagos de comisiones, entre otros. Elaborar, ordenar y archivar la documentación legal de cada colaborador/a (contratos, anexos, cartas de amonestación, etc.). Apoyar la gestión general del personal: comité paritario, solicitudes de dotación, actividades extraprogramáticas y más. Atender todas las consultas del personal relacionadas con temas de RRHH de manera presencial.
¿Qué buscamos en ti? Formación técnica superior en Administración, Recursos Humanos o carrera afín. Al menos 1 año de experiencia en funciones similares. Manejo de SAP, Excel y tramitación de licencias médicas. Conocimiento de legislación laboral.
Apoyamos la Ley N°21.015 de Inclusión Laboral y contamos con la certificación NCh 3262 de Gestión de Igualdad de Género. Todas nuestras oportunidades están abiertas a personas con discapacidad, sin distinción ni discriminación de ningún tipo.",1,"Formación técnica superior en Administración, Recursos Humanos o carrera afín.
Al menos 1 año de experiencia en funciones similares."
Jefe/a de Sala Retail Padre Hurtado-Próxima Apertura,Otra Área,"Padre Hurtado, Metropolitana de Santiago",Padre Hurtado,Metropolitana de Santiago,2026-07-31,6108020,smu,2026-07-31,2026-08-08,0.3926,Asistente,Jornada Completa,Unimarc,Media,Chile,1 años,2026-08-30,https://smu.trabajando.cl/trabajo-empleo/jefe-a-de-sala-retail-padre-hurtado-proxima-apertura/trabajo/6108020,Supermercados Unimarc requiere contratar...,"Supermercados Unimarc requiere contratar 'Jefe/a Sala' para la nueva sucursal ubicada en la comuna de Padre Hurtado, Región Metropolitana
Su principal función será coordinar y supervisar el funcionamiento, estado, estándar, compra, aprovisionamiento y stock de la sala, mediante la organización y administración del personal a su cargo, aportando en la eficiencia operativa del local, así mantener el cumplimiento de las normas y metas establecidas por la Compañía
*IMPORTANTE contar con experiencia en cargos similar en Supermercado/Retail
*Sueldo acorde a mercado
Apoyamos y promovemos la Ley 21.015 de Inclusión Laboral, por esta razón todas nuestras oportunidades laborales están abiertos a personas con discapacidad.",1,"Enseñanza media completa
contar con experiencia en cargos similar en Supermercado/Retail"
Subgerente(a) Negocios Sourcing,Otra Área,"Las Condes, Metropolitana de Santiago",Las Condes,Metropolitana de Santiago,2026-07-31,6108083,smu,2026-07-31,2026-08-08,0.3733,Subgerente de Área,Jornada Completa,SMU,Universitaria,Chile,7 años,2026-08-30,https://smu.trabajando.cl/trabajo-empleo/subgerente-a-negocios-sourcing/trabajo/6108083,¿Quieres formar parte de la red de...,"¿Quieres formar parte de la red de Supermercados más grande de Chile? 😀
En SMU queremos que te integres a nuestro equipo de trabajo. Te invitamos a conocernos y unirte a nosotros. Ofrecemos un grato ambiente laboral, donde podrás desarrollarte y crecer de forma permanente, y además un espacio de cercanía y colaboración que distingue a nuestra Compañía. En esta oportunidad estamos en búsqueda de un/a nuevo/a ""Subgerente(a) Negocios Sourcing"" responsable de liderar y gestionar procesos de sourcing estratégico y desarrollo de productos, en respuesta al plan de desarrollo de MMPP de la Compañía, trabajando en conjunto con los ingenieros de desarrollo técnico, planners y de acuerdo a los lineamientos recibidos desde las gerencias de categoría.
Dentro de sus responsabilidades, estarán:
Participar en el diseño del plan (pipeline) de desarrollo y sourcing de productos en función de las directrices estratégicas y necesidades del negocio.
Prospección y selección de orígenes que apunte a la mejora continua en las bases para el posicionamiento de la compañía como un actor relevante en el mundo MMPP en términos de la gestión de riesgos de suministro y competitividad.
Mapear, prospectar, evaluar y seleccionar proveedores para contribuir a una mejora continua en el portafolio de productos MMPP, abarcando desde el surtido, calidad y especificación, competitividad de los productos e innovación en las categorías a cargo.
Realizar el plan de desarrollo y sourcing en las categorías a cargo, incluyendo la gestión directa sobre el proceso de desarrollo, para garantizar el desarrollo eficiente de productos, alineados con las definiciones estratégicas del negocio y el presupuesto del área
Negociar activamente con proveedores, incluyendo licitaciones, para contribuir a la maximización de ahorros y logro de estándares superiores de eficiencia en el suministro.
Gestionar recurrentemente el proceso de sourcing de acuerdo a los parámetros de diseño de los proyectos y presupuesto
Monitoreo de KPIs relevantes en conjunto con el área de planning, sobre el monitoreo de performance de sus categorías a cargo, con resultados medibles en las variables financieras y de performance, asi como en acciones de mejora.
Coordinación con áreas de soporte para garantizar el suministro a los diferentes CDs de acuerdo a estándares de calidad y eficiencia establecidos, maximizando variables financieras de venta, share y rentabilidad, minimizando brechas.
Asistir a viajes y ferias internacionales, liderando una continua prospección internacional y la búsqueda de oportunidades de desarrollo y suministro, maximizando innovación y ahorro.
En SMU S.A. apoyamos y promovemos la Ley N°21.015 de Inclusión Laboral. Además nos encontramos certificados en la Norma Chilena NCh: 3262, de Gestión de igualdad de género y conciliación de la vida laboral, familiar y personal. Por esta razón queremos destacar que todas nuestras oportunidades laborales están abiertas a personas con discapacidad , y sin ningún tipo de distinción ni discriminación por género. En SMU, nos esforzamos por gestionar un ambiente inclusivo y equitativo para todas las personas.",2,"Título en Ingeniería Comercial, Alimentos, Agronomía o similar
Al menos 5 años de experiencia laboral en sourcing, con trayectoria en roles de negociación
Conocimientos en cadena logística
Conocimientos acabados en gestión de compras estratégicas, COMEX, sourcing, cadena de suministro y desarrollo de negocios.
Inglés avanzado.
Disponibilidad para trabajo en terreno, incluyendo viajes internacionales.
Deseable que tenga conocimiento y experiencia en desarrollo de negocios, ventas, licitaciones, experiencia en canal alimentario moderno, horeca, institucional, procedimientos de BackOffice y bases avanzadas de desarrollo técnico de productos y aseguramiento de calidad."
Operarios(as) Full Time y Part time 20 Hrs - Próxima apertura Unimarc San Bernardo,Otra Área,"San Bernardo, Metropolitana de Santiago",San Bernardo,Metropolitana de Santiago,2026-07-30,6107897,smu,2026-07-31,2026-09-06,0.338,Operario,Part Time,Unimarc,Técnico medio/ colegio técnico,Chile,,2026-09-28,https://smu.trabajando.cl/trabajo-empleo/operarios-as-full-time-y-part-time-20-hrs-proxima-apertura-unimarc-san-bernardo/trabajo/6107897,Supermercado Unimarc requiere contratar...,"Supermercado Unimarc requiere contratar Operadores/as Full time y Part time 20 Hrs para nuestra próxima apertura ubicado en la comuna de San Bernardo.
Funciones
Operador sala de ventas: Mantener un adecuado orden y aprovisionamiento de los productos en el local, mantener el flujo operacional de los productos provenientes de recepción hacia bodega y de bodega a sala, aportar en el proceso de venta del local, manteniendo la cuadratura y control de su caja, aportar en la experiencia de compra, además de la fidelización de los clientes.
Operador de producción: Ejecutar funciones operativas en áreas de producción del local (carnicería, platos preparados, fiambrería, panadería), ordenar, clasificar y preparar distribución, almacenamiento en bodega y reposición en sala de la mercadería, aportar en la experiencia de compra, además de la fidelización de los clientes.
¡No se requiere experiencia!
Jornadas disponibles
Full time turnos rotativos (mañana, tarde e intermedio) de lunes a domingo. 6x1 y 5x2, 2 domingos libres al mes.
Part time 20 Hrs turnos rotativos de sábados, domingos y festivos
(Horarios de acuerdo al cierre y apertura del local)
En Unimarc, estamos comprometidos con la implementación de un Sistema de Gestión de Igualdad de Género y conciliación, alineado con los estándares de la Nch:3262 vigente. Además, cumplimos con lo establecido en la ley N° 21.015, que promueve la igualdad de oportunidades en el ámbito laboral, por esta razón todas nuestras oportunidades laborales están abiertos a personas con discapacidad.",30,"Ser mayor de 18 años
Enseñanza media completa"
Analista de Pricing,Otra Área,"Las Condes, Metropolitana de Santiago",Las Condes,Metropolitana de Santiago,2026-07-30,6107871,smu,2026-07-31,2026-09-06,0.388,Analista,Jornada Completa,SMU,Universitaria,Chile,1 años,2026-09-28,https://smu.trabajando.cl/trabajo-empleo/analista-de-pricing/trabajo/6107871,¿Quieres formar parte de la red de...,"¿Quieres formar parte de la red de Supermercados más grande de Chile? 😀
En SMU queremos que te integres a nuestro equipo de trabajo. Te invitamos a conocernos y unirte a nosotros. Ofrecemos un grato ambiente laboral, donde podrás desarrollarte y crecer de forma permanente, y además un espacio de cercanía y colaboración que distingue a nuestra Compañía. En esta oportunidad estamos en búsqueda de un/a nuevo/a Analista de Pricing.
¿De qué es responsable este cargo?
La misión de este cargo es analizar, recomendar, implementar y controlar precios regulares, transformando los lineamientos de negocio en decisiones concretas que equilibren competitividad, percepción de precios, ventas y rentabilidad. El cargo debe integrar información interna y de mercado, evaluar impactos, ejecutar los cambios con precisión y monitorear sus resultados, manteniendo trazabilidad y alertando oportunamente desviaciones o riesgos.
¿En qué consisten sus funciones?
Monitorear el posicionamiento de precios regulares por producto, categoría, formato, canal, zona y tienda, utilizando fuentes internas y de mercado autorizadas, para detectar oportunamente brechas competitivas, cambios relevantes y oportunidades de ajuste.
Analizar ventas, unidades, margen, costos, elasticidad, sensibilidad al precio y comportamiento de clientes para sustentar las decisiones, generando recomendaciones de precios regulares con fundamento económico y orientación al cliente y al negocio.
Simular el impacto de propuestas de cambio de precio y evaluar escenarios antes de su implementación, anticipando efectos sobre competitividad, venta y rentabilidad, haciendo visibles los riesgos y compensaciones de cada alternativa.
Ejecutar actualizaciones de precios regulares de acuerdo con las reglas, validaciones y niveles de aprobación definidos. Implementar precios, para implementar precios correctos, completos y dentro de los plazos acordados en tiendas físicas y canales digitales.
Realizar controles de calidad, consistencia y excepciones antes y después de cada ejecución, gestionando alertas y escalando desviaciones, para reducir errores de precio, reprocesos e impactos no previstos en clientes, ventas o margen.
Medir los resultados posteriores a los cambios de precio y documentar hallazgos, causas y oportunidades de mejora, con el objeto de aumentar el aprendizaje del modelo y mejorar progresivamente la calidad de las recomendaciones.
Coordinar análisis y ejecuciones con Comercial, Finanzas, Operaciones, Ventas, Datos y Tecnología, manteniendo seguimiento de las dependencias, de modo de velar que las definiciones sean viables, comprendidas y correctamente implementadas por las áreas involucradas.
Utilizar información autorizada y trazable, resguardando la autonomía de las decisiones de precios de la compañía, en cumplimiento de las políticas internas y las reglas de libre competencia aplicables en Chile.
Requisitos
Título en Ingeniería Comercial o Ingeniería Civil Industrial.
Al menos 1 año de experiencia en Pricing, análisis comercial, planificación o áreas relacionadas. Se valorará experiencia en retail o consumo masivo.
Excel nivel avanzado.
Deseable experiencia con Power BI y/o SQL.
Deseable conocimiento en análisis de datos o analítica en precios y procesos.
Deseable conocimiento en SAP.
Condiciones y Beneficios:
Seguros de salud
Estabilidad laboral
Modalidad full presencial, con medidas de conciliación
Entre otros
Esperamos tu postulación!!!
En SMU trabajamos por gestionar un ambiente inclusivo y equitativo para todas las personas. Apoyamos y promovemos la Ley N°21.015 de Inclusión Laboral y estamos certificados en la Norma Chilena NCh:3262, de Gestión de igualdad de género y conciliación de la vida laboral, familiar y personal, por lo que todas nuestras oportunidades laborales están abiertas a la participación universal de personas, indistintamente de su género o condición de discapacidad.",1,"Título en Ingeniería Comercial o Ingeniería Civil Industrial.
Al menos 1 año de experiencia en el área.
Excel nivel avanzado.
Experiencia con Power BI y/o SQL.
Deseable conocimiento en análisis de datos o analítica en precios y procesos.
Deseable conocimiento en SAP."
Product Manager,Otra Área,"Las Condes, Metropolitana de Santiago",Las Condes,Metropolitana de Santiago,2026-07-30,6107834,smu,2026-07-31,2026-09-06,0.4387,Otro Profesional,Jornada Completa,SMU,Universitaria,Chile,1 años,2026-09-28,https://smu.trabajando.cl/trabajo-empleo/product-manager/trabajo/6107834,En SMU queremos que te integres a nuestro...,"En SMU queremos que te integres a nuestro equipo de trabajo. Te invitamos a conocernos y unirte a nosotros. Ofrecemos un grato ambiente laboral, donde podrás desarrollarte y crecer de forma permanente, y además un espacio de cercanía y colaboración que distingue a nuestra Compañía.
En esta oportunidad, estamos en búsqueda de un/a nuevo/a Product Manager para uno de nuestros formatos supermercadistas.
¿De qué es responsable este cargo?
De gestionar y coordinar la planificación comercial de productos a comunicar, asegurando que las grillas, campañas y acciones estén basadas en información comercial, análisis de venta, competitividad de precios y relevancia para los/las clientes.
El principal desafío del cargo es transformar la información comercial y de clientes en oportunidades de comunicación accionables, para velar por que los productos publicados sean competitivos y coherentes con la propuesta de valor del formato.
Sus principales funciones serán las siguientes:
Construir las grillas de productos a comunicar para los distintos canales para su implementación en web, medios digitales y comunicación diaria.
Coordinarse de forma permanente con los equipos comerciales para levantar productos, precios, focos de categoría, oportunidades tácticas y prioridades del negocio., de manera de que los productos y oportunidades a comunicar estén alineados con la estrategia comercial.
Analizar ventas y performance de productos, su desempeño por categoría y resultados comerciales a través de Power BI, Excel u otras herramientas de reportería, para aportar a la toma de decisiones basadas en datos
Gestionar campañas CRM: Planificar y coordinar comunicaciones vía mail y WhatsApp, definiendo audiencias, focos comerciales, productos, mensajes y objetivos de cada campaña para velar por el desarrollo de campañas CRM alineadas al comportamiento de los clientes.
El rol implica tener una elación transversal con las distintas áreas de la compañía, principalmente Comercial, Pricing, CRM, Digital, así como contacto con entidades externas, como agencia de medios, agencia creativa, empresas proveedoras de CRM u otros equipos externos que participen en la ejecución de campañas, piezas, comunicaciones o activaciones asociadas a la marca.
Requisitos
Título en carreras de Publicidad, Ingeniería Comercial o en Administración de Empresas con mención en marketing o afines.
Al menos 1 año de experiencia en marketing en cargos afines, en empresas de retail, consumo masivo, telco o bien en agencias de medios.
Alta capacidad de pre y post evaluación de campañas y estrategias de medios.
Deseable manejo de Office intermedio.
Disponibilidad para trabajo full presencial en Las Condes.
Condiciones y Beneficios:
Seguros de salud
Estabilidad laboral
Modalidad full presencial, con medidas de conciliación
Entre otros
Esperamos tu postulación!!!
En SMU trabajamos por gestionar un ambiente inclusivo y equitativo para todas las personas. Apoyamos y promovemos la Ley N°21.015 de Inclusión Laboral y estamos certificados en la Norma Chilena NCh:3262, de Gestión de igualdad de género y conciliación de la vida laboral, familiar y personal, por lo que todas nuestras oportunidades laborales están abiertas a la participación universal de personas, indistintamente de su género o condición de discapacidad.",1,"Título en carreras de Publicidad, Ingeniería Comercial o en Administración de Empresas con mención en marketing o afines.
Al menos 1 año de experiencia en marketing en cargos afines, en empresas de retail, consumo masivo, telco o bien en agencias de medios.
Alta capacidad de pre y post evaluación de campañas y estrategias de medios.
Deseable manejo de Office intermedio.
Disponibilidad para trabajo full presencial en Las Condes."
Jefe de Recepción Retail Unimarc-San Bernardo,Otra Área,"San Bernardo, Metropolitana de Santiago",San Bernardo,Metropolitana de Santiago,2026-07-30,6107889,smu,2026-07-31,2026-08-08,0.3893,Asistente,Jornada Completa,Unimarc,Media,Chile,1 años,2026-08-29,https://smu.trabajando.cl/trabajo-empleo/jefe-de-recepcion-retail-unimarc-san-bernardo/trabajo/6107889,Porque te necesitamos a ti y buscamos...,"Porque te necesitamos a ti y buscamos a los mejores, Importante cadena de Supermercados requiere contratar a personas con deseable experiencia, para desempeñarse en el cargo de Jefe de Recepción Full Time, para Apertura de local ubicado en San Bernardo
Dentro de sus funciones se encuentra Controlar en el local el ingreso y egreso de personas, así como también de productos, revisando y/o registrando la documentación correspondiente para fiscalizar el orden de mercaderías que ingresan a la bodega.
Siendo parte de nuestra empresa puedes acceder a grandes beneficios entre los cuales destacamos: - Seguro complementario de salud - Múltiples beneficios en Ópticas, farmacias, educación, etc. Contamos además con desayuno, almuerzo y once para nuestros trabajadores. ¡No te pierdas la oportunidad de pertenecer a una gran empresa!",1,"Enseñanza media completa
Experiencia de minimo 1 año trabajando en Recepcion idealmente en area retail supermercaderista"
Jefe/a de Sala Retail San Bernardo Unimarc-Próxima Apertura,Otra Área,"San Bernardo, Metropolitana de Santiago",San Bernardo,Metropolitana de Santiago,2026-07-30,6107878,smu,2026-07-31,2026-08-08,0.4129,Asesor,Jornada Completa,Unimarc,Media,Chile,1 años,2026-08-29,https://smu.trabajando.cl/trabajo-empleo/jefe-a-de-sala-retail-san-bernardo-unimarc-proxima-apertura/trabajo/6107878,Supermercados Unimarc requiere contratar...,"Supermercados Unimarc requiere contratar 'Jefe/a Sala' para la nueva sucursal ubicada en la comuna de San Bernardo, Región Metropolitana
Su principal función será coordinar y supervisar el funcionamiento, estado, estándar, compra, aprovisionamiento y stock de la sala, mediante la organización y administración del personal a su cargo, aportando en la eficiencia operativa del local, así mantener el cumplimiento de las normas y metas establecidas por la Compañía
*IMPORTANTE contar con experiencia en cargos similar en Supermercado/Retail
*Sueldo acorde a mercado
Apoyamos y promovemos la Ley 21.015 de Inclusión Laboral, por esta razón todas nuestras oportunidades laborales están abiertos a personas con discapacidad.",1,"Enseñanza media completa
contar con experiencia en cargos similar en Supermercado/Retail"
Servicio de Personas RRHH- San Bernardo Proxima Apertura,Otra Área,"San Bernardo, Metropolitana de Santiago",San Bernardo,Metropolitana de Santiago,2026-07-30,6107895,smu,2026-07-31,2026-08-08,0.3579,Asistente,Jornada Completa,Unimarc,Técnico medio/ colegio técnico,Chile,1 años,2026-08-29,https://smu.trabajando.cl/trabajo-empleo/servicio-de-personas-rrhh-san-bernardo-proxima-apertura/trabajo/6107895,Supermercados Unimarc se encuentra...,"Supermercados Unimarc se encuentra en búsqueda de un/a Encargado/a de Servicio a Personas para Apertura de local en la comuna de San Bernardo
¿Cuál es tu misión? Supervisar y ejecutar la gestión de los diversos documentos, requerimientos y solicitudes del personal del local a tu cargo, manteniendo disponible y vigente la información necesaria, en cumplimiento con las normativas legales y las políticas internas del Supermercado en el área de RRHH.
Principales responsabilidades Supervisar y preparar información del sistema de control de asistencia, verificando con cada colaborador/a. Tramitar los requerimientos del personal: licencias médicas, reembolsos, pagos de comisiones, entre otros. Elaborar, ordenar y archivar la documentación legal de cada colaborador/a (contratos, anexos, cartas de amonestación, etc.). Apoyar la gestión general del personal: comité paritario, solicitudes de dotación, actividades extraprogramáticas y más. Atender todas las consultas del personal relacionadas con temas de RRHH de manera presencial.
¿Qué buscamos en ti? Formación técnica superior en Administración, Recursos Humanos o carrera afín. Al menos 1 año de experiencia en funciones similares. Manejo de SAP, Excel y tramitación de licencias médicas. Conocimiento de legislación laboral.
Apoyamos la Ley N°21.015 de Inclusión Laboral y contamos con la certificación NCh 3262 de Gestión de Igualdad de Género. Todas nuestras oportunidades están abiertas a personas con discapacidad, sin distinción ni discriminación de ningún tipo.",1,"Formación técnica superior en Administración, Recursos Humanos o carrera afín
Al menos 1 año de experiencia en funciones similares"
Especialista Salesforce Marketing Cloud,Otra Área,"Las Condes, Metropolitana de Santiago",Las Condes,Metropolitana de Santiago,2026-07-29,6107253,smu,2026-07-29,2026-08-08,0.3895,Especialista,Jornada Completa,SMU,Universitaria,Chile,3 años,2026-08-28,https://smu.trabajando.cl/trabajo-empleo/especialista-salesforce-marketing-cloud/trabajo/6107253,¿Quieres formar parte de la red de...,"¿Quieres formar parte de la red de Supermercados más grande de Chile? 😁
En Unidata, empresa coligada de SMU, queremos que te integres a nuestro equipo de trabajo. Te invitamos a conocernos y unirte a nosotros. Ofrecemos un grato ambiente laboral, donde podrás desarrollarte y crecer de forma permanente, y además un espacio de cercanía y colaboración que distingue a nuestra Compañía.
En esta oportunidad estamos en búsqueda de nuestro/a próximo/a Especialista Salesforce Marketing cuya misión es liderar la implementación, administración, optimización y evolución de plataforma Salesforce Marketing Cloud en la organización, asegurando la correcta gestión de integraciones, automatizaciones y personalización de estrategias en estas herramientas.
Dentro de las principales responsabilidades del cargo están:
- Definir y gestionar el backlog de CRM y herramienta SFMC, definiendo criterios de aceptación de entregables y gestion de pruebas End to End.
- Diseñar y optimizar flujos de trabajo automatizados en la plataforma de SFMC.
- Monitorear continuamente la estabilidad y funcionamiento de la plataforma de SFMC, administrando usuarios y roles necesarios.
- Coordinar con equipos internos y proveedores el desarrollo de nuevas funcionalidades.
- Analizar y modelar datos en CRM y herramientas de marketing.
- Supervisar la integración de CRM con otras plataformas a través de APIs.
- Gestionar la relación con Salesforce y el socio tecnológico.
- Diseñar e implementar Cloud Pages en Salesforce Marketing Cloud, asegurando la captura segura de datos, integraciones robustas con sistemas externos, y validaciones dinámicas alineadas a los requerimientos del negocio, dentro de un entorno de desarrollo con integración continua.
Requisitos:
- Título profesional en Ingeneiría en Informática o carrera afín.
- Al menos 3 años de experiencia en áreas relacionadas.
- Conocimiento en aplicaciones de integración de datos.
- Manejo de SQL avanzado.
- Dominio de herramientas de Salesforce Marketing Cloud.
- Experiencia en herramientas de visualización de datos.
- Al menos 3 años de experiencia en análisis de datos.
- Conocimiento en integraciones de datos.
- Conocimientos en motores de bases de datos.
- Experiencia con herramientas de visualización de datos y tableros.
En SMU apoyamos y promovemos la Ley N°21.015 de Inclusión Laboral. Además nos encontramos certificados en la Norma Chilena NCh: 3262, de Gestión de igualdad de género y conciliación de la vida laboral, familiar y personal. Por esta razón todas nuestras oportunidades laborales están abiertas a personas con discapacidad , y sin ningún tipo de distinción ni discriminación por género. En SMU, nos esforzamos por gestionar un ambiente inclusivo y equitativo para todas las personas.",1,"- Título profesional en Ingeneiría en Informática o carrera afín.
- Al menos 3 años de experiencia en áreas relacionadas.
- Conocimiento en aplicaciones de integración de datos.
- Manejo de SQL avanzado.
- Dominio de herramientas de Salesforce Marketing Cloud.
- Experiencia en herramientas de visualización de datos.
- Al menos 3 años de experiencia en análisis de datos.
- Conocimiento en integraciones de datos.
- Conocimientos en motores de bases de datos.
- Experiencia con herramientas de visualización de datos y tableros."
Analista Comercial (En Terreno),Otra Área,"Las Condes, Metropolitana de Santiago",Las Condes,Metropolitana de Santiago,2026-07-29,6107102,smu,2026-07-29,2026-08-08,0.3736,Analista,En terreno,SMU,Técnico profesional superior,Chile,2 años,2026-08-28,https://smu.trabajando.cl/trabajo-empleo/analista-comercial-en-terreno/trabajo/6107102,¿Quieres formar parte de la red de...,"¿Quieres formar parte de la red de Supermercados más grande de Chile? 😀
En SMU queremos que te integres a nuestro equipo de trabajo. Te invitamos a conocernos y unirte a nosotros. Ofrecemos un grato ambiente laboral, donde podrás desarrollarte y crecer de forma permanente, y además un espacio de cercanía y colaboración que distingue a nuestra Compañía.
En esta oportunidad estamos en búsqueda de un/a nuevo/a Analista Comercial, quien será responsable de evaluar, coordinar y comprobar la ejecución de las iniciativas comerciales, operacionales y de abastecimiento de nuestros productos de marcas propias en las tiendas, conectando la estrategia comercial con la operación, para velar por su disponibilidad y visibilidad.
Como Analista Comercial tendrás la oportunidad de adquirir una visión 360° tanto de la operación del negocio como de su estrategia, con la misión de fomentar el cumplimiento de lineamientos corporativos en el punto de venta y a la vez levantar oportunidades de mejora que promuevan el cumplimiento de metas comerciales, teniendo contacto frecuente con Gerentes/as y Jefes/as de Tienda.
Dentro de sus funciones estarán:
Dar soporte a tiendas y mantener vínculo permanente con jefes de área de cada formato para levantar brechas y gestionar soluciones, respondiendo a contingencias operativas que mejoren la ejecución comercial en los distintos formatos.
Realizar visitas a locales para levantar tiendas caídas, auditando el cumplimiento de procesos en tienda, incluyendo exhibiciones, promociones, implementación de planogramas, precios entre otros, para lograr identificar desvíos en terreno y activar planes de acción que mejoren disponibilidad, visibilidad, venta y experiencia del cliente.
Analizar información comercial y operacional y elaborar reportería y automatizaciones para apoyar la toma de decisiones, con el fin de aportar visibilidad oportuna y análisis numérico que facilite la gestión comercial, el seguimiento de indicadores y la activación de acciones correctivas.
Gestionar actividades de soporte como recalls, sobrestocks, productos en riesgo normativo y otras contingencias operacionales del negocio para aportar a la minimización de la merma, riesgos operacionales y pérdidas de venta, definiendo e implementando acciones correctivas con las áreas responsables.
Coordinar con Operaciones, Supply, Comercial y otras áreas internas el seguimiento de indicadores críticos de ejecución y abastecimiento, de modo de aportar a la alineación de la estrategia comercial con las áreas de soporte, facilitando la toma de decisiones y el cumplimiento de los objetivos de Marcas Propias.
Monitorear indicadores de ejecución y abastecimiento, levantando alertas sobre quiebres, faltantes, sobrestocks y desvíos relevantes para la operación, para lograr anticipar riesgos y facilitar acciones preventivas que protejan la disponibilidad y la venta.
Condiciones y beneficios
Trabajo en terreno por los distintos locales de nuestros formatos (se estima que un 80% del tiempo el Analista Comercial esté en visitas de locales, y un 20% en oficina central). Se considera la rendición de gastos en combustible en caso de que la persona tenga movilización propia.
Jornada 40 hrs. semanales
Contrato a plazo fijo, luego indefinido
Posibilidades de desarrollo en la Compañía
Beneficios: seguros de salud y dental, beneficios CCAF, medidas de conciliación laboral/personal, descuentos en compras, aguinaldos, entre otros
Requisitos
Formación profesional o técnica en Ingeniería Comercial, Ingeniería Civil, Administración, Logística o carrera afín.
Experiencia de 2 años en áreas comerciales, operaciones, abastecimiento o ejecución en retail, como trade marketing, con conocimiento de indicadores comerciales y operacionales, idealmente en empresas de consumo masivo, retail, Marcas Propias.
Disponibilidad para trabajo en terreno en la Región Metropolitana y fuera de ella.
Manejo intermedio de Excel y PowerPoint.
Deseable contar con licencia de conducir clase B vigente y movilización propia
Deseable manejo SAP
Esperamos tu postulación!!!
En SMU trabajamos por gestionar un ambiente inclusivo y equitativo para todas las personas. Apoyamos y promovemos la Ley N°21.015 de Inclusión Laboral y estamos certificados en la Norma Chilena NCh:3262, de Gestión de igualdad de género y conciliación de la vida laboral, familiar y personal, por lo que todas nuestras oportunidades laborales están abiertas a la participación universal de personas, indistintamente de su género o condición de discapacidad.",1,"Formación superior y título en Administración, Logística o carreras afines.
Experiencia de 2 años en áreas comerciales, operaciones, abastecimiento o ejecución en retail, como trade marketing, con conocimiento de indicadores comerciales y operacionales, idealmente en empresas de consumo masivo, retail, Marcas Propias.
Disponibilidad para trabajo en terreno.
Manejo intermedio de Excel y PowerPoint.
Deseable contar con licencia de conducir clase B vigente y movilización propia
Deseable manejo SAP"
Recepcionista Logística Supermercado - S10 San Martin Colina,Otra Área,"Colina, Metropolitana de Santiago",Colina,Metropolitana de Santiago,2026-07-29,6107304,smu,2026-07-29,2026-08-06,0.4018,Otro Profesional,Por Turnos,SMU,Media,Chile,,2026-08-28,https://smu.trabajando.cl/trabajo-empleo/recepcionista-logistica-supermercado-s10-san-martin-colina/trabajo/6107304,¿Quieres formar parte de la red de...,"¿Quieres formar parte de la red de Supermercados más grande de Chile? 🛒💛
En Supermercados S10 estamos buscando un/a Recepcionista de logística para sumarse a nuestro equipo 🙌
Tu misión será controlar y apoyar el proceso de recepción de mercadería del local 📦, velando por el estándar de calidad y cantidad de los productos, asegurando el óptimo funcionamiento del área de recepción y el cumplimiento de los protocolos y procedimientos del formato S10
🔎 ¿Qué buscamos?
Al menos 1 año de experiencia en recepción Conocimiento en discrepancias Manejo de guías y facturas Office nivel intermedio Manejo de SAP
🚀 Te ofrecemos:
Oportunidades reales de desarrollo y crecimiento Un grato ambiente laboral Ser parte de un equipo cercano y colaborativo 💛
Renta: $580.000 mensuales.
💛 En S10 promovemos la Ley 21.015 de Inclusión Laboral, por lo que todas nuestras oportunidades están abiertas a personas con discapacidad.
👉 ¡Postula y sé parte de nuestro equipo!",1,Al menos 1 año de experiencia en recepción Conocimiento en discrepancias Manejo de guías y facturas Office nivel intermedio Manejo de SAP
Product Manager Medios de Pago,Otra Área,"Las Condes, Metropolitana de Santiago",Las Condes,Metropolitana de Santiago,2026-07-28,6106757,smu,2026-07-28,2026-08-08,0.3854,Especialista,Mixta (Teletrabajo + Presencial),SMU,Universitaria,Chile,2 años,2026-08-27,https://smu.trabajando.cl/trabajo-empleo/product-manager-medios-de-pago/trabajo/6106757,En SMU queremos que te integres a nuestro...,"En SMU queremos que te integres a nuestro equipo de trabajo. Te invitamos a conocernos y unirte a nosotros. Ofrecemos un grato ambiente laboral, donde podrás desarrollarte y crecer de forma permanente, y además un espacio de cercanía y colaboración que distingue a nuestra Compañía.
En esta oportunidad, uno de nuestros negocios orientado a la prestación de servicios de pagos online se encuentra en búsqueda de un/a nuevo/a Product Manager de Medios de Pago.
¿De qué es responsable este cargo?
Tendrá la misión de gestionar, optimizar y desarrollar el ecosistema de medios de pago de Unired, asegurando eficiencia en costos, calidad de integración, disponibilidad operativa y competitividad comercial, mediante la orquestación de proveedores, negociación de tarifas y análisis continuo del desempeño del negocio, con impacto directo en ingresos, margen y cumplimiento presupuestario..
¿En qué consisten sus funciones?
Gestión de medios de pago: Gestionar el portafolio de medios de pago (tarjetas, transferencias, wallets u otros), velando por su disponibilidad, correcta operación y mejora en la tasa de éxito de transacciones
Optimización de costos: Analizar y optimizar la estructura de costos de los medios de pago, gestionando negociaciones con proveedores para aportar a la reducción de costos transaccionales y mejora del margen del negocio
Orquestación de medios de pago: Diseñar y gestionar el enrutamiento de transacciones según costo, eficiencia y tasa de aprobación para contribuir a la maximización de ingresos y eficiencia en la aceptación de pagos
Relación con contrapartes y desarrollo de nuevos medios de pago: Gestionar la relación con empresas proveedoras, bancos y entidades adquirentes, asegurando condiciones comerciales y operativas competitivas que mejoren la propuesta de valor para clientes empresas.
Integraciones y canales digitales: Liderar la implementación y mejora de integraciones con medios de pago en canales digitales, apuntando a la mejora en conversión, reducción de fricciones y experiencia de pago optimizada
Inteligencia de negocio y gestión de performance: Analizar el desempeño de medios de pago a nivel de empresa, canal y transacción, monitoreando ingresos, costos, márgenes y tasas de aprobación, para lograr identificar brechas y oportunidades de cara al cumplimiento de presupuesto y mejora de rentabilidad
Implementación de acciones correctivas: Participar en definiciones y liderar la implementación de acciones de optimización sobre medios de pago, pricing, enrutamiento o integraciones según desempeño del negocio.
Requisitos:
Título en Ingeniería Civil Industrial, Comercial o carrera afín, con especialización en medios de pago, estrategia o analítica
Mínimo 2 años de experiencia en gestión de medios de pago, fintech o servicios financieros, con experiencia en integraciones, negociación con proveedores y gestión de indicadores de negocio
Conocimientos requeridos:
Gestión de portafolio, pricing y modelos de negocio orientados a ingresos y margen
Conocimiento del ecosistema de pagos (adquirencia, emisores, PSP, transferencias).
Experiencia en integraciones tecnológicas (APIs, botones de pago).
Análisis de datos y gestión de indicadores (ingresos, costos, margen, conversión).
Evaluación de modelos de negocio y optimización de costos transaccionales
Condiciones y Beneficios:
Seguros de salud
Estabilidad laboral
Trabajo 100% remoto
Entre otros
Esperamos tu postulación!!!
En SMU trabajamos por gestionar un ambiente inclusivo y equitativo para todas las personas. Apoyamos y promovemos la Ley N°21.015 de Inclusión Laboral y estamos certificados en la Norma Chilena NCh:3262, de Gestión de igualdad de género y conciliación de la vida laboral, familiar y personal, por lo que todas nuestras oportunidades laborales están abiertas a la participación universal de personas, indistintamente de su género o condición de discapacidad.",1,"Título en Ingeniería Civil Industrial, Comercial o carrera afín, con especialización en medios de pago, estrategia o analítica
Mínimo 2 años de experiencia en gestión de medios de pago, fintech o servicios financieros, con experiencia en integraciones, negociación con proveedores y gestión de indicadores de negocio
Conocimientos requeridos:
Gestión de portafolio, pricing y modelos de negocio orientados a ingresos y margen
Conocimiento del ecosistema de pagos (adquirencia, emisores, PSP, transferencias).
Experiencia en integraciones tecnológicas (APIs, botones de pago).
Análisis de datos y gestión de indicadores (ingresos, costos, margen, conversión).
Evaluación de modelos de negocio y optimización de costos transaccionales"
Prevencionista de Riesgos - Unimarc Región Metropolitana,Otra Área,"Santiago, Metropolitana de Santiago",Santiago,Metropolitana de Santiago,2026-07-28,6106738,smu,2026-07-28,2026-08-08,0.3492,Otro Profesional,En terreno,Unimarc,Universitaria,Chile,2 años,2026-08-27,https://smu.trabajando.cl/trabajo-empleo/prevencionista-de-riesgos-unimarc-region-metropolitana/trabajo/6106738,¿Quieres formar parte de la red de...,"¿Quieres formar parte de la red de Supermercados más grande de Chile? 😁
En Unimarc, parte de SMU, queremos que te integres a nuestro equipo de trabajo. Te invitamos a conocernos y unirte a nosotros. Ofrecemos un grato ambiente laboral, donde podrás desarrollarte y crecer de forma permanente, y además un espacio de cercanía y colaboración que distingue a nuestra Compañía. En esta oportunidad estamos en búsqueda de nuestro/a próximo/a Prevencionista de Riesgos para desempeñarse en la región metropolitana.
Dentro de las principales responsabilidades del cargo están:
Implementar y ejecutar el Sistema de Gestión de Seguridad y Salud en el Trabajo, monitoreando indicadores de accidentabilidad y cumplimiento preventivo.
Implementar y asesorar técnicamente al Comité Paritario, participando en investigaciones de accidentes y acciones preventivas.
Realizar inspecciones de seguridad, elaborar matrices de riesgo (MIPER) y velar por el cumplimiento legal en prevención de riesgos.
Reportar desviaciones, proponer mejoras preventivas y coordinar planes y simulacros de emergencia y evacuación.
Ejecutar capacitaciones en prevención de riesgos y supervisar sistemas contra incendios y protocolos MINSAL.
Supervisar empresas contratistas en materias de seguridad y prevención, realizando auditorías y control documental.
Gestionar el cumplimiento de normativas legales y coordinar acciones con mutualidades y organismos relacionados.
Requisitos:
- Título de Ingeniería en Prevención de Riesgos
- Deseable experiencia en Retail
- Contar con movilización propia (no excluyente)
- 2 años de experiencia en roles similares
En SMU apoyamos y promovemos la Ley N°21.015 de Inclusión Laboral. Además nos encontramos certificados en la Norma Chilena NCh: 3262, de Gestión de igualdad de género y conciliación de la vida laboral, familiar y personal. Por esta razón todas nuestras oportunidades laborales están abiertas a personas con discapacidad , y sin ningún tipo de distinción ni discriminación por género. En SMU, nos esforzamos por gestionar un ambiente inclusivo y equitativo para todas las personas.",1,"- Título de Ingeniería en Prevención de Riesgos
- Deseable experiencia en Retail
- Contar con movilización propia (no excluyente)
- 2 años de experiencia en roles similares"
Especialista de Gestión Ambiental y Ley REP,Otra Área,"Las Condes, Metropolitana de Santiago",Las Condes,Metropolitana de Santiago,2026-07-28,6106622,smu,2026-07-28,2026-08-08,0.3612,Especialista,Jornada Completa,SMU,Universitaria,Chile,4 años,2026-08-27,https://smu.trabajando.cl/trabajo-empleo/especialista-de-gestion-ambiental-y-ley-rep/trabajo/6106622,¿Quieres formar parte de la red de...,"¿Quieres formar parte de la red de Supermercados más grande de Chile? 😀
En SMU queremos que te integres a nuestro equipo de trabajo. Te invitamos a conocernos y unirte a nosotros. Ofrecemos un grato ambiente laboral, donde podrás desarrollarte y crecer de forma permanente, y además un espacio de cercanía y colaboración que distingue a nuestra Compañía. En esta oportunidad estamos en búsqueda de un/a nuevo/a Especialista de Gestión Ambiental y Ley REP.
¿De qué es responsable este cargo?
La misión de este cargo es liderar la gestión del cumplimiento de la Ley REP y de la normativa ambiental aplicable, asegurando la correcta administración de la información de productos y envases, la implementación de programas de gestión ambiental y manejo de residuos, y el cumplimiento de las obligaciones regulatorias de la compañía. Su principal desafío será contribuir a la estrategia de sostenibilidad mediante la mejora continua de los procesos, la economía circular y el cumplimiento de los estándares ambientales en supermercados y centros de distribución.
¿En qué consisten sus funciones?
Coordinar y validar la información técnica de productos, apoyando el análisis de ecotasas y la identificación de oportunidades de mejora en materiales y procesos con foco en reciclabilidad y economía circular.
Elaborar reportes de gestión, administrar la información requerida tanto por los Sistemas de Gestión como la autoridad y dar seguimiento al cumplimiento de los compromisos regulatorios.
Apoyar auditorías internas y externas, asegurando la disponibilidad y calidad de la información solicitada por autoridades y organismos competentes.
Gestionar e implementar programas de gestión ambiental y manejo de residuos (sólidos y líquidos), velando por el cumplimiento de la normativa ambiental vigente.
Preparar y presentar declaraciones ambientales, responder requerimientos de organismos fiscalizadores y participar en reuniones con autoridades cuando corresponda.
Brindar soporte técnico a supermercados y centros de distribución en materias de gestión ambiental y cumplimiento normativo.
Coordinar acciones con áreas internas y proveedores para asegurar la correcta implementación de iniciativas ambientales.
Promover iniciativas de comunicación y sensibilización que fortalezcan la cultura de sostenibilidad, economía circular y cumplimiento de la Ley REP.
Requisitos
Título profesional de Ingeniería Ambiental o carrera afín.
Al menos 3 años de experiencia en gestión ambiental y cumplimiento normativo.
Conocimientos en Ley REP, envases y embalajes, economía circular y reciclaje.
Manejo de Excel nivel intermedio.
Disponibilidad para trabajar de forma presencial en Las Condes.
Esperamos tu postulación!!!
En SMU S.A. apoyamos y promovemos la Ley N°21.015 de Inclusión Laboral. Además nos encontramos certificados en la Norma Chilena NCh: 3262, de Gestión de igualdad de género y conciliación de la vida laboral, familiar y personal. Por esta razón queremos destacar que todas nuestras oportunidades laborales están abiertas a personas con discapacidad , y sin ningún tipo de distinción ni discriminación por género. En SMU, nos esforzamos por gestionar una ambiente inclusivo y equitativos para todas las personas.",1,"Título profesional de Ingeniería Ambiental o carrera afín.
Al menos 3 años de experiencia en gestión ambiental y cumplimiento normativo.
Conocimientos en Ley REP, envases y embalajes, economía circular y reciclaje.
Manejo de Excel nivel intermedio.
Disponibilidad para trabajar de forma presencial en Las Condes."
Ingeniero(a) Procesos,Otra Área,"Las Condes, Metropolitana de Santiago",Las Condes,Metropolitana de Santiago,2026-07-28,6106548,smu,2026-07-28,2026-08-08,0.4015,Ingeniero,Jornada Completa,SMU,Universitaria,Chile,1 años,2026-08-27,https://smu.trabajando.cl/trabajo-empleo/ingeniero-a-procesos/trabajo/6106548,¿Quieres formar parte de la red de...,"¿Quieres formar parte de la red de Supermercados más grande de Chile?
En SMU queremos que te integres a nuestro equipo de trabajo. Te invitamos a conocernos y unirte a nosotros. Ofrecemos un grato ambiente laboral, donde podrás desarrollarte y crecer de forma permanente, y además un espacio de cercanía y colaboración que distingue a nuestra Compañía.
En esta oportunidad estamos en búsqueda de un/a Ingeniero/a de Procesos para nuestra compañía.
¿De qué es responsable este cargo?
Apoyar con levantamientos, análisis cuantitativos y optimización de los procesos operacionales de la sala, mediante la recopilación de datos, mapeo de procesos y propuestas de mejora, asegurando información confiable para la toma de decisiones.
¿Cuales serán tus funciones?
Levantar, diagnosticar, diseñar e implementar procesos estándares y eficientes en sala.
Recopilar y analizar datos de productividad, tiempos, costos, brecha etc.
Mapear y documentar procesos críticos de la operación (recepción, bodega, sala de ventas, cajas).
Facilitar la implementación de iniciativas de mejora continua en la sala de ventas.
Elaborar presentaciones, reportes e indicadores de gestión.
Colaborar en la gestión del cambio junto con áreas de soporte.
Requisitos:
Título en Ingeniería Civil Industrial, Comercial o carrera afín.
1-3 años de experiencia en levantamiento y análisis de proceso.
Es un plus si tienes experiencia en retail
Conocimiento de procesos de retail, deseable de supermercados.
Conocimiento en metodologías de mejoramiento continuo (Lean, 6 sigma, Agile).
Capacidad analítica y manejo de datos (Excel avanzado, Power BI u otra herramienta de visualización).
Conocimiento en programación media (SQL, Python)
En SMU S.A. apoyamos y promovemos la Ley N°21.015 de Inclusión Laboral. Además nos encontramos certificados en la Norma Chilena NCh: 3262, de Gestión de igualdad de género y conciliación de la vida laboral, familiar y personal. Por esta razón todas nuestras oportunidades laborales están abiertas a personas con discapacidad , y sin ningún tipo de distinción ni discriminación por género. En SMU, nos esforzamos por gestionar una ambiente inclusivo y equitativos para todas las personas.",1,"Título en Ingeniería Civil Industrial, Comercial o carrera afín.
1-3 años de experiencia en levantamiento y análisis de proceso.
Es un plus si tienes experiencia en retail
Conocimiento de procesos de retail, deseable de supermercados.
Conocimiento en metodologías de mejoramiento continuo (Lean, 6 sigma, Agile).
Capacidad analítica y manejo de datos (Excel avanzado, Power BI u otra herramienta de visualización).
Conocimiento en programación media (SQL, Python)"
Analista Estudios,Otra Área,"Las Condes, Metropolitana de Santiago",Las Condes,Metropolitana de Santiago,2026-07-28,6106823,smu,2026-07-28,2026-08-05,0.4527,Otro Profesional,Jornada Completa,SMU,Universitaria,Chile,2 años,2026-04-08,https://smu.trabajando.cl/trabajo-empleo/analista-estudios/trabajo/6106823,¿Quieres formar parte de la red de...,"¿Quieres formar parte de la red de Supermercados más grande de Chile? 🛒
En SMU queremos que te integres a nuestro equipo de trabajo. Te invitamos a conocernos y unirte a nosotros. En esta oportunidad estamos en búsqueda de un/a nuevo/a Analista Estudios.
¿De qué es responsable este cargo?
Realizar el estudio, análisis y reporte de información económica y/o financiera que sea de interés para proyectos tanto de la Gerencia de Desarrollo Inmobiliario como del resto de la Compañía, para aportar a la toma de decisiones conducentes a su desarrollo sostenible.
¿En qué consisten sus funciones?
Realizar evaluaciones y/o estudios de mercado referentes a nuevos proyectos e iniciativas de la gerencia.
Realizar el proceso de levantamiento, análisis, procesamiento e integración de datos referentes al mercado y área interna de la compañía, aplicando conocimientos de programación y/o estadísticos.
Apoyar en la coordinación del proceso de aprobación de proyectos y nuevas iniciativas.
Asistir con información y propuestas durante el proceso de elaboración del presupuesto anual, generando el cálculo de proyecciones presupuestarias.
Elaborar o participar, según corresponda, en la elaboración del estatus inmobiliario.
Evaluar y verificar el funcionamiento de la plataforma de Geo inteligencia u otras herramientas utilizadas en la Compañía para cumplir sus funciones.
Requisitos
Titulado(a) de Ingeniería Estadística, Civil Industrial, Comercial, Matemática o afín, pero con experiencia comprobable en cargos similares.
1-2 años de experiencia en análisis, reportería y manejo de datos.
Deseable experiencia en cargo de Analytics o similares.
Manejo de Excel, Python y PowerBI
Disponibilidad para trabajar 100% presencial en Las Condes.
Esperamos tu postulación!!!
En SMU S.A. apoyamos y promovemos la Ley N°21.015 de Inclusión Laboral. Además nos encontramos certificados en la Norma Chilena NCh: 3262, de Gestión de igualdad de género y conciliación de la vida laboral, familiar y personal. Por esta razón queremos destacar que todas nuestras oportunidades laborales están abiertas a personas con discapacidad , y sin ningún tipo de distinción ni discriminación por género. En SMU, nos esforzamos por gestionar una ambiente inclusivo y equitativos para todas las personas.",1,"Titulado(a) de Ingeniería Estadística, Civil Industrial, Comercial, Matemática o afín, pero con experiencia comprobable en cargos similares.
1-2 años de experiencia en análisis, reportería y manejo de datos.
Deseable experiencia en cargo de Analytics o similares.
Manejo de Excel, Python y PowerBI
Disponibilidad para trabajar 100% presencial en Las Condes."
Auditor(a) - Relator(a) de Calidad e Inocuidad Alimentaria (Terreno),Otra Área,"Santiago, Metropolitana de Santiago",Santiago,Metropolitana de Santiago,2026-07-23,6105019,smu,2026-07-23,2026-08-08,0.3427,Otro Profesional,Jornada Completa,SMU,Técnico profesional superior,Chile,2 años,2026-08-22,https://smu.trabajando.cl/trabajo-empleo/auditor-a-relator-a-de-calidad-e-inocuidad-alimentaria-terreno/trabajo/6105019,¿Quieres formar parte de la red de...,"¿Quieres formar parte de la red de Supermercados más grande de Chile? 🛒
En ECOS (Escuela de Capacitación de Oficios Supermercadista), parte de SMU, buscamos incorporar a nuestro equipo a un/a Auditor/a - Relator(a) de Calidad e Inocuidad Alimentaria (Entrenador Integral).
Si cuentas con experiencia en calidad alimentaria, auditorías operacionales y capacitación en terreno, y tienes disponibilidad para viajar a distintas regiones del país, ¡te invitamos a postular!
¿Cuál será tu principal desafío?
Evaluar en terreno el cumplimiento de los procesos operacionales de la compañía, identificando oportunidades de mejora en ámbitos como calidad, inocuidad, servicio y prevención de pérdidas. Además, deberás capacitar y acompañar a los equipos para fortalecer los estándares operacionales, viajando a distintas sucursales del país de acuerdo con las necesidades del negocio.
¿Qué harás?
Realizar auditorías y evaluaciones en terreno para verificar el cumplimiento de los procesos operacionales y los estándares de la compañía.
Identificar brechas y oportunidades de mejora relacionadas con calidad, inocuidad, servicio, mermas y otros indicadores operacionales.
Registrar información y evidencias de las visitas realizadas para elaborar diagnósticos e informes.
Elaborar reportes con resultados y propuestas de mejora.
Diseñar e impartir capacitaciones y entrenamientos en terreno para fortalecer los estándares operacionales.
Evaluar la efectividad de las capacitaciones implementadas.
Acompañar a los equipos en la implementación y seguimiento de planes de mejora.
¿Qué buscamos?
Título Técnico o Profesional en Ingeniería en Alimentos, Tecnología en Alimentos, Calidad, Administración o carrera afín.
Al menos 1 a 2 años de experiencia en cargos relacionados con calidad, inocuidad alimentaria, auditorías operacionales o capacitación en terreno.
Conocimientos en BPM y HACCP (excluyente).
Disponibilidad para trabajar en terreno.
Disponibilidad para realizar viajes frecuentes a cualquier región del país, según los requerimientos del negocio (excluyente).
¿Por qué trabajar con nosotros?
Serás parte de una organización líder en retail, contribuyendo directamente a fortalecer los estándares de calidad e inocuidad de nuestras operaciones. Tendrás la oportunidad de recorrer distintas sucursales del país, trabajar junto a diversos equipos y generar un impacto real en la mejora continua de los procesos.
¡Esperamos tu postulación!
En SMU S.A. apoyamos y promovemos la Ley N° 21.015 de Inclusión Laboral. Además, contamos con la certificación en la Norma Chilena NCh 3262 de Gestión de Igualdad de Género y Conciliación de la Vida Laboral, Familiar y Personal. Todas nuestras oportunidades laborales están abiertas a personas con discapacidad, sin ningún tipo de distinción o discriminación.",1,Disponibilidad para trabajar en terreno en la RM.
Jefe de Recepción Retail-Calama,Otra Área,"Calama, Antofagasta",Calama,Antofagasta,2026-07-22,6104342,smu,2026-07-22,2026-08-08,0.4014,Asesor,Jornada Completa,Alvi,Media,Chile,1 años,2026-08-21,https://smu.trabajando.cl/trabajo-empleo/jefe-de-recepcion-retail-calama/trabajo/6104342,Porque te necesitamos a ti y buscamos...,"Porque te necesitamos a ti y buscamos a los mejores, Supermercados Alvi requiere contratar a personas con deseable experiencia, para desempeñarse en el cargo de Jefe de Recepción Full Time, para Apertura de local ubicado en Calama.
Dentro de sus funciones se encuentra Controlar en el local el ingreso y egreso de personas, así como también de productos, revisando y/o registrando la documentación correspondiente para fiscalizar el orden de mercaderías que ingresan a la bodega.
Siendo parte de nuestra empresa puedes acceder a grandes beneficios entre los cuales destacamos: - Seguro complementario de salud - Múltiples beneficios en Ópticas, farmacias, educación, etc. Contamos además con desayuno, almuerzo y once para nuestros trabajadores. ¡No te pierdas la oportunidad de pertenecer a una gran empresa!",1,"Enseñanza media completa
Experiencia en Recepción idealmente como Jefe de Recepción area Retail"
Operarios(as) perecibles Part time 30 Hrs- S10 Camilo Henríquez (Puente Alto),Otra Área,"Puente Alto, Metropolitana de Santiago",Puente Alto,Metropolitana de Santiago,2026-07-22,6104645,smu,2026-07-22,2026-08-08,0.3212,Operario,Part Time,Super 10,Media,Chile,,2026-08-21,https://smu.trabajando.cl/trabajo-empleo/operarios-as-perecibles-part-time-30-hrs-s10-camilo-henriquez-puente-alto/trabajo/6104645,Mayorista S10 requiere contratar Operarios/as...,"Mayorista S10 requiere contratar Operarios/as perecibles, con alto sentido de responsabilidad, transparencia y colaboración., dispuestos a trabajar en nuestra sucursal Camilo Henríquez ubicada en la Comuna de Puente Alto, Región Metropolitana.
Funciones:
Ejecutar la revisión de la exhibición, preparación, venta y almacenamiento de productos de la selección perecibles, para mantener disponibilidad, variedad y orden de su sección, según los protocolos de procedimientos y calidad.
¡No se requiere experiencia, sólo tus ganas de sumarte a nuestro equipo!
Jornada disponible:
- PT 30 Hrs, con turnos rotativos de 6x1 y 5x2, con 2 domingos libres al mes (jornadas mañana/tarde)
Nota: El cargo NO es compatible para estudiantes debido a los turnos rotativos (mañana y tarde)
En nuestra empresa apoyamos y promovemos la Ley 21.015 de Inclusión Laboral, por esta razón todas nuestras oportunidades laborales están abiertos a personas con discapacidad.",5,"Ser mayor de 18 años
Enseñanza media completa"
Planogramador(a) Junior,Otra Área,"Las Condes, Metropolitana de Santiago",Las Condes,Metropolitana de Santiago,2026-07-22,6104826,smu,2026-07-22,2026-08-08,0.3772,Otro Profesional,Jornada Completa,SMU,Técnico profesional superior,Chile,,2026-08-21,https://smu.trabajando.cl/trabajo-empleo/planogramador-a-junior/trabajo/6104826,¿Quieres formar parte de la red de...,"¿Quieres formar parte de la red de Supermercados más grande de Chile? 😀
En SMU queremos que te integres a nuestro equipo de trabajo. Te invitamos a conocernos y unirte a nosotros. Ofrecemos un grato ambiente laboral, donde podrás desarrollarte y crecer de forma permanente, y además un espacio de cercanía y colaboración que distingue a nuestra Compañía. En esta oportunidad estamos en búsqueda de un/a nuevo/a Planogramador(a) Junior.
¿De qué es responsable este cargo?
La misión de este cargo es realizar y coordinar el diseño, mantención y optimización de planogramas del formato comercial para aportar a la productividad del espacio, la consistencia de la exhibición y la rentabilidad del negocio de la compañía.
¿En qué consisten sus funciones?
Elaborar y preparar la confección, actualización y mantención técnica de planogramas bajo lineamientos definidos.
Registrar y verificar las categorías, mínimos de exhibición, cubicación, modulación y capacidades de espacio en los sistemas correspondientes.
Preparar y examinar reportes de datos e indicadores básicos asociados a la planogramación, quiebres e inconsistencias de catálogo.
Comprobar y asistir en el levantamiento de modulaciones en tienda versus el sistema y en el orden documental de planogramas emitidos.
Requisitos
Título técnico profesional en áreas de ingeniería, administración, logística, retail, operación comercial o carreras afines. O título técnico con experiencia inicial en funciones relacionadas a category, planogramación, merchandising, operación, venta en sala, trade marketing o logística en retail.
Práctica profesional o hasta 2 años de experiencia en roles similares en retail, idealmente en supermercados o cadenas de autoservicio.
Conocimientos en SAP nivel usuario y Excel intermedio.
Deseable conocimiento inicial de herramientas de planogramación.
Manejo básico de conceptos de categoría, modulación, cubicación, exhibición, DOH, espacio, catalogación y reposición.
Esperamos tu postulación!!!
En SMU S.A. apoyamos y promovemos la Ley N°21.015 de Inclusión Laboral. Además nos encontramos certificados en la Norma Chilena NCh: 3262, de Gestión de igualdad de género y conciliación de la vida laboral, familiar y personal. Por esta razón queremos destacar que todas nuestras oportunidades laborales están abiertas a personas con discapacidad , y sin ningún tipo de distinción ni discriminación por género. En SMU, nos esforzamos por gestionar una ambiente inclusivo y equitativos para todas las personas.",1,"Título técnico profesional en áreas de ingeniería, administración, logística, retail, operación comercial o carreras afines. O título técnico con experiencia inicial en funciones relacionadas a category, planogramación, merchandising, operación, venta en sala, trade marketing o logística en retail.
Práctica profesional o hasta 2 años de experiencia en roles similares en retail, idealmente en supermercados o cadenas de autoservicio.
Conocimientos en SAP nivel usuario y Excel intermedio.
Deseable conocimiento inicial de herramientas de planogramación.
Manejo básico de conceptos de categoría, modulación, cubicación, exhibición, DOH, espacio, catalogación y reposición."
Analista de inventario de tienda,Otra Área,"Las Condes, Metropolitana de Santiago",Las Condes,Metropolitana de Santiago,2026-07-22,6104330,smu,2026-07-22,2026-07-27,0.3666,Analista,Jornada Completa,SMU,Técnico profesional superior,Chile,2 años,2026-08-21,https://smu.trabajando.cl/trabajo-empleo/analista-de-inventario-de-tienda/trabajo/6104330,¿Quieres formar parte de la red de...,"¿Quieres formar parte de la red de Supermercados más grande de Chile? 😀
Queremos que te integres a nuestro equipo de trabajo. Te invitamos a conocernos y unirte a nosotros. Ofrecemos un grato ambiente laboral, donde podrás desarrollarte y crecer de forma permanente, y además un espacio de cercanía y colaboración que distingue a nuestra Compañía.
En esta oportunidad estamos en búsqueda de un(a) Analista de inventario de tienda, cuya misión es analizar, controlar y gestionar la información relacionada con los procesos de inventario y ajustes operacionales, mediante la elaboración de reportes, análisis de brechas y administración de datos, contribuyendo a la exactitud de inventarios, la continuidad operacional y la toma de decisiones de la organización.
Dentro de sus principales funciones estarán:
Elaborar y analizar informes de preinventario, identificando desviaciones y riesgos operacionales.
Generar informes de resultados de inventarios generales, inventarios por categoría, inventarios de perecibles e inventarios de UULL.
Analizar diferencias y brechas de inventario, proponiendo acciones correctivas y de seguimiento.
Elaborar reportes de ajustes por OT mediante consultas y extracción de información desde bases de datos MySQL y SQL Server.
Programar inventarios y gestionar ajustes por OT en sistema SAP.
Administrar y generar calendarios semanales de ajustes e inventarios a partir de bases de datos en Access.
Ejecutar ajustes de inventario de acuerdo con procedimientos y políticas internas.
Atender requerimientos operacionales relacionados con programación, ejecución y control de inventarios.
Validar integridad y consistencia de datos utilizados en reportes y procesos de control.
Mantener comunicación y coordinación con áreas operacionales para asegurar el cumplimiento de los procesos de inventario.
Proponer mejoras en procesos, reportabilidad y automatización de análisis relacionados con inventarios.
Requisitos:
- Título profesional en Ingeniería de Ejecución en Informática, Técnico de Nivel Superior en Informática o carrera afín.
- Al menos 2 años de experiencia en cargos de análisis de información, inventario o control de existencias.
- Manejo de SAP.
- Conocimientos de Linux.
- Manejo de bases de datos relacionales.
- Conocimientos de consultas SQL (MySQL y SQL Server).
- Manejo de Microsoft Excel nivel intermedio-avanzado.
- Deseable conocimiento en Microsoft Access.
- Deseable experiencia en análisis y control de inventarios.
Esperamos tu postulación!!!
En SMU S.A. apoyamos y promovemos la Ley N°21.015 de Inclusión Laboral. Además nos encontramos certificados en la Norma Chilena NCh: 3262, de Gestión de igualdad de género y conciliación de la vida laboral, familiar y personal. Por esta razón queremos destacar que todas nuestras oportunidades laborales están abiertas a personas con discapacidad , y sin ningún tipo de distinción ni discriminación por género. En SMU, nos esforzamos por gestionar una ambiente inclusivo y equitativos para todas las personas.",1,"- Título profesional en Ingeniería de Ejecución en Informática, Técnico de Nivel Superior en Informática o carrera afín.
- Al menos 2 años de experiencia en cargos de análisis de información, inventario o control de existencias.
- Manejo de SAP.
- Conocimientos de Linux.
- Manejo de bases de datos relacionales.
- Conocimientos de consultas SQL (MySQL y SQL Server).
- Manejo de Microsoft Excel nivel intermedio-avanzado.
- Deseable conocimiento en Microsoft Access.
- Deseable experiencia en análisis y control de inventarios."
"Operadores(as) Sala Ventas - Full time, Part Time 30 y 20 Hrs - Apertura ALVI Calama",Otra Área,"Calama, Antofagasta",Calama,Antofagasta,2026-07-21,6103895,smu,2026-07-22,2026-09-06,0.3223,Operario,Part Time,Alvi,Media,Chile,,2026-09-19,https://smu.trabajando.cl/trabajo-empleo/operadores-as-sala-ventas-full-time-part-time-30-y-20-hrs-apertura-alvi-calama/trabajo/6103895,Mayorista ALVI requiere contratar Operarios/as...,"Mayorista ALVI requiere contratar Operarios/as Sala de Ventas Full Time, Part time 30 y 20 Hrs , para trabajar en nuestra próxima apertura ubicado en Calama.
Funciones:
Ejecutar las operaciones básicas del local, apoyar en las tareas correspondientes a caja, sala y bodega del local asignado, velando por cumplir con los diferentes protocolos, normativas y procedimientos definidos por la compañía, aportando en el flujo operacional en beneficio del cliente y del negocio.
¡No se requiere experiencia, sólo tus ganas de sumarte a nuestro equipo!
Jornadas disponibles:
Full Time: Lunes a domingo 6x1 y 5x2 (turnos rotativos), 2 domingos libres al mes
Part Time 30 Hrs: Lunes a domingo 6x1 y 5x2 (turnos rotativos), 2 domingos libres al mes
Part Time 20 Hrs: Sábados, domingos y festivos
(Horarios de acuerdo al cierre y apertura del local)
En ALVI Estamos comprometidos con la implementación de un Sistema de Gestión de Igualdad de Género y Conciliación, alineado con los estándares de la NCh:3262 vigente. Además, cumplimos con lo establecido en la Ley N°21.015, que promueve la igualdad de oportunidades en el ámbito laboral..",30,"Mayor de 18 años
Enseñanza media completa"
Operadores/as Centro automatizado de pedidos Unimarc.cl - Los Trapenses (Lo Barnechea),Otra Área,"Lo Barnechea, Metropolitana de Santiago",Lo Barnechea,Metropolitana de Santiago,2026-07-21,6103764,smu,2026-07-21,2026-09-06,0.4261,Operario,Jornada Completa,Unimarc,Media,Chile,1 años,2026-09-19,https://smu.trabajando.cl/trabajo-empleo/operadores-as-centro-automatizado-de-pedidos-unimarc-cl-los-trapenses-lo-barnechea/trabajo/6103764,Buscamos los(as) mejores Operadores/as...,"Buscamos los(as) mejores Operadores/as para desempeñarse de nuestro nuevo Centro Automatizado de Pedidos de Unimarc, ubicado en la comuna de Lo Barnechea, RM.
Funciones:
Preparación de pedidos solicitados por nuestros clientes E-Commerce en el Centro Automatizado de Pedidos, cumpliendo tanto con las normas, como con los estándares de calidad establecidos por la compañía.
Jornada:
- Full time 40 Hrs ( 1 o 2 dias libres a la semana y 2 domingos libres en el mes)
Ofrecemos:
Bus de acercamiento.
Seguro de Salud.
Aguinaldos.
Alimentación/Colación.",10,"Requisitos:
- Enseñanza Media Completa.
- Experiencia reposición de productos, logistica, bodega o picking.
- Disponibilidad para trabajar de lunes a domingo en turnos rotativos (AM y PM)"
Servicio de Personas RRHH- Calama Proxima Apertura,Otra Área,"Calama, Antofagasta",Calama,Antofagasta,2026-07-21,6104069,smu,2026-07-21,2026-08-08,0.3563,Asesor,Jornada Completa,Alvi,Técnico medio/ colegio técnico,Chile,1 años,2026-08-20,https://smu.trabajando.cl/trabajo-empleo/servicio-de-personas-rrhh-calama-proxima-apertura/trabajo/6104069,Supermercado Alvi se encuentra en búsqueda...,"Supermercado Alvi se encuentra en búsqueda de un/a Encargado/a de Servicio a Personas para Apertura de local en la comuna de Calama, Región de Antofagasta.
¿Cuál es tu misión? Supervisar y ejecutar la gestión de los diversos documentos, requerimientos y solicitudes del personal del local a tu cargo, manteniendo disponible y vigente la información necesaria, en cumplimiento con las normativas legales y las políticas internas del Supermercado en el área de RRHH.
Principales responsabilidades: Supervisar y preparar información del sistema de control de asistencia, verificando con cada colaborador/a. Tramitar los requerimientos del personal: licencias médicas, reembolsos, pagos de comisiones, entre otros. Elaborar, ordenar y archivar la documentación legal de cada colaborador/a (contratos, anexos, cartas de amonestación, etc.). Apoyar la gestión general del personal: comité paritario, solicitudes de dotación, actividades extraprogramáticas y más. Atender todas las consultas del personal relacionadas con temas de RRHH de manera presencial.
¿Qué buscamos en ti? Formación técnica superior en Administración, Recursos Humanos o carrera afín. Al menos 1 año de experiencia en funciones similares. Manejo de SAP, Excel y tramitación de licencias médicas. Conocimiento de legislación laboral.
Apoyamos la Ley N°21.015 de Inclusión Laboral y contamos con la certificación NCh 3262 de Gestión de Igualdad de Género. Todas nuestras oportunidades están abiertas a personas con discapacidad, sin distinción ni discriminación de ningún tipo.",1,"Formación técnica superior en Administración, Recursos Humanos o carrera afín.
Experiencia de al menos 1 año de experiencia en funciones similares"
Operarios(as) Full time y Part time 20 - Próxima apertura Unimarc La Ligua,Otra Área,"La Ligua, Valparaíso",La Ligua,Valparaíso,2026-07-21,6103751,smu,2026-07-21,2026-08-08,0.3769,Operario,Part Time,Unimarc,Media,Chile,,2026-08-20,https://smu.trabajando.cl/trabajo-empleo/operarios-as-full-time-y-part-time-20-proxima-apertura-unimarc-la-ligua/trabajo/6103751,Supermercado Unimarc requiere contratar...,"Supermercado Unimarc requiere contratar Operadores(as) Full-Time y Part-time 20 Hrs, para trabajar en nuestra próxima apertura ubicada en LA LIGUA.
Funciones
Mantener un adecuado orden y aprovisionamiento de los productos en el local, mantener el flujo operacional de los productos provenientes de recepción hacia bodega y de bodega a sala, aportar en el proceso de venta del local manteniendo la cuadratura y control de caja, aportar en la experiencia de compra, además de la fidelización de los clientes.
Jornadas disponibles
Full time turnos rotativos (mañana y tarde) de lunes a domingo. 6x1 y 5x2, 2 domingos libres al mes.
Part time 20 Hrs Sábado, domingos y festivos
¡No se requiere experiencia, sólo tus ganas de sumarte a nuestro equipo!
En Unimarc, estamos comprometidos con la implementación de un Sistema de Gestión de Igualdad de Género y conciliación, alineado con los estándares de la Nch:3262 vigente. Además, cumplimos con lo establecido en la ley N° 21.015, que promueve la igualdad de oportunidades en el ámbito laboral, por esta razón todas nuestras oportunidades laborales están abiertos a personas con discapacidad.",10,"Mayor de 18 años
Enseñanza media completa"
Jefe/a de Sala Retail - Rancagua,Otra Área,"Rancagua, Lib. Gral. Bdo. O'Higgins",Rancagua,Lib. Gral. Bdo. O'Higgins,2026-07-21,6103691,smu,2026-07-21,2026-08-08,0.3783,Asesor,Jornada Completa,SMU,Media,Chile,1 años,2026-08-20,https://smu.trabajando.cl/trabajo-empleo/jefe-a-de-sala-retail-rancagua/trabajo/6103691,Empresa de retail supermercaderista...,"Empresa de retail supermercaderista requiere contratatar ""Jefe/a de Sala"" para desempeñarse en nuestra sucursal ubicada en la comuna de Rancagua, Región de Ohiggins.
Dentro de sus funciones se encuentra el velar por la correcta operación del local, supervisando las secciones y orden de la sala de ventas. Entregar instrucciones a colaboradores en sala, autorizar procedimientos y documentación, controlar pedidos de las secciones realizando un doble control, administrar el local velando que se cumplan los procedimientos establecidos por la compañía.
Buscamos personas con conocimiento comprobable en Retail supermercaderista, gastos, adhesión a procesos, brecha, manejo de personal, entre otros.",1,"Enseñanza media completa
conocimiento comprobable en Retail supermercaderista, gastos, adhesión a procesos, brecha, manejo de personal, entre otros."
Aprendiz Jefe/a de Local VI Región  - $650.000.-,Otra Área,"Rancagua, Lib. Gral. Bdo. O'Higgins",Rancagua,Lib. Gral. Bdo. O'Higgins,2026-07-15,6102365,smu,2026-07-17,2026-09-06,0.3636,Otro Profesional,Jornada Completa,SMU,Técnico profesional superior,Chile,,2026-09-13,https://smu.trabajando.cl/trabajo-empleo/aprendiz-jefe-a-de-local-vi-region-650-000/trabajo/6102365,🚀 ¡Súmate a SMU y desarrolla tu carrera...,"🚀 ¡Súmate a SMU y desarrolla tu carrera como Jefe/a de Local!
En SMU buscamos personas con motivación por liderar equipos y crecer profesionalmente para participar en nuestro programa de formación Jefe/a de Local , orientado a nuestros distintos formatos de negocio en la VI Región.
A través de este programa, recibirás capacitación y entrenamiento práctico para adquirir las herramientas necesarias que te permitirán desempeñarte exitosamente en el cargo.
Al finalizar el proceso, estarás preparado/a para:
Coordinar y supervisar la operación integral del local.
Gestionar estándares de funcionamiento, abastecimiento y control de stock.
Liderar y administrar equipos de trabajo.
Contribuir al cumplimiento de metas operacionales y comerciales.
Velar por la eficiencia operativa y el cumplimiento de normas establecidas.
💡 Si te apasiona el liderazgo, el trabajo en equipo y quieres proyectarte en el rubro supermercadista, esta es tu oportunidad.
¡Postula y sé parte de SMU!",1,"-No requiere experiencia laboral.
-Título Técnico Superior / Profesional en Administración, Área Logística o carrera afín.
-Disponibilidad para trabajo en equipo.
¡¡Te estamos esperando!!"
Aprendiz Jefe/a de Local XVI Región  - $650.000.-,Otra Área,"Chillán, Ñuble",Chillán,Ñuble,2026-07-15,6102363,smu,2026-07-17,2026-09-06,0.3847,Otro Profesional,Jornada Completa,SMU,Técnico profesional superior,Chile,,2026-09-13,https://smu.trabajando.cl/trabajo-empleo/aprendiz-jefe-a-de-local-xvi-region-650-000/trabajo/6102363,🚀 ¡Súmate a SMU y desarrolla tu carrera...,"🚀 ¡Súmate a SMU y desarrolla tu carrera como Jefe/a de Local!
En SMU buscamos personas con motivación por liderar equipos y crecer profesionalmente para participar en nuestro programa de formación Jefe/a de Local , orientado a nuestros distintos formatos de negocio en la XVI Región.
A través de este programa, recibirás capacitación y entrenamiento práctico para adquirir las herramientas necesarias que te permitirán desempeñarte exitosamente en el cargo.
Al finalizar el proceso, estarás preparado/a para:
Coordinar y supervisar la operación integral del local.
Gestionar estándares de funcionamiento, abastecimiento y control de stock.
Liderar y administrar equipos de trabajo.
Contribuir al cumplimiento de metas operacionales y comerciales.
Velar por la eficiencia operativa y el cumplimiento de normas establecidas.
💡 Si te apasiona el liderazgo, el trabajo en equipo y quieres proyectarte en el rubro supermercadista, esta es tu oportunidad.
¡Postula y sé parte de SMU!",1,"-No requiere experiencia laboral.
-Título Técnico Superior / Profesional en Administración, Área Logística o carrera afín.
-Disponibilidad para trabajo en equipo.
¡¡Te estamos esperando!!"
Aprendiz Jefe/a de Local Región Metropolitana - $650.000.-,Otra Área,"Santiago, Metropolitana de Santiago",Santiago,Metropolitana de Santiago,2026-07-15,6102362,smu,2026-07-17,2026-09-06,0.3871,Otro Profesional,Jornada Completa,SMU,Técnico profesional superior,Chile,,2026-09-13,https://smu.trabajando.cl/trabajo-empleo/aprendiz-jefe-a-de-local-region-metropolitana-650-000/trabajo/6102362,🚀 ¡Súmate a SMU y desarrolla tu carrera...,"🚀 ¡Súmate a SMU y desarrolla tu carrera como Jefe/a de Local!
En SMU buscamos personas con motivación por liderar equipos y crecer profesionalmente para participar en nuestro programa de formación Jefe/a de Local , orientado a nuestros distintos formatos de negocio en la Región Metropolitana.
A través de este programa, recibirás capacitación y entrenamiento práctico para adquirir las herramientas necesarias que te permitirán desempeñarte exitosamente en el cargo.
Al finalizar el proceso, estarás preparado/a para:
Coordinar y supervisar la operación integral del local.
Gestionar estándares de funcionamiento, abastecimiento y control de stock.
Liderar y administrar equipos de trabajo.
Contribuir al cumplimiento de metas operacionales y comerciales.
Velar por la eficiencia operativa y el cumplimiento de normas establecidas.
💡 Si te apasiona el liderazgo, el trabajo en equipo y quieres proyectarte en el rubro supermercadista, esta es tu oportunidad.
¡Postula y sé parte de SMU!",1,"-No requiere experiencia laboral.
-Título Técnico Superior / Profesional en Administración, Área Logística o carrera afín.
-Disponibilidad para trabajo en equipo.
¡¡Te estamos esperando!!"
Aprendiz Jefe/a de Local V Región- $650.000.-,Otra Área,"Valparaíso, Valparaíso",Valparaíso,Valparaíso,2026-07-15,6102359,smu,2026-07-17,2026-09-06,0.3997,Otro Profesional,Jornada Completa,SMU,Técnico profesional superior,Chile,,2026-09-13,https://smu.trabajando.cl/trabajo-empleo/aprendiz-jefe-a-de-local-v-region-650-000/trabajo/6102359,🚀 ¡Súmate a SMU y desarrolla tu carrera...,"🚀 ¡Súmate a SMU y desarrolla tu carrera como Jefe/a de Local!
En SMU buscamos personas con motivación por liderar equipos y crecer profesionalmente para participar en nuestro programa de formación Jefe/a de Local , orientado a nuestros distintos formatos de negocio en la V Región.
A través de este programa, recibirás capacitación y entrenamiento práctico para adquirir las herramientas necesarias que te permitirán desempeñarte exitosamente en el cargo.
Al finalizar el proceso, estarás preparado/a para:
Coordinar y supervisar la operación integral del local.
Gestionar estándares de funcionamiento, abastecimiento y control de stock.
Liderar y administrar equipos de trabajo.
Contribuir al cumplimiento de metas operacionales y comerciales.
Velar por la eficiencia operativa y el cumplimiento de normas establecidas.
💡 Si te apasiona el liderazgo, el trabajo en equipo y quieres proyectarte en el rubro supermercadista, esta es tu oportunidad.
¡Postula y sé parte de SMU!",1,"-No requiere experiencia laboral.
-Título Técnico Superior / Profesional en Administración, Área Logística o carrera afín.
-Disponibilidad para trabajo en equipo.
¡¡Te estamos esperando!!"
Aprendiz Jefe/a de Local III Región- $650.000.-,Otra Área,"Copiapó, Atacama",Copiapó,Atacama,2026-07-15,6102358,smu,2026-07-17,2026-09-06,0.3943,Otro Profesional,Jornada Completa,SMU,Técnico profesional superior,Chile,,2026-09-13,https://smu.trabajando.cl/trabajo-empleo/aprendiz-jefe-a-de-local-iii-region-650-000/trabajo/6102358,🚀 ¡Súmate a SMU y desarrolla tu carrera...,"🚀 ¡Súmate a SMU y desarrolla tu carrera como Jefe/a de Local!
En SMU buscamos personas con motivación por liderar equipos y crecer profesionalmente para participar en nuestro programa de formación Jefe/a de Local , orientado a nuestros distintos formatos de negocio en la III Región.
A través de este programa, recibirás capacitación y entrenamiento práctico para adquirir las herramientas necesarias que te permitirán desempeñarte exitosamente en el cargo.
Al finalizar el proceso, estarás preparado/a para:
Coordinar y supervisar la operación integral del local.
Gestionar estándares de funcionamiento, abastecimiento y control de stock.
Liderar y administrar equipos de trabajo.
Contribuir al cumplimiento de metas operacionales y comerciales.
Velar por la eficiencia operativa y el cumplimiento de normas establecidas.
💡 Si te apasiona el liderazgo, el trabajo en equipo y quieres proyectarte en el rubro supermercadista, esta es tu oportunidad.
¡Postula y sé parte de SMU!",1,"-No requiere experiencia laboral.
-Título Técnico Superior / Profesional en Administración, Área Logística o carrera afín.
-Disponibilidad para trabajo en equipo.
¡¡Te estamos esperando!!"
Jefe(a) Desarrollo Inmobiliario,Otra Área,"Las Condes, Metropolitana de Santiago",Las Condes,Metropolitana de Santiago,2026-07-14,6102025,smu,2026-07-17,2026-08-08,0.3391,Jefe Área/Sección/Depto./Local,Jornada Completa,SMU,Universitaria,Chile,2 años,2026-08-13,https://smu.trabajando.cl/trabajo-empleo/jefe-a-desarrollo-inmobiliario/trabajo/6102025,En SMU queremos que te integres a nuestro...,"En SMU queremos que te integres a nuestro equipo de trabajo 🛒😀
Te invitamos a conocernos y unirte a nosotros. Ofrecemos un grato ambiente laboral, donde podrás desarrollarte y crecer de forma permanente, y además un espacio de cercanía y colaboración que distingue a nuestra Compañía.
En esta oportunidad estamos en búsqueda de un(a) Jefe(a) de Desarrollo Inmobiliario, quien será responsable de liderar la negociación de contratos de arriendo para tiendas nuevas de nuestros distintos formatos, haciendo seguimiento a la relación contractual y operativa con los desarrolladores externos para asegurar el cumplimiento de los compromisos contractuales establecidos en los proyectos de expansión aprobados.
Su rol incide en la etapa intermedia entre la aprobación del proyecto y su habilitación, interactuando con múltiples áreas internas y con desarrolladores externos. Es el responsable directo de la negociación de los términos contractuales y de velar por el cumplimiento de cada hito, representar a la compañía frente a los desarrolladores, y asegurar condiciones óptimas de entrega del inmueble, dentro de plazos y estándares definidos. Se espera una alta capacidad de gestión, análisis contractual y coordinación con equipos legales, técnicos y administrativos.
Sus principales funciones son:
Establecer los contratos de arriendo, negociando bajo los lineamientos definidos por la compañía para asegurar la firma de contratos dentro de plazos establecidos y bajo condiciones óptimas para SMU.
Liderar la relación contractual con los desarrolladores, siendo el representante de SMU frente a temas legales, técnicos y administrativos para asegurar una gestión fluida y alineada con los objetivos de la compañía durante toda la etapa de desarrollo del proyecto.
Realizar seguimiento riguroso a los hitos críticos del proyecto, tales como obtención de permisos, cumplimiento de plazos, entregables técnicos y contractuales para asegurar su avance conforme a cronograma, reducción de contingencias y entrega oportuna de los locales.
Coordinar con áreas internas (Legal, Ingeniería, Construcción, Arquitectura, Logística y Operaciones) para resolver observaciones, requisitos o definiciones propias del contrato de Arrendamiento para asegurar un flujo coordinado de información y cumplimiento eficiente de los requerimientos internos y externos.
Validar el cumplimiento de las condiciones contractuales en la entrega del local, incluyendo anexos técnicos y compromisos documentales, para asegurar la recepción conforme del local por parte del equipo de construcción de SMU, sin barreras para su habilitación.
Detectar desviaciones, riesgos o incumplimientos por parte de desarrolladores y activar alertas tempranas para su resolución, contribuyendo a la reducción de riesgos operativos y financieros para SMU.
Requisitos:
Título profesional en Arquitectura, Ingeniería Comercial o Construcción Civil. Se valorará formación complementaria en gestión de contratos, evaluación de proyectos o desarrollo inmobiliario.
Al menos 2 años de experiencia profesional en cargos relacionados con gestión inmobiliaria, administración de contratos o seguimiento de proyectos en el rubro retail o bien en empresas inmobiliarias o constructoras al servicio de empresas de retail.
Dominio de Microsoft Office (Excel, PowerPoint).
Manejo de AutoCAD.
¿Qué esperamos de tí?
Una alta capacidad de negociación y seguimiento contractual.
Visión estratégica y operativa.
Orientación a resultados y cumplimiento de plazos.
Habilidades para gestionar múltiples proyectos simultáneamente.
Comunicación efectiva con desarrolladores, equipos legales y técnicos.
Proactividad en la identificación y resolución de riesgos.
Disponibilidad para viajar dentro de Chile.
En SMU S.A. apoyamos y promovemos la Ley N°21.015 de Inclusión Laboral. Además nos encontramos certificados en la Norma Chilena NCh: 3262, de Gestión de igualdad de género y conciliación de la vida laboral, familiar y personal. Por esta razón queremos destacar que todas nuestras oportunidades laborales están abiertas a personas con discapacidad , y sin ningún tipo de distinción ni discriminación por género. En SMU, nos esforzamos por gestionar una ambiente inclusivo y equitativo para todas las personas.",1,"Título profesional en Arquitectura, Ingeniería Comercial o Construcción Civil. Se valorará formación complementaria en gestión de contratos, evaluación de proyectos o desarrollo inmobiliario.
Al menos 2 años de experiencia profesional en cargos relacionados con gestión inmobiliaria, administración de contratos o seguimiento de proyectos en el rubro retail o bien en empresas inmobiliarias o constructoras al servicio de empresas de retail.
Dominio de Microsoft Office (Excel avanzado, PowerPoint).
Manejo de AutoCAD."
Aprendiz Jefe/a de Local X Región- $650.000.-,Otra Área,"Osorno, Los Lagos",Osorno,Los Lagos,2026-07-14,6101941,smu,2026-07-17,2026-08-08,0.3918,Otro Profesional,Jornada Completa,SMU,Técnico profesional superior,Chile,,2026-08-13,https://smu.trabajando.cl/trabajo-empleo/aprendiz-jefe-a-de-local-x-region-650-000/trabajo/6101941,🚀 ¡Súmate a SMU y desarrolla tu carrera...,"🚀 ¡Súmate a SMU y desarrolla tu carrera como Jefe/a de Local!
En SMU buscamos personas con motivación por liderar equipos y crecer profesionalmente para participar en nuestro programa de formación Jefe/a de Local , orientado a nuestros distintos formatos de negocio en la X Región.
A través de este programa, recibirás capacitación y entrenamiento práctico para adquirir las herramientas necesarias que te permitirán desempeñarte exitosamente en el cargo.
Al finalizar el proceso, estarás preparado/a para:
Coordinar y supervisar la operación integral del local.
Gestionar estándares de funcionamiento, abastecimiento y control de stock.
Liderar y administrar equipos de trabajo.
Contribuir al cumplimiento de metas operacionales y comerciales.
Velar por la eficiencia operativa y el cumplimiento de normas establecidas.
💡 Si te apasiona el liderazgo, el trabajo en equipo y quieres proyectarte en el rubro supermercadista, esta es tu oportunidad.
¡Postula y sé parte de SMU!",1,"-No requiere experiencia laboral.
-Título Técnico Superior / Profesional en Administración, Área Logística o carrera afín.
-Disponibilidad para trabajo en equipo.
¡¡Te estamos esperando!!"
Aprendiz Jefe/a de Local XIV Región- $650.000.-,Otra Área,"Valdivia, Los Ríos",Valdivia,Los Ríos,2026-07-14,6101937,smu,2026-07-17,2026-08-08,0.386,Otro Profesional,Jornada Completa,SMU,Técnico profesional superior,Chile,,2026-08-13,https://smu.trabajando.cl/trabajo-empleo/aprendiz-jefe-a-de-local-xiv-region-650-000/trabajo/6101937,🚀 ¡Súmate a SMU y desarrolla tu carrera...,"🚀 ¡Súmate a SMU y desarrolla tu carrera como Jefe/a de Local!
En SMU buscamos personas con motivación por liderar equipos y crecer profesionalmente para participar en nuestro programa de formación Jefe/a de Local , orientado a nuestros distintos formatos de negocio en la XIV Región.
A través de este programa, recibirás capacitación y entrenamiento práctico para adquirir las herramientas necesarias que te permitirán desempeñarte exitosamente en el cargo.
Al finalizar el proceso, estarás preparado/a para:
Coordinar y supervisar la operación integral del local.
Gestionar estándares de funcionamiento, abastecimiento y control de stock.
Liderar y administrar equipos de trabajo.
Contribuir al cumplimiento de metas operacionales y comerciales.
Velar por la eficiencia operativa y el cumplimiento de normas establecidas.
💡 Si te apasiona el liderazgo, el trabajo en equipo y quieres proyectarte en el rubro supermercadista, esta es tu oportunidad.
¡Postula y sé parte de SMU!",1,"-No requiere experiencia laboral.
-Título Técnico Superior / Profesional en Administración, Área Logística o carrera afín.
-Disponibilidad para trabajo en equipo.
¡¡Te estamos esperando!!"
Aprendiz Jefe/a de Local VIII Región- $650.000.-,Otra Área,"Talcahuano, Biobío",Talcahuano,Biobío,2026-07-14,6101930,smu,2026-07-17,2026-08-08,0.369,Otro Profesional,Jornada Completa,SMU,Técnico profesional superior,Chile,,2026-08-13,https://smu.trabajando.cl/trabajo-empleo/aprendiz-jefe-a-de-local-viii-region-650-000/trabajo/6101930,🚀 ¡Súmate a SMU y desarrolla tu carrera...,"🚀 ¡Súmate a SMU y desarrolla tu carrera como Jefe/a de Local!
En SMU buscamos personas con motivación por liderar equipos y crecer profesionalmente para participar en nuestro programa de formación Jefe/a de Local , orientado a nuestros distintos formatos de negocio en la VIII Región.
A través de este programa, recibirás capacitación y entrenamiento práctico para adquirir las herramientas necesarias que te permitirán desempeñarte exitosamente en el cargo.
Al finalizar el proceso, estarás preparado/a para:
Coordinar y supervisar la operación integral del local.
Gestionar estándares de funcionamiento, abastecimiento y control de stock.
Liderar y administrar equipos de trabajo.
Contribuir al cumplimiento de metas operacionales y comerciales.
Velar por la eficiencia operativa y el cumplimiento de normas establecidas.
💡 Si te apasiona el liderazgo, el trabajo en equipo y quieres proyectarte en el rubro supermercadista, esta es tu oportunidad.
¡Postula y sé parte de SMU!",1,"-No requiere experiencia laboral.
-Título Técnico Superior / Profesional en Administración, Área Logística o carrera afín.
-Disponibilidad para trabajo en equipo.
¡¡Te estamos esperando!!"
Aprendiz Jefe/a de Local IX Región- $650.000.-,Otra Área,"Temuco, La Araucanía",Temuco,La Araucanía,2026-07-14,6101928,smu,2026-07-17,2026-08-08,0.3829,Otro Profesional,Jornada Completa,SMU,Técnico profesional superior,Chile,,2026-08-13,https://smu.trabajando.cl/trabajo-empleo/aprendiz-jefe-a-de-local-ix-region-650-000/trabajo/6101928,🚀 ¡Súmate a SMU y desarrolla tu carrera...,"🚀 ¡Súmate a SMU y desarrolla tu carrera como Jefe/a de Local!
En SMU buscamos personas con motivación por liderar equipos y crecer profesionalmente para participar en nuestro programa de formación Jefe/a de Local , orientado a nuestros distintos formatos de negocio en la IX Región.
A través de este programa, recibirás capacitación y entrenamiento práctico para adquirir las herramientas necesarias que te permitirán desempeñarte exitosamente en el cargo.
Al finalizar el proceso, estarás preparado/a para:
Coordinar y supervisar la operación integral del local.
Gestionar estándares de funcionamiento, abastecimiento y control de stock.
Liderar y administrar equipos de trabajo.
Contribuir al cumplimiento de metas operacionales y comerciales.
Velar por la eficiencia operativa y el cumplimiento de normas establecidas.
💡 Si te apasiona el liderazgo, el trabajo en equipo y quieres proyectarte en el rubro supermercadista, esta es tu oportunidad.
¡Postula y sé parte de SMU!",1,"-No requiere experiencia laboral.
-Título Técnico Superior / Profesional en Administración, Área Logística o carrera afín.
-Disponibilidad para trabajo en equipo.
¡¡Te estamos esperando!!"
Aprendiz Jefe/a de Local II Región- $650.000.-,Otra Área,"Calama, Antofagasta",Calama,Antofagasta,2026-07-14,6101925,smu,2026-07-17,2026-08-08,0.3809,Otro Profesional,Jornada Completa,SMU,Técnico profesional superior,Chile,,2026-08-13,https://smu.trabajando.cl/trabajo-empleo/aprendiz-jefe-a-de-local-ii-region-650-000/trabajo/6101925,🚀 ¡Súmate a SMU y desarrolla tu carrera...,"🚀 ¡Súmate a SMU y desarrolla tu carrera como Jefe/a de Local!
En SMU buscamos personas con motivación por liderar equipos y crecer profesionalmente para participar en nuestro programa de formación Jefe/a de Local , orientado a nuestros distintos formatos de negocio en la II Región.
A través de este programa, recibirás capacitación y entrenamiento práctico para adquirir las herramientas necesarias que te permitirán desempeñarte exitosamente en el cargo.
Al finalizar el proceso, estarás preparado/a para:
Coordinar y supervisar la operación integral del local.
Gestionar estándares de funcionamiento, abastecimiento y control de stock.
Liderar y administrar equipos de trabajo.
Contribuir al cumplimiento de metas operacionales y comerciales.
Velar por la eficiencia operativa y el cumplimiento de normas establecidas.
💡 Si te apasiona el liderazgo, el trabajo en equipo y quieres proyectarte en el rubro supermercadista, esta es tu oportunidad.
¡Postula y sé parte de SMU!",1,"-No requiere experiencia laboral.
-Título Técnico Superior / Profesional en Administración, Área Logística o carrera afín.
-Disponibilidad para trabajo en equipo.
¡¡Te estamos esperando!!"
Aprendiz Jefe/a de Local XII Región- $650.000.-,Otra Área,"Punta Arenas, Magallanes y Antártica Chilena",Punta Arenas,Magallanes y Antártica Chilena,2026-07-14,6101921,smu,2026-07-17,2026-08-08,0.4009,Otro Profesional,Jornada Completa,SMU,Técnico profesional superior,Chile,,2026-08-13,https://smu.trabajando.cl/trabajo-empleo/aprendiz-jefe-a-de-local-xii-region-650-000/trabajo/6101921,🚀 ¡Súmate a SMU y desarrolla tu carrera...,"🚀 ¡Súmate a SMU y desarrolla tu carrera como Jefe/a de Local!
En SMU buscamos personas con motivación por liderar equipos y crecer profesionalmente para participar en nuestro programa de formación Jefe/a de Local , orientado a nuestros distintos formatos de negocio en la XII Región.
A través de este programa, recibirás capacitación y entrenamiento práctico para adquirir las herramientas necesarias que te permitirán desempeñarte exitosamente en el cargo.
Al finalizar el proceso, estarás preparado/a para:
Coordinar y supervisar la operación integral del local.
Gestionar estándares de funcionamiento, abastecimiento y control de stock.
Liderar y administrar equipos de trabajo.
Contribuir al cumplimiento de metas operacionales y comerciales.
Velar por la eficiencia operativa y el cumplimiento de normas establecidas.
💡 Si te apasiona el liderazgo, el trabajo en equipo y quieres proyectarte en el rubro supermercadista, esta es tu oportunidad.
¡Postula y sé parte de SMU!",1,"-No requiere experiencia laboral.
-Título Técnico Superior / Profesional en Administración, Área Logística o carrera afín.
-Disponibilidad para trabajo en equipo.
¡¡Te estamos esperando!!"
Gerente/a - Administrador/a Local Retail Los Andes,Otra Área,"Los Andes, Valparaíso",Los Andes,Valparaíso,2026-07-13,6101142,smu,2026-07-17,2026-08-08,0.4909,Administrador,Jornada Completa,SMU,Técnico medio/ colegio técnico,Chile,1 años,2026-12-08,https://smu.trabajando.cl/trabajo-empleo/gerente-a-administrador-a-local-retail-los-andes/trabajo/6101142,Cadena de Retail supermercadista requiere...,"Cadena de Retail supermercadista requiere contratar 'Administrador/a' para una de sus sucursales ubicadas en la comuna de Los Andes, Region de Valparaiso.
Su principal objetivo será planificar, coordinar y controlar el proceso de entrega del servicio a nuestros clientes para cumplir con las metas de ingresos, gastos y resultados de la tienda de su responsabilidad, asegurando la ejecución de los estándares operacionales, de seguridad, calidad y gestión del equipo definidos por el supermercado.
Importante: -Experiencia como Administrador, Sub-Administrador, Gerente de tienda, etc. en cadenas de Retail supermercadista. -Residencia en la zona. Ofrecemos: -Estabilidad laboral. -Beneficios asociados. -Bonos complementarios. -Seguro de salud.
Requisitos:
Título Técnico de Nivel Superior o Universitario en áreas de Administración, Logística o afines.
Experiencia de al menos 2 años liderando equipos de trabajo en empresas de retail, logistica (construcción), consumo masivo, entre otras.
Promovemos la Ley 21.015 de Inclusión Laboral, por esta razón todas nuestras oportunidades laborales están abiertos a personas con discapacidad.",1,"Título Técnico de Nivel Superior o Universitario en áreas de Administración, Logística o afines.
Experiencia de al menos 2 años liderando equipos de trabajo en empresas de retail, logistica (construcción), consumo masivo, entre otras."
Arquitecto(a) Coordinador(a) de Permisos,Otra Área,"Las Condes, Metropolitana de Santiago",Las Condes,Metropolitana de Santiago,2026-07-13,6101131,smu,2026-07-17,2026-08-08,0.3633,Especialista,En terreno,SMU,Universitaria,Chile,2 años,2026-12-08,https://smu.trabajando.cl/trabajo-empleo/arquitecto-a-coordinador-a-de-permisos/trabajo/6101131,En SMU queremos que te integres a nuestro...,"En SMU queremos que te integres a nuestro equipo de trabajo. Te invitamos a conocernos y unirte a nosotros. Ofrecemos un grato ambiente laboral, donde podrás desarrollarte y crecer de forma permanente, y además un espacio de cercanía y colaboración que distingue a nuestra Compañía.
En esta oportunidad estamos en búsqueda de un Arquitecto(a) Coordinador(a) de Permisos, quien tendrá la misión de coordinar, tramitar y mantener los permisos inmobiliarios de todos los locales, tiendas y/o centros de distribución de la compañía para velar por la correcta ejecución de todos los procedimientos de la compañía, identificando riesgos y oportunidades en cada requerimiento de formatos, el plan y lineamiento de la compañía para aperturas y/o remodelaciones.
Dentro de sus principales funciones, deberá coordinar y gestionar la tramitación de expedientes municipales en distintas direcciones de obras u otras entidades públicas, además de velar por el cumplimiento normativo de las propuestas de los proyectos de diseño, arquitectura, layout, mobiliario y equipamiento, asegurando y controlando la aplicación del estándar y plazos de los proyectos, cumpliendo los requerimientos del formato, el plan y lineamiento de la compañía para aperturas y/o remodelaciones.
Requisitos mínimos:
Título de Arquitectura.
Experiencia mínima de 2 años en retail, o como Revisor(a) Municipal o 3 años en proyectos de otro rubro.
Deseable experiencia en Municipalidades (Dirección de Obras).
Licencia de conducir clase B vigente.
Disponibilidad para trabajar en terreno a nivel nacional.
¡No te pierdas la oportunidad de trabajar en un gran equipo!
En SMU trabajamos por gestionar un ambiente inclusivo y equitativo para todas las personas. Apoyamos y promovemos la Ley N°21.015 de Inclusión Laboral y estamos certificados en la Norma Chilena NCh:3262, de Gestión de igualdad de género y conciliación de la vida laboral, familiar y personal, por lo que todas nuestras oportunidades laborales están abiertas a la participación universal de personas, indistintamente de su género o condición de discapacidad.",2,"Título de Arquitectura.
Experiencia mínima de 2 años en retail, o como Revisor(a) Municipal o 3 años en proyectos de otro rubro.
Deseable experiencia en Municipalidades (Dirección de Obras).
Licencia de conducir clase B vigente.
Disponibilidad para trabajar en terreno a nivel nacional."
Analista QA - Experiencia en E-Commerce,Otra Área,"Las Condes, Metropolitana de Santiago",Las Condes,Metropolitana de Santiago,2026-07-13,6101541,smu,2026-07-17,2026-08-08,0.397,Analista,Jornada Completa,SMU,Universitaria,Chile,2 años,2026-12-08,https://smu.trabajando.cl/trabajo-empleo/analista-qa-experiencia-en-e-commerce/trabajo/6101541,En SMU queremos que te integres a nuestro...,"En SMU queremos que te integres a nuestro equipo de trabajo. Te invitamos a conocernos y unirte a nosotros. Ofrecemos un grato ambiente laboral, donde podrás desarrollarte y crecer de forma permanente, y además un espacio de cercanía y colaboración que distingue a nuestra Compañía.
En esta oportunidad estamos en búsqueda de un(a) Analista QA, quien tendrá la misión de realizar las actividades de control y verificación sobre la ejecución de los escenarios de pruebas en los distintos productos digitales, para lograr la correcta certificación de los procesos de negocio y la identificación de defectos, antes de la puesta en producción de nuevas soluciones tecnológicas.
Sus funciones serán:
Ejecutar los planes de pruebas, de manera que queden resgistrados en las plataformas de control correspondientes, para lograr la certificación de las soluciones tecnológicas siguiendo las buenas prácticas del área.
Realizar la gestión de los defectos encontrados durante las etapas de certificación para lograr la corrección de los errores encontrados para minimizar los impactos durante la salida en vivo.
Realizar la coordinación de los distintos equipos que participan en las pruebas de certificación, para lograr que las pruebas se ejecuten dentro de los plazos establecidos.
Ejecutar la generación de reportes de estado de las pruebas y defectos para mantener informadas a todas las personas interesadas sobre el estado de las pruebas.
Ejecutar las tareas de automatización de los escenarios de prueba para contribuir en la reducción de tiempos y errores en los ciclos de pruebas.
Condiciones y beneficios
Modalidad de trabajo 100% presencial en Las Condes
Jornada 40 hrs. semanales
Seguro de salud y dental
Descuentos en compras
Entre otros
Requisitos:
Título de Ingeniería en Informática o similar
Al menos 2 años de experiencia de QA en células ágiles, implementando soluciones de e-commerce.
Conocimientos sobre el ciclo de vida de pruebas
Conocimientos en: herramienta de gestión de defectos, herramientas de automatización, Scrum, kanban, framework de desarrollo, CI/CD
¡No te pierdas la oportunidad de trabajar en un gran equipo!
En SMU trabajamos por gestionar un ambiente inclusivo y equitativo para todas las personas. Apoyamos y promovemos la Ley N°21.015 de Inclusión Laboral y estamos certificados en la Norma Chilena NCh:3262, de Gestión de igualdad de género y conciliación de la vida laboral, familiar y personal, por lo que todas nuestras oportunidades laborales están abiertas a la participación universal de personas, indistintamente de su género o condición de discapacidad.",1,"Título de Ingeniería en Informática o similar
Al menos 2 años de experiencia de QA en células ágiles, implementando soluciones de e-commerce.
Conocimientos sobre el ciclo de vida de pruebas
Conocimientos en: herramienta de gestión de defectos, herramientas de automatización, Scrum, kanban, framework de desarrollo, CI/CD
Disponibilidad para trabajar en modalidad presencial en Las Condes, RM"
Analista Control de Gestión,Otra Área,"Las Condes, Metropolitana de Santiago",Las Condes,Metropolitana de Santiago,2026-07-10,6100677,smu,2026-07-17,2026-09-06,0.3679,Analista,Jornada Completa,SMU,Universitaria,Chile,,2026-08-09,https://smu.trabajando.cl/trabajo-empleo/analista-control-de-gestion/trabajo/6100677,¿Quieres formar parte de la red de...,"¿Quieres formar parte de la red de Supermercados más grande de Chile? 😀
En SMU queremos que te integres a nuestro equipo de trabajo. Te invitamos a conocernos y unirte a nosotros. Ofrecemos un grato ambiente laboral, donde podrás desarrollarte y crecer de forma permanente, y además un espacio de cercanía y colaboración que distingue a nuestra Compañía. En esta oportunidad estamos en búsqueda de un/a nuevo/a Analista Control de Gestión quien será responsable de la generación de herramientas de gestión, entregando información confiable y oportuna, proponiendo planes de acción que permitan mejorar los resultados de la división.
Entre sus funciones estarán:
Recopilar, procesar y analizar datos financieros y operativos.
Elaborar informes de gestión que reflejen el desempeño de las áreas de ventas y costos.
Participar en la elaboración y seguimiento del presupuesto anual.
Monitorear desviaciones, proponer acciones correctivas y proyectar.
Preparar reportes periódicos sobre indicadores de rendimiento (KPI) y métricas relevantes.
Realizar presentaciones para la alta dirección y otros departamentos.
Identificar oportunidades de mejora en procesos operativos y financieros.
Colaborar con equipos multidisciplinarios para implementar soluciones
Requisitos:
Título de Ingeniería Comercial, Civil o en Administración, Contabilidad, Finanzas o carreras afines.
Deseable Experiencia previa en control de gestión.
Conocimientos Intermedio-Avanzado en Office, SAP y herramientas de análisis de datos.
Habilidades analíticas y de resolución de problemas.
Capacidad para trabajar en equipo y comunicarse efectivamente.
Condiciones y Beneficios
Estabilidad laboral
Seguros complementarios de salud y dental
Medidas de conciliación laboral-personal
Entre otros
Esperamos tu postulación!!!
En SMU trabajamos por gestionar un ambiente inclusivo y equitativo para todas las personas. Apoyamos y promovemos la Ley N°21.015 de Inclusión Laboral y estamos certificados en la Norma Chilena NCh: 3262, de Gestión de igualdad de género y conciliación de la vida laboral, familiar y personal, por lo que todas nuestras oportunidades laborales están abiertas a la participación universal de personas, indistintamente de su género o condición de discapacidad.",1,"Título de Ingeniería Comercial, Civil o en Administración, Contabilidad, Finanzas o carreras afines.
Deseable Experiencia previa en control de gestión.
Conocimientos Intermedio-Avanzado en Office, SAP y herramientas de análisis de datos.
Habilidades analíticas y de resolución de problemas.
Capacidad para trabajar en equipo y comunicarse efectivamente."
Auditor/a de Calidad e Inocuidad Alimentaria (Terreno),Otra Área,"Santiago, Metropolitana de Santiago",Santiago,Metropolitana de Santiago,2026-07-10,6100797,smu,2026-07-17,2026-07-23,0.3629,Otro Profesional,Jornada Completa,SMU,Técnico profesional superior,Chile,2 años,2026-09-08,https://smu.trabajando.cl/trabajo-empleo/auditor-a-de-calidad-e-inocuidad-alimentaria-terreno/trabajo/6100797,¿Quieres formar parte de la red de Supermercados...,"¿Quieres formar parte de la red de Supermercados más grande de Chile? 🛒
En ECOS (Escuela de Capacitación de Oficios Supermercadista), parte de SMU, buscamos incorporar a nuestro equipo a un/a Auditor/a de Calidad e Inocuidad Alimentaria (Entrenador Integral).
Si cuentas con experiencia en calidad alimentaria, auditorías operacionales y capacitación en terreno, y tienes disponibilidad para viajar a distintas regiones del país, ¡te invitamos a postular!
¿Cuál será tu principal desafío?Evaluar en terreno el cumplimiento de los procesos operacionales de la compañía, identificando oportunidades de mejora en ámbitos como calidad, inocuidad, servicio y prevención de pérdidas. Además, deberás capacitar y acompañar a los equipos para fortalecer los estándares operacionales, viajando a distintas sucursales del país de acuerdo con las necesidades del negocio.
¿Qué harás?Realizar auditorías y evaluaciones en terreno para verificar el cumplimiento de los procesos operacionales y los estándares de la compañía.
Identificar brechas y oportunidades de mejora relacionadas con calidad, inocuidad, servicio, mermas y otros indicadores operacionales.
Registrar información y evidencias de las visitas realizadas para elaborar diagnósticos e informes.
Elaborar reportes con resultados y propuestas de mejora.
Diseñar e impartir capacitaciones y entrenamientos en terreno para fortalecer los estándares operacionales.
Evaluar la efectividad de las capacitaciones implementadas.
Acompañar a los equipos en la implementación y seguimiento de planes de mejora.
¿Qué buscamos?Título Técnico o Profesional en Ingeniería en Alimentos, Tecnología en Alimentos, Calidad, Administración o carrera afín.
Al menos 1 a 2 años de experiencia en cargos relacionados con calidad, inocuidad alimentaria, auditorías operacionales o capacitación en terreno.
Conocimientos en BPM y HACCP (excluyente).
Disponibilidad para trabajar en terreno.
Disponibilidad para realizar viajes frecuentes a cualquier región del país, según los requerimientos del negocio (excluyente).
¿Por qué trabajar con nosotros?Serás parte de una organización líder en retail, contribuyendo directamente a fortalecer los estándares de calidad e inocuidad de nuestras operaciones. Tendrás la oportunidad de recorrer distintas sucursales del país, trabajar junto a diversos equipos y generar un impacto real en la mejora continua de los procesos.
¡Esperamos tu postulación!
En SMU S.A. apoyamos y promovemos la Ley N° 21.015 de Inclusión Laboral. Además, contamos con la certificación en la Norma Chilena NCh 3262 de Gestión de Igualdad de Género y Conciliación de la Vida Laboral, Familiar y Personal. Todas nuestras oportunidades laborales están abiertas a personas con discapacidad, sin ningún tipo de distinción o discriminación.",1,Disponibilidad para trabajar en terreno en la RM.
Supervisor(a) de Mantenimiento - RM (Plazo Fijo),Otra Área,"Santiago, Metropolitana de Santiago",Santiago,Metropolitana de Santiago,2026-07-09,6100427,smu,2026-07-17,2026-08-08,0.3593,Supervisor,En terreno,SMU,Universitaria,Chile,3 años,2026-08-08,https://smu.trabajando.cl/trabajo-empleo/supervisor-a-de-mantenimiento-rm-plazo-fijo/trabajo/6100427,¿Quieres formar parte de la red de...,"¿Quieres formar parte de la red de Supermercados más grande de Chile?😀
En SMU queremos que te integres a nuestro equipo de trabajo. Te invitamos a conocernos y unirte a nosotros. Ofrecemos un grato ambiente laboral, donde podrás desarrollarte y crecer de forma permanente, y además un espacio de cercanía y colaboración que distingue a nuestra Compañía.
En esta oportunidad estamos en búsqueda de un(a) Supervisor(a) de Mantenimiento, quien será responsable de administrar, optimizar y supervisar los recursos destinados al área de mantenimiento en un grupo de locales de la Región Metropolitana, asegurando la debida confiabilidad y disponibilidad de activos e instalaciones para el normal desarrollo de las tareas propias del rubro. Gran énfasis en excelencia de servicio al cliente interno y asesoramiento en temas que contengan criterio técnico.
Dentro de sus principales funciones estarán:
Administrar solicitudes de mantenimiento de los locales que administra.
Generar y gestionar en su zona el presupuesto de OPEX de mantenimientos preventivos y correctivos
Levantar y proponer requerimientos por Capex y velar por su correcta ejecución.
Asegurar la disponibilidad de activos e instalaciones, para el normal desarrollo de las tareas propias de Operaciones.
Administrar y optimizar recursos asignados, alineado con las prioridades del área de Operaciones.
Asesoramiento técnico al área de Operaciones en temas de mantenimiento y Mejoras Operacionales, sugiriendo soluciones eficientes.
Asegurar adecuados canales de comunicación entre Operaciones, equipo interno, Jefaturas y Proveedores.
Mantener informado sobre temas mas relevantes.
Liderar la resolución de problemas en la operación, buscando soluciones inmediatas y promoviendo al análisis de causa raíz, para evitar la recurrencia de problemas
Supervisión y Auditoria técnica de trabajos ejecutados tanto por personar externo, como interno
Gestionar órdenes de compra y mantener actualizada la información.
Asegurar una cartera de proveedores en su zona, que cubra todas las necesidades de servicio del área de mantenimiento
Condiciones:
Se ofrece contrato a plazo fijo de duración equivalente a licencia de titular, con posibilidad de extensión dependiendo de las necesidades del área y desempeño.
Trabajo en terreno en un grupo de locales asignados en la Región Metropolitana.
Contrato con art. 22°.
En caso de contar con movilización propia, se rinden gastos en combustible.
Esperamos tu postulación!!!
En SMU S.A. apoyamos y promovemos la Ley N°21.015 de Inclusión Laboral. Además nos encontramos certificados en la Norma Chilena NCh: 3262, de Gestión de igualdad de género y conciliación de la vida laboral, familiar y personal. Por esta razón queremos destacar que todas nuestras oportunidades laborales están abiertas a personas con discapacidad , y sin ningún tipo de distinción ni discriminación por género. En SMU, nos esforzamos por gestionar una ambiente inclusivo y equitativos para todas las personas.",1,"Titulado/a de Ingeniería en Mantenimiento, Mecánica, Industrial, Eléctrica, Refrigeración o Aire Acondicionado
Experiencia en mantenimiento de inmuebles, instalaciones y activos productivos
Al menos 2 años de experiencia en mantenimiento de insfraestructura en rol de supervisor(a)
Manejo de Microsoft Excel básico-intermedio
Deseable manejo en SAP
Deseable contar con movilización propia
Residencia en la Región Metropolitana"
Analista Clientes,Otra Área,"Las Condes, Metropolitana de Santiago",Las Condes,Metropolitana de Santiago,2026-07-09,6100041,smu,2026-07-17,2026-08-08,0.3878,Analista,Jornada Completa,SMU,Universitaria,Chile,1 años,2026-08-08,https://smu.trabajando.cl/trabajo-empleo/analista-clientes/trabajo/6100041,¿Quieres formar parte de la red de...,"¿Quieres formar parte de la red de Supermercados más grande de Chile? 😀
Queremos que te integres a nuestro equipo de trabajo. Te invitamos a conocernos y unirte a nosotros. Ofrecemos un grato ambiente laboral, donde podrás desarrollarte y crecer de forma permanente, y además un espacio de cercanía y colaboración que distingue a nuestra Compañía.
En esta oportunidad estamos en búsqueda de un(a) Analista de Clientes, quien será responsable de realizar la entrega de un servicio de atención al cliente en base a los lineamientos y estándares definidos, y según se ajuste a la visión de SMU para sus canales digitales, aportando en los objetivos de buscar la diferenciación por el servicio, en beneficio de nuestros clientes.
Dentro de sus principales funciones estarán:
- Realizar la gestión resolutiva de reclamos de Calidad, Marketing, Sitio Web.
- Realizar gestiones de contactar a los a los clientes, según sea requerido por el área
- Mayor habilidad y conocimiento del equipo para resolver problemas de los clientes de manera eficaz.
- Realizar y coordinar el seguimiento y monitoreo de casos críticos recibidos, con áreas involucradas, así también levantar a Operaciones tienda problemas.
- Registrar y analizar casos de clientes que podrían estar abusando de las compensaciones por servicio.
- Mantención de sus casos al día.
- Velar por la respuesta oportuna de áreas internas que impacten la gestión diaria.
Requisitos:
- Título técnico o profesional en carreras relacionadas con administración, relaciones públicas, comunicación o similar.
- 1-2 años de experiencia en supervisión o liderazgo de equipos y atención al cliente.
- Dominio de Microsoft Office u otras herramientas de productividad.
- Conocimiento de herramientas y sistemas de gestión de clientes (CRM).
🌟Es un plus, si cuentas con conocimiento en plataforma del Sernac🌟
Esperamos tu postulación!!!
En SMU S.A. apoyamos y promovemos la Ley N°21.015 de Inclusión Laboral. Además nos encontramos certificados en la Norma Chilena NCh: 3262, de Gestión de igualdad de género y conciliación de la vida laboral, familiar y personal. Por esta razón queremos destacar que todas nuestras oportunidades laborales están abiertas a personas con discapacidad , y sin ningún tipo de distinción ni discriminación por género. En SMU, nos esforzamos por gestionar una ambiente inclusivo y equitativos para todas las personas.",1,"Requisitos:
- Título técnico o profesional en carreras relacionadas con administración, relaciones públicas, comunicación o similar.
- 1-2 años de experiencia en supervisión o liderazgo de equipos y atención al cliente.
- Dominio de Microsoft Office u otras herramientas de productividad.
- Conocimiento de herramientas y sistemas de gestión de clientes (CRM).
🌟Es un plus, si cuentas con conocimiento en plataforma del Sernac🌟"
Brand Manager - Experiencia en retail o consumo masivo,Otra Área,"Las Condes, Metropolitana de Santiago",Las Condes,Metropolitana de Santiago,2026-07-09,6100003,smu,2026-07-17,2026-08-08,0.3955,Especialista,Jornada Completa,SMU,Universitaria,Chile,3 años,2026-08-08,https://smu.trabajando.cl/trabajo-empleo/brand-manager-experiencia-en-retail-o-consumo-masivo/trabajo/6100003,¿Quieres formar parte de la red de...,"¿Quieres formar parte de la red de Supermercados más grande de Chile?😃
En SMU queremos que te integres a nuestro equipo de trabajo. Te invitamos a conocernos y unirte a nosotros. Ofrecemos un grato ambiente laboral, donde podrás desarrollarte y crecer de forma permanente, y además un espacio de cercanía y colaboración que distingue a nuestra Compañía.
En esta oportunidad estamos en búsqueda de un/a Brand Manager, quien será responsable de liderar la planificación y ejecución de campañas de marketing, velando por la correcta implementación de los lineamientos comunicacionales de la compañía y la coordinación del plan promocional, con el fin de fortalecer el posicionamiento y valor de la marca en el mercado.
Principales funciones:
Gestionar y supervisar las diferentes iniciativas y recursos de marketing asociados a las campañas bajo su responsabilidad, asegurando el cumplimiento de los objetivos definidos y el alineamiento con las políticas de la compañía.
Liderar el desarrollo de planes comunicacionales, participando en la revisión de briefs, piezas creativas, acciones promocionales y planificación de medios tanto online como offline, resguardando la coherencia de la imagen de marca.
Coordinar con las áreas digital, comercial y logística la implementación de las campañas en los distintos puntos de venta, asegurando una correcta ejecución y visibilidad de la marca.
Realizar análisis posteriores a cada campaña, identificando aprendizajes, oportunidades de mejora y nuevas propuestas que permitan optimizar las estrategias de marketing.
Requisitos:
Título profesional de Ingeniería Comercial, Ingeniería Industrial o carreras afines.
Experiencia laboral de al menos 2 a 3 años en posiciones similares en retail o consumo masivo
Disponibilidad para trabajar en modalidad full presencial en Santiago
Condiciones y beneficios
40 hrs. semanales
Modalidad full presencial
Seguro de salud y dental
Descuentos en compras
Medidas de conciliación
Entre otros
Postula aquí, ¡te estamos esperando!
En SMU S.A. apoyamos y promovemos la Ley N°21.015 de Inclusión Laboral. Además nos encontramos certificados en la Norma Chilena NCh: 3262, de Gestión de igualdad de género y conciliación de la vida laboral, familiar y personal. Por esta razón, todas nuestras oportunidades laborales están abiertas a personas con discapacidad, sin ningún tipo de distinción ni discriminación por género. En SMU, nos esforzamos por gestionar un ambiente inclusivo y equitativo para todas las personas.",1,"Título profesional de Ingeniería Comercial, Ingeniería Industrial o carreras afines.
Experiencia laboral de al menos 2 a 3 años en posiciones similares en retail o consumo masivo
Disponibilidad para trabajar en modalidad full presencial en Santiago"
Analista Capacity Planning & Quality,Otra Área,"Las Condes, Metropolitana de Santiago",Las Condes,Metropolitana de Santiago,2026-07-08,6099591,smu,2026-07-17,2026-09-06,0.4266,Analista,Jornada Completa,SMU,Universitaria,Chile,2 años,2026-06-09,https://smu.trabajando.cl/trabajo-empleo/analista-capacity-planning-quality/trabajo/6099591,¿Quieres formar parte de la red de...,"¿Quieres formar parte de la red de Supermercados más grande de Chile? 😀
En SMU queremos que te integres a nuestro equipo de trabajo. Te invitamos a conocernos y unirte a nosotros. Ofrecemos un grato ambiente laboral, donde podrás desarrollarte y crecer de forma permanente, y además un espacio de cercanía y colaboración que distingue a nuestra Compañía.
En esta oportunidad estamos en búsqueda de un/a nuevo/a Analista Capacity Planning & Quality, quien será responsable de asistir y ejecutar la planificación de la capacidad operacional del canal E-Commerce de nuestros formatos, velando por la disponibilidad de recursos logísticos necesarios para satisfacer la demanda proyectada. Tendrá un importante rol en la gestión de los indicadores de calidad y servicio del ciclo completo de fulfillment desde la recepción de la orden hasta la entrega al cliente final de cara a la eficiencia operacional y rentabilidad del canal digital, con foco en los indicadores On-Time, Found Rate, Tasa de Reclamo, NPS, EPA y el ratio Costo/Venta.
Entre sus funciones estarán:
Modelar y optimizar la capacidad de despacho según distintos modelos de fulfillment (Darkstore, Greystore, tiendas híbridas), ajustando dotación de pickers, shoppers y drivers a la demanda proyectada, para velar por la disponibilidad de recursos alineada a la curva de ventas, maximizando la oferta de slots al cliente sin comprometer el ratio Costo/Venta.
Diseñar polígonos de cobertura geográfica y modelos de despacho de última milla para aportar a que las operaciones de nuestros formatos E-Commerce tengan una cobertura de despacho acorde a estándares de eficiencia (ampliada, con menor costo por entrega y mayor tasa de On-Time).
Analizar ventanas de despacho y pérdidas de venta por capacidad (por hora, día, semana y cobertura), identificando cuellos de botella y oportunidades de mejora para aportar a la reducción de ventas perdidas por restricciones operacionales e incremento sostenido del índice On-Time.
Desarrollar y gestionar los KPIs de calidad del negocio: On-Time, Found Rate, Tasa de Reclamo, NPS, EPA y ratio Costo/Venta, generando alertas y planes de acción ante desviaciones, para aportar a la mejora continua del servicio al cliente y al control de la rentabilidad operacional del canal eCommerce.
Apoyar la implementación operacional de nuevas tiendas con canal E-Commerce habilitado, validando configuraciones en VTEX, Janis Picking y driv.in, para lograr un Onboarding exitoso de tiendas con flujos integrados y operativos en los plazos definidos.
Elaborar dashboards operacionales en Metabase y Power BI; explotar bases de datos mediante DBeaver, BigQuery y SQL para análisis ad-hoc y detección de oportunidades.
Modelar la eficiencia del proceso de picking y optimizar la asignación de recursos según proyección de demanda, integrando los sistemas de gestión de la operación para aportar a la mejora del EPA (Eficiencia del Proceso de Armado) y reducción de tiempos de preparación de pedidos.
Requisitos:
Título en Ingeniería Civil Industrial, Ingeniería en Control Gestión o similares.
Al menos 2 años de experiencia en cargos afines en operaciones eCommerce, logística, supply chain, áreas de planificación o control de gestión. Deseable experiencia en operaciones de última milla o gestión de polígonos de cobertura.
Manejo de Excel a nivel intermedio-avanzado.
Manejo de Power BI o Tableau.
Disponibilidad para trabajar en modalidad full presencial en Las Condes, RM.
***Será un plus si además de cumplir con los requisitos anteriores cuentas con manejo de SQL y bases de datos relacionales (DBeaver, BigQuery, PostgreSQL) y Python o herramientas de análisis avanzado de datos, Google BigQuery, Metabase.***
Esperamos tu postulación!!!
En SMU trabajamos por gestionar un ambiente inclusivo y equitativo para todas las personas. Apoyamos y promovemos la Ley N°21.015 de Inclusión Laboral y estamos certificados en la Norma Chilena NCh: 3262, de Gestión de igualdad de género y conciliación de la vida laboral, familiar y personal, por lo que todas nuestras oportunidades laborales están abiertas a la participación universal de personas, indistintamente de su género o condición de discapacidad.",1,"Título en Ingeniería Civil Industrial, Ingeniería en Control Gestión o similares.
Al menos 2 años de experiencia en cargos afines en operaciones eCommerce, logística, supply chain, áreas de planificación o control de gestión. Deseable experiencia en operaciones de última milla o gestión de polígonos de cobertura.
Manejo de Excel a nivel intermedio-avanzado.
Manejo de Power BI o Tableau.
Disponibilidad para trabajar en modalidad full presencial en Las Condes, RM.
***Será un plus si además de cumplir con los requisitos anteriores cuentas con manejo de SQL y bases de datos relacionales (DBeaver, BigQuery, PostgreSQL) y Python o herramientas de análisis avanzado de datos, Google BigQuery, Metabase.***"
Jefe/a Sala ventas Retail- Temuco,Otra Área,"Temuco, La Araucanía",Temuco,La Araucanía,2026-07-08,6099860,smu,2026-07-17,2026-08-08,0.4246,Asesor,Jornada Completa,SMU,Media,Chile,1 años,2026-07-08,https://smu.trabajando.cl/trabajo-empleo/jefe-a-sala-ventas-retail-temuco/trabajo/6099860,Empresa de retail supermercaderista...,"Empresa de retail supermercaderista requiere contratatar ""Jefe/a sala"" para desempeñarse en nuestra sucursal ubicada en la comuna de Temuco, Región de la Araucania.
Dentro de sus funciones se encuentra el velar por la correcta operación del local, supervisando las secciones y orden de la sala de ventas. Entregar instrucciones a colaboradores en sala, autorizar procedimientos y documentación, controlar pedidos de las secciones realizando un doble control, administrar el local velando que se cumplan los procedimientos establecidos por la compañía.
Buscamos personas con conocimiento comprobable en Retail, gastos, adhesión a procesos, brecha, manejo de personal, entre otros.
Apoyamos y promovemos la Ley 21.015 de Inclusión Laboral, por esta razón todas nuestras oportunidades laborales están abiertas a personas con discapacidad.",1,"Enseñanza media completa
Buscamos personas con conocimiento comprobable en Retail, gastos, adhesión a procesos, brecha, manejo de personal, entre otros."
Jefe/a Sala ventas Retail- La Cisterna,Otra Área,"La Cisterna, Metropolitana de Santiago",La Cisterna,Metropolitana de Santiago,2026-07-08,6099695,smu,2026-07-17,2026-08-08,0.3977,Asistente,Jornada Completa,SMU,Media,Chile,1 años,2026-07-08,https://smu.trabajando.cl/trabajo-empleo/jefe-a-sala-ventas-retail-la-cisterna/trabajo/6099695,Empresa de retail supermercaderista...,"Empresa de retail supermercaderista requiere contratatar ""Jefe/a sala"" para desempeñarse en nuestra sucursal ubicada en la comuna de La Cisterna, Región Metropolitana.
Dentro de sus funciones se encuentra el velar por la correcta operación del local, supervisando las secciones y orden de la sala de ventas. Entregar instrucciones a colaboradores en sala, autorizar procedimientos y documentación, controlar pedidos de las secciones realizando un doble control, administrar el local velando que se cumplan los procedimientos establecidos por la compañía.
Buscamos personas con conocimiento comprobable en Retail supermercaderista, gastos, adhesión a procesos, brecha, manejo de personal, entre otros.
Apoyamos y promovemos la Ley 21.015 de Inclusión Laboral, por esta razón todas nuestras oportunidades laborales están abiertas a personas con discapacidad.",1,"Enseñanza media completa
Buscamos personas con conocimiento comprobable en Retail supermercaderista, gastos, adhesión a procesos, brecha, manejo de personal, entre otros."
Gerente/a - Administrador/a Local Retail- El Bosque RM,Otra Área,"El Bosque, Metropolitana de Santiago",El Bosque,Metropolitana de Santiago,2026-07-08,6099520,smu,2026-07-17,2026-08-08,0.493,Administrador,Jornada Completa,SMU,Técnico medio/ colegio técnico,Chile,2 años,2026-07-08,https://smu.trabajando.cl/trabajo-empleo/gerente-a-administrador-a-local-retail-el-bosque-rm/trabajo/6099520,Cadena de Retail supermercadista requiere...,"Cadena de Retail supermercadista requiere contratar 'Administrador/a' para una de sus sucursales ubicadas en la comuna de El Bosque, Región Metropolitana.
Su principal objetivo será planificar, coordinar y controlar el proceso de entrega del servicio a nuestros clientes para cumplir con las metas de ingresos, gastos y resultados de la tienda de su responsabilidad, asegurando la ejecución de los estándares operacionales, de seguridad, calidad y gestión del equipo definidos por el supermercado.
Importante: -Experiencia como Administrador, Sub-Administrador, Gerente de tienda, etc. en cadenas de Retail supermercadista. -Residencia en la zona. Ofrecemos: -Estabilidad laboral. -Beneficios asociados. -Bonos complementarios. -Seguro de salud.
Requisitos:
Título Técnico de Nivel Superior o Universitario en áreas de Administración, Logística o afines.
Experiencia de al menos 2 años liderando equipos de trabajo en empresas de retail, logistica (construcción), consumo masivo, entre otras.
Promovemos la Ley 21.015 de Inclusión Laboral, por esta razón todas nuestras oportunidades laborales están abiertos a personas con discapacidad.",1,"Título Técnico de Nivel Superior o Universitario en áreas de Administración, Logística o afines.
Experiencia de al menos 2 años liderando equipos de trabajo en empresas de retail, logistica (construcción), consumo masivo, entre otras."
Jefe/a Sala ventas Retail- Llay Llay,Otra Área,"Llayllay, Valparaíso",Llayllay,Valparaíso,2026-07-08,6099491,smu,2026-07-17,2026-08-08,0.3989,Asesor,Part Time,SMU,Media,Chile,1 años,2026-07-08,https://smu.trabajando.cl/trabajo-empleo/jefe-a-sala-ventas-retail-llay-llay/trabajo/6099491,Empresa de retail supermercaderista...,"Empresa de retail supermercaderista requiere contratatar ""Jefe/a sala ventas"" para desempeñarse en nuestra sucursal ubicada en la comuna de Llay Llay, Región de Valparaiso.
Dentro de sus funciones se encuentra el velar por la correcta operación del local, supervisando las secciones y orden de la sala de ventas. Entregar instrucciones a colaboradores en sala, autorizar procedimientos y documentación, controlar pedidos de las secciones realizando un doble control, administrar el local velando que se cumplan los procedimientos establecidos por la compañía.
Buscamos personas con conocimiento comprobable en Retail, gastos, adhesión a procesos, brecha, manejo de personal, entre otros.
Apoyamos y promovemos la Ley 21.015 de Inclusión Laboral, por esta razón todas nuestras oportunidades laborales están abiertas a personas con discapacidad.",1,"Enseñanza media completa
Buscamos personas con conocimiento comprobable en Retail supermercaderista, gastos, adhesión a procesos, brecha, manejo de personal, entre otros."
Jefe/a Sala ventas Retail- Angol,Otra Área,"Angol, La Araucanía",Angol,La Araucanía,2026-07-07,6098782,smu,2026-07-17,2026-08-07,0.3997,Asesor,Jornada Completa,SMU,Media,Chile,1 años,2026-06-08,https://smu.trabajando.cl/trabajo-empleo/jefe-a-sala-ventas-retail-angol/trabajo/6098782,Empresa de retail supermercaderista...,"Empresa de retail supermercaderista requiere contratatar ""Jefe/a sala ventas"" para desempeñarse en nuestra sucursal ubicada en la comuna de Angol, Región de la Araucanía.
Dentro de sus funciones se encuentra el velar por la correcta operación del local, supervisando las secciones y orden de la sala de ventas. Entregar instrucciones a colaboradores en sala, autorizar procedimientos y documentación, controlar pedidos de las secciones realizando un doble control, administrar el local velando que se cumplan los procedimientos establecidos por la compañía.
Buscamos personas con conocimiento comprobable en Retail, gastos, adhesión a procesos, brecha, manejo de personal, entre otros.
Apoyamos y promovemos la Ley 21.015 de Inclusión Laboral, por esta razón todas nuestras oportunidades laborales están abiertas a personas con discapacidad.",1,"Enseñanza media completa
Buscamos personas con conocimiento comprobable en Retail area supermercaderista, gastos, adhesión a procesos, brecha, manejo de personal, entre otros."
Jefe/a Sala ventas Retail- Copiapo,Otra Área,"Copiapó, Atacama",Copiapó,Atacama,2026-07-07,6098778,smu,2026-07-17,2026-08-07,0.388,Asesor,Jornada Completa,SMU,Media,Chile,1 años,2026-06-08,https://smu.trabajando.cl/trabajo-empleo/jefe-a-sala-ventas-retail-copiapo/trabajo/6098778,Empresa de retail supermercaderista...,"Empresa de retail supermercaderista requiere contratatar ""Jefe/a sala ventas"" para desempeñarse en nuestra sucursal ubicada en la comuna de Copiapo, Región de Atacama.
Dentro de sus funciones se encuentra el velar por la correcta operación del local, supervisando las secciones y orden de la sala de ventas. Entregar instrucciones a colaboradores en sala, autorizar procedimientos y documentación, controlar pedidos de las secciones realizando un doble control, administrar el local velando que se cumplan los procedimientos establecidos por la compañía.
Buscamos personas con conocimiento comprobable en Retail, gastos, adhesión a procesos, brecha, manejo de personal, entre otros.
Apoyamos y promovemos la Ley 21.015 de Inclusión Laboral, por esta razón todas nuestras oportunidades laborales están abiertas a personas con discapacidad.",1,"Enseñanza media completa
Buscamos personas con conocimiento comprobable en Retail area supermercaderista, gastos, adhesión a procesos, brecha, manejo de personal, entre otros."
Jefe/a Sala ventas Retail- Punta Arenas,Otra Área,"Punta Arenas, Magallanes y Antártica Chilena",Punta Arenas,Magallanes y Antártica Chilena,2026-07-07,6098775,smu,2026-07-17,2026-08-07,0.4047,Asesor,Jornada Completa,SMU,Media,Chile,1 años,2026-06-08,https://smu.trabajando.cl/trabajo-empleo/jefe-a-sala-ventas-retail-punta-arenas/trabajo/6098775,Empresa de retail supermercaderista...,"Empresa de retail supermercaderista requiere contratatar ""Jefe/a sala ventas"" para desempeñarse en nuestra sucursal ubicada en la comuna de Punta Arenas, Región de Magallanes.
Dentro de sus funciones se encuentra el velar por la correcta operación del local, supervisando las secciones y orden de la sala de ventas. Entregar instrucciones a colaboradores en sala, autorizar procedimientos y documentación, controlar pedidos de las secciones realizando un doble control, administrar el local velando que se cumplan los procedimientos establecidos por la compañía.
Buscamos personas con conocimiento comprobable en Retail, gastos, adhesión a procesos, brecha, manejo de personal, entre otros.
Apoyamos y promovemos la Ley 21.015 de Inclusión Laboral, por esta razón todas nuestras oportunidades laborales están abiertas a personas con discapacidad.",1,"Enseñanza media completa
Buscamos personas con conocimiento comprobable en Retail area supermercaderista, gastos, adhesión a procesos, brecha, manejo de personal, entre otros."
Jefe/a Sala ventas Retail- San Joaquin,Otra Área,"San Joaquín, Metropolitana de Santiago",San Joaquín,Metropolitana de Santiago,2026-07-07,6098762,smu,2026-07-17,2026-08-07,0.3948,Asesor,Jornada Completa,SMU,Media,Chile,1 años,2026-06-08,https://smu.trabajando.cl/trabajo-empleo/jefe-a-sala-ventas-retail-san-joaquin/trabajo/6098762,Empresa de retail supermercaderista...,"Empresa de retail supermercaderista requiere contratatar ""Jefe/a sala ventas"" para desempeñarse en nuestra sucursal ubicada en la comuna de San Joaquin, Región Metropolitana.
Dentro de sus funciones se encuentra el velar por la correcta operación del local, supervisando las secciones y orden de la sala de ventas. Entregar instrucciones a colaboradores en sala, autorizar procedimientos y documentación, controlar pedidos de las secciones realizando un doble control, administrar el local velando que se cumplan los procedimientos establecidos por la compañía.
Buscamos personas con conocimiento comprobable en Retail, gastos, adhesión a procesos, brecha, manejo de personal, entre otros.
Apoyamos y promovemos la Ley 21.015 de Inclusión Laboral, por esta razón todas nuestras oportunidades laborales están abiertas a personas con discapacidad.",1,"Enseñanza media completa
Buscamos personas con conocimiento comprobable en Retail area supermercaderista, gastos, adhesión a procesos, brecha, manejo de personal, entre otros."
Analista Pagos y Contratos,Otra Área,"Las Condes, Metropolitana de Santiago",Las Condes,Metropolitana de Santiago,2026-07-03,6097860,smu,2026-07-17,2026-08-08,0.3622,Analista,Jornada Completa,SMU,Universitaria,Chile,1 años,2026-01-09,https://smu.trabajando.cl/trabajo-empleo/analista-pagos-y-contratos/trabajo/6097860,¿Quieres formar parte de la red de...,"¿Quieres formar parte de la red de Supermercados más grande de Chile? 😀
En SMU queremos que te integres a nuestro equipo de trabajo. Te invitamos a conocernos y unirte a nosotros. Ofrecemos un grato ambiente laboral, donde podrás desarrollarte y crecer de forma permanente, y además un espacio de cercanía y colaboración que distingue a nuestra Compañía. En esta oportunidad estamos en búsqueda de un/a nuevo/a Analista Pagos y Contratos, quien será responsable de garantizar un soporte administrativo y operativo de excelencia en los procesos de pagos, control de costos y administración de contratos de TI, promoviendo la eficiencia, el cumplimiento normativo y la transparencia. A través de una gestión rigurosa, colaborativa y orientada a la mejora continua, buscamos facilitar la toma de decisiones, fortalecer las relaciones con proveedores y asegurar el uso responsable de los recursos de la organización
Entre sus funciones estarán:
Preparar y gestionar los pagos a proveedores, verificando que la documentación de respaldo se encuentre completa y correctamente validada.
Revisar facturas, solicitudes de pedido, órdenes de compra y demás documentos asociados, comprobando montos, fechas, condiciones y concordancia con los contratos vigentes.
Coordinar con las áreas de Finanzas, Compras, Legal y otras áreas internas para facilitar la correcta y oportuna ejecución de los pagos.
Apoyar el control presupuestario y la elaboración de reportes de costos, identificando desviaciones y entregando información para la toma de decisiones.
Apoyar la administración del ciclo de vida de los contratos, realizando seguimiento a sus plazos, compromisos y condiciones.
Mantener actualizados y organizados los repositorios de contratos y documentación relacionada con pagos y costos.
Preparar antecedentes y respaldos requeridos para procesos de auditoría interna o externa.
Elaborar reportes operativos y financieros relacionados con pagos, costos y contratos.
Identificar oportunidades de mejora y participar en iniciativas de automatización, optimización y estandarización de procesos.
Requisitos:
Formación profesional en Administración, Ingeniería en Administración, Contabilidad, Control de Gestión, Finanzas o carrera afín.
Al menos 3 años de experiencia en funciones relacionadas con pagos a proveedores, control de costos, gestión documental o administración de contratos.
Manejo de Excel, incluyendo fórmulas, filtros y tablas dinámicas.
Conocimiento de procesos de pago, facturación, órdenes de compra y documentación tributaria.
Experiencia utilizando sistemas ERP, idealmente SAP.
Manejo de plataformas de gestión documental, como SharePoint o similares.
Deseable manejo de Power BI a nivel usuario.
Deseable experiencia en empresas de retail.
Condiciones y Beneficios
Estabilidad laboral
Seguros complementarios de salud y dental
Medidas de conciliación laboral-personal
Entre otros
Esperamos tu postulación!!!
En SMU trabajamos por gestionar un ambiente inclusivo y equitativo para todas las personas. Apoyamos y promovemos la Ley N°21.015 de Inclusión Laboral y estamos certificados en la Norma Chilena NCh: 3262, de Gestión de igualdad de género y conciliación de la vida laboral, familiar y personal, por lo que todas nuestras oportunidades laborales están abiertas a la participación universal de personas, indistintamente de su género o condición de discapacidad.",1,"Formación profesional en Administración, Ingeniería en Administración, Contabilidad, Control de Gestión, Finanzas o carrera afín.
Al menos 3 años de experiencia en funciones relacionadas con pagos a proveedores, control de costos, gestión documental o administración de contratos.
Manejo de Excel, incluyendo fórmulas, filtros y tablas dinámicas.
Conocimiento de procesos de pago, facturación, órdenes de compra y documentación tributaria.
Experiencia utilizando sistemas ERP, idealmente SAP.
Manejo de plataformas de gestión documental, como SharePoint o similares.
Deseable manejo de Power BI a nivel usuario.
Deseable experiencia en empresas de retail."
Planner Importados,Otra Área,"Las Condes, Metropolitana de Santiago",Las Condes,Metropolitana de Santiago,2026-07-03,6097751,smu,2026-07-17,2026-08-08,0.432,Analista,Jornada Completa,SMU,Universitaria,Chile,2 años,2026-01-09,https://smu.trabajando.cl/trabajo-empleo/planner-importados/trabajo/6097751,¿Quieres formar parte de la red de...,"¿Quieres formar parte de la red de Supermercados más grande de Chile? 😁🛒
En SMU queremos que te integres a nuestro equipo de trabajo. Te invitamos a conocernos y unirte a nosotros. Ofrecemos un grato ambiente laboral, donde podrás desarrollarte y crecer de forma permanente, y además un espacio de cercanía y colaboración que distingue a nuestra Compañía. En esta oportunidad estamos en búsqueda de un/a nuevo/a Planner Importados.
Su misión será planificar, coordinar y ejecutar las compras de productos importados, gestionando el abastecimiento de la cadena de suministro en conjunto con las áreas Comercial, Abastecimiento, Comercio Exterior y Logística, para asegurar la disponibilidad de productos, optimizar los niveles de inventario y cumplir con los objetivos comerciales de la compañía.
¿En qué consisten sus funciones?
Planificar y ejecutar las compras de productos importados en base al forecast comercial y niveles de inventario.
Gestionar y dar seguimiento a órdenes de compra, despachos internacionales y coordinación de bookings con proveedores y Comex.
Monitorear permanentemente los inventarios, rotación, DOH y priorización de arribos a Centros de Distribución.
Elaborar y comunicar reportes de compras, arribos, forecast y KPI's a las áreas involucradas.
Requisitos:
Titulado/a de Ingeniería Civil Industrial o carrera a fin.
Experiencia de 2 a 4 años en cadena de suministros.
Excel avanzado y deseable Conocimiento SAP
Conocimiento en creación de estudios de seguridad.
Esperamos tu postulación!!!
En SMU S.A. apoyamos y promovemos la Ley N°21.015 de Inclusión Laboral. Además nos encontramos certificados en la Norma Chilena NCh: 3262, de Gestión de igualdad de género y conciliación de la vida laboral, familiar y personal. Por esta razón queremos destacar que todas nuestras oportunidades laborales están abiertas a personas con discapacidad , y sin ningún tipo de distinción ni discriminación por género. En SMU, nos esforzamos por gestionar una ambiente inclusivo y equitativos para todas las personas.",1,"Titulado/a de Ingeniería Civil Industrial o carrera a fin.
Experiencia de 2 a 4 años en cadena de suministros.
Excel avanzado y deseable Conocimiento SAP
Conocimiento en creación de estudios de seguridad."
Supervisor(a) de Seguridad - CD Lo Aguirre (Pudahuel),Otra Área,"Santiago, Metropolitana de Santiago",Santiago,Metropolitana de Santiago,2026-07-02,6097459,smu,2026-07-17,2026-08-08,0.3743,Supervisor,Jornada Completa,SMU,Universitaria,Chile,3 años,2026-08-31,https://smu.trabajando.cl/trabajo-empleo/supervisor-a-de-seguridad-cd-lo-aguirre-pudahuel/trabajo/6097459,¿Quieres formar parte de la red de...,"¿Quieres formar parte de la red de Supermercados más grande de Chile? 😁🛒
En SMU queremos que te integres a nuestro equipo de trabajo. Te invitamos a conocernos y unirte a nosotros. Ofrecemos un grato ambiente laboral, donde podrás desarrollarte y crecer de forma permanente, y además un espacio de cercanía y colaboración que distingue a nuestra Compañía. En esta oportunidad estamos en búsqueda de un/a nuevo/a Supervisor(a) de Seguridad para la Región Metropolitana.
¿De qué es responsable este cargo?
Supervisar y coordinar todas las operaciones de seguridad de el(los)/la(s) las instalaciones de la Unidad de Negocio en la que se desempeña y la aplicación de políticas tanto internas como externas en este ámbito, colaborando con la implementación de medidas preventivas y correctivas para velar por la identificación y mitigación de riesgos de seguridad, según los objetivos definidos por la Empresa y la legislación vigente.
¿En qué consisten sus funciones?
- Evaluar, supervisar y coordinar la implementación de los principios y lineamientos de seguridad en su propia área como en la Unidad de negocio a la que brinda sus servicios, resolviendo asimismo inquietudes referentes a procedimientos y normas de seguridad de las distintas áreas según sus intereses.
- Elaborar informes sobre contingencias, vulnerabilidades y resultados de la gestión de la seguridad en las instalaciones, identificando riesgos e incluyendo sugerencias de acuerdo a la información levantada.
Asistir a las diversas áreas bajo su responsabilidad y al personal de seguridad ante solicitudes, brindando orientación, instrucción y respuesta referentes a procedimientos y pautas de acción ante riesgos o contingencias de seguridad.
- Realizar propuestas de mejora al servicio de seguridad de la compañía.
- Ejecutar permanentemente el monitoreo de eventos y contingencias que ocurran en las instalaciones de la compañía, evaluando la necesidad de tomar medidas de seguridad complementarias, además de revisar los videos extraídos por los operadores del CCTV y derivarlos a quien y cuando corresponda.
- Ejecutar acciones que promuevan un contacto permanente con el supervisor de la empresa proveedora de servicio de seguridad para control de la dotación y puestos cubiertos.
Requisitos:
- Título Profesional Superior en área Seguridad, Administración, FFAA o carrera afín.
- Mínimo 3 años de experiencia en cargos similares. en el área de control y supervisión de instalaciones en el área de seguridad, preferentemente en Centros de Distribución o retail.
- Curso del OS 10 aprobado.
- Conocimiento de computación nivel usuario.
- Pleno dominio de nueva Ley de Seguridad Privada 21.659.
- Conocimiento en creación de estudios de seguridad.
Esperamos tu postulación!!!
En SMU S.A. apoyamos y promovemos la Ley N°21.015 de Inclusión Laboral. Además nos encontramos certificados en la Norma Chilena NCh: 3262, de Gestión de igualdad de género y conciliación de la vida laboral, familiar y personal. Por esta razón queremos destacar que todas nuestras oportunidades laborales están abiertas a personas con discapacidad , y sin ningún tipo de distinción ni discriminación por género. En SMU, nos esforzamos por gestionar una ambiente inclusivo y equitativos para todas las personas.",1,"- Título Profesional Superior en área Seguridad, Administración, FFAA o carrera afín.
- Mínimo 3 años de experiencia en cargos similares. en el área de control y supervisión de instalaciones en el área de seguridad, preferentemente en Centros de Distribución o retail.
- Curso del OS 10 aprobado.
- Conocimiento de computación nivel usuario.
- Pleno dominio de nueva Ley de Seguridad Privada 21.659.
- Conocimiento en creación de estudios de seguridad."
Jefe/a de Sala ventas Retail Ñuñoa,Otra Área,"Ñuñoa, Metropolitana de Santiago",Ñuñoa,Metropolitana de Santiago,2026-07-02,6097398,smu,2026-07-17,2026-08-02,0.3875,Asistente,Jornada Completa,SMU,Media,Chile,1 años,2026-01-08,https://smu.trabajando.cl/trabajo-empleo/jefe-a-de-sala-ventas-retail-nunoa/trabajo/6097398,Empresa de retail supermercaderista...,"Empresa de retail supermercaderista requiere contratatar ""Jefe/a sala"" para desempeñarse en nuestra sucursal ubicada en la comuna de Ñuñoa.
Dentro de sus funciones se encuentra el velar por la correcta operación del local, supervisando las secciones y orden de la sala de ventas. Entregar instrucciones a colaboradores en sala, autorizar procedimientos y documentación, controlar pedidos de las secciones realizando un doble control, administrar el local velando que se cumplan los procedimientos establecidos por la compañía.
Buscamos personas con conocimiento comprobable en Retail, gastos, adhesión a procesos, brecha, manejo de personal, entre otros.
Apoyamos y promovemos la Ley 21.015 de Inclusión Laboral, por esta razón todas nuestras oportunidades laborales están abiertas a personas con discapacidad.",1,"Enseñanza media completa
Buscamos personas con conocimiento comprobable en Retail, gastos, adhesión a procesos, brecha, manejo de personal, entre otros."
Jefe de Sala Retail Alvi- Peñalolén,Otra Área,"Peñalolén, Metropolitana de Santiago",Peñalolén,Metropolitana de Santiago,2026-07-02,6097297,smu,2026-07-17,2026-08-02,0.3369,Asistente,Jornada Completa,SMU,Media,Chile,1 años,2026-01-08,https://smu.trabajando.cl/trabajo-empleo/jefe-de-sala-retail-alvi-penalolen/trabajo/6097297,Supermercados Alvi requiere contratatar...,"Supermercados Alvi requiere contratatar ""Jefe/a de Sala para desempeñarse en nuestra sucursal ubicada en la comuna Peñalolén
Dentro de sus funciones se encuentra el velar por la correcta operación del local, supervisando las secciones y orden de la sala de ventas. Entregar instrucciones a colaboradores en sala, autorizar procedimientos y documentación, controlar pedidos de las secciones realizando un doble control, administrar el local velando que se cumplan los procedimientos establecidos por la compañía.
Requisitos: Enseñanza media completa. Experiencia comprobable en Retail, gastos, adhesión a procesos, brecha, manejo de personal, entre otros.
Jornada: *Lunes a Domingo 6x1 o 5x2, con dos domingos libres al mes.
*Sueldo acorde a mercado
Apoyamos y promovemos la Ley 21.015 de Inclusión Laboral, por esta razón todas nuestras oportunidades laborales están abiertas a personas con discapacidad.",1,"Enseñanza media completa.
Experiencia comprobable en Retail, gastos, adhesión a procesos, brecha, manejo de personal, entre otros."
Jefe/a de Sala ventas Retail Pucón,Otra Área,"Pucón, La Araucanía",Pucón,La Araucanía,2026-07-02,6097336,smu,2026-07-17,2026-08-02,0.4205,Asistente,Jornada Completa,SMU,Media,Chile,1 años,2026-01-08,https://smu.trabajando.cl/trabajo-empleo/jefe-a-de-sala-ventas-retail-pucon/trabajo/6097336,Empresa de retail supermercaderista...,"Empresa de retail supermercaderista requiere contratatar ""Jefe/a sala"" para desempeñarse en nuestra sucursal ubicada en la comuna de Pucón Region de la Araucania
Dentro de sus funciones se encuentra el velar por la correcta operación del local, supervisando las secciones y orden de la sala de ventas. Entregar instrucciones a colaboradores en sala, autorizar procedimientos y documentación, controlar pedidos de las secciones realizando un doble control, administrar el local velando que se cumplan los procedimientos establecidos por la compañía.
Buscamos personas con conocimiento comprobable en Retail, gastos, adhesión a procesos, brecha, manejo de personal, entre otros.
Apoyamos y promovemos la Ley 21.015 de Inclusión Laboral, por esta razón todas nuestras oportunidades laborales están abiertas a personas con discapacidad.",1,"Enseñanza media completa
Buscamos personas con conocimiento comprobable en Retail, gastos, adhesión a procesos, brecha, manejo de personal, entre otros."
Gerente/a - Administrador/a Local Retail Puerto Montt,Otra Área,"Puerto Montt, Los Lagos",Puerto Montt,Los Lagos,2026-07-02,6097594,smu,2026-07-17,2026-08-02,0.4829,Administrador,Jornada Completa,SMU,Técnico medio/ colegio técnico,Chile,1 años,2026-01-08,https://smu.trabajando.cl/trabajo-empleo/gerente-a-administrador-a-local-retail-puerto-montt/trabajo/6097594,Cadena de Retail supermercadista requiere...,"Cadena de Retail supermercadista requiere contratar 'Administrador/a' para una de sus sucursales ubicadas en la comuna de Puerto Montt, Region de Los Lagos.
Su principal objetivo será planificar, coordinar y controlar el proceso de entrega del servicio a nuestros clientes para cumplir con las metas de ingresos, gastos y resultados de la tienda de su responsabilidad, asegurando la ejecución de los estándares operacionales, de seguridad, calidad y gestión del equipo definidos por el supermercado.
Importante: -Experiencia como Administrador, Sub-Administrador, Gerente de tienda, etc. en cadenas de Retail supermercadista. -Residencia en la zona. Ofrecemos: -Estabilidad laboral. -Beneficios asociados. -Bonos complementarios. -Seguro de salud.
Requisitos:
Título Técnico de Nivel Superior o Universitario en áreas de Administración, Logística o afines.
Experiencia de al menos 2 años liderando equipos de trabajo en empresas de retail supermercaderista, logistica (construcción), consumo masivo, entre otras.
Promovemos la Ley 21.015 de Inclusión Laboral, por esta razón todas nuestras oportunidades laborales están abiertos a personas con discapacidad.",1,"Título Técnico de Nivel Superior o Universitario en áreas de Administración, Logística o afines.
Experiencia de al menos 2 años liderando equipos de trabajo en empresas de retail, logistica (construcción), consumo masivo, entre otras."
Jefe/a Sala ventas Retail- Chañaral,Otra Área,"Chañaral, Atacama",Chañaral,Atacama,2026-07-02,6097421,smu,2026-07-17,2026-08-02,0.3822,Asistente,Jornada Completa,SMU,Media,Chile,1 años,2026-01-08,https://smu.trabajando.cl/trabajo-empleo/jefe-a-sala-ventas-retail-chanaral/trabajo/6097421,Empresa de retail supermercaderista...,"Empresa de retail supermercaderista requiere contratatar ""Jefe/a sala ventas"" para desempeñarse en nuestra sucursal ubicada en la comuna de Chañaral, Región de Atacama.
Dentro de sus funciones se encuentra el velar por la correcta operación del local, supervisando las secciones y orden de la sala de ventas. Entregar instrucciones a colaboradores en sala, autorizar procedimientos y documentación, controlar pedidos de las secciones realizando un doble control, administrar el local velando que se cumplan los procedimientos establecidos por la compañía.
Buscamos personas con conocimiento comprobable en Retail, gastos, adhesión a procesos, brecha, manejo de personal, entre otros.
Apoyamos y promovemos la Ley 21.015 de Inclusión Laboral, por esta razón todas nuestras oportunidades laborales están abiertas a personas con discapacidad.",1,"enseñanza media completa
Buscamos personas con conocimiento comprobable en Retail, gastos, adhesión a procesos, brecha, manejo de personal, entre otros."
Analista de inventario de tienda,Otra Área,"Las Condes, Metropolitana de Santiago",Las Condes,Metropolitana de Santiago,2026-07-02,6097324,smu,2026-07-17,2026-07-22,0.3782,Analista,Jornada Completa,SMU,Técnico profesional superior,Chile,2 años,2026-01-08,https://smu.trabajando.cl/trabajo-empleo/analista-de-inventario-de-tienda/trabajo/6097324,¿Quieres formar parte de la red de...,"¿Quieres formar parte de la red de Supermercados más grande de Chile? 😀
Queremos que te integres a nuestro equipo de trabajo. Te invitamos a conocernos y unirte a nosotros. Ofrecemos un grato ambiente laboral, donde podrás desarrollarte y crecer de forma permanente, y además un espacio de cercanía y colaboración que distingue a nuestra Compañía.
En esta oportunidad estamos en búsqueda de un(a) Analista de inventario de tienda, cuya misión es analizar, controlar y gestionar la información relacionada con los procesos de inventario y ajustes operacionales, mediante la elaboración de reportes, análisis de brechas y administración de datos, contribuyendo a la exactitud de inventarios, la continuidad operacional y la toma de decisiones de la organización.
Dentro de sus principales funciones estarán:
Elaborar y analizar informes de preinventario, identificando desviaciones y riesgos operacionales.
Generar informes de resultados de inventarios generales, inventarios por categoría, inventarios de perecibles e inventarios de UULL.
Analizar diferencias y brechas de inventario, proponiendo acciones correctivas y de seguimiento.
Elaborar reportes de ajustes por OT mediante consultas y extracción de información desde bases de datos MySQL y SQL Server.
Programar inventarios y gestionar ajustes por OT en sistema SAP.
Administrar y generar calendarios semanales de ajustes e inventarios a partir de bases de datos en Access.
Ejecutar ajustes de inventario de acuerdo con procedimientos y políticas internas.
Atender requerimientos operacionales relacionados con programación, ejecución y control de inventarios.
Validar integridad y consistencia de datos utilizados en reportes y procesos de control.
Mantener comunicación y coordinación con áreas operacionales para asegurar el cumplimiento de los procesos de inventario.
Proponer mejoras en procesos, reportabilidad y automatización de análisis relacionados con inventarios.
Requisitos:
- Título profesional en Ingeniería de Ejecución en Informática, Técnico de Nivel Superior en Informática o carrera afín.
- Al menos 2 años de experiencia en cargos de análisis de información, inventario o control de existencias.
- Manejo de SAP.
- Conocimientos de Linux.
- Manejo de bases de datos relacionales.
- Conocimientos de consultas SQL (MySQL y SQL Server).
- Manejo de Microsoft Excel nivel intermedio-avanzado.
- Deseable conocimiento en Microsoft Access.
- Deseable experiencia en análisis y control de inventarios.
Esperamos tu postulación!!!
En SMU S.A. apoyamos y promovemos la Ley N°21.015 de Inclusión Laboral. Además nos encontramos certificados en la Norma Chilena NCh: 3262, de Gestión de igualdad de género y conciliación de la vida laboral, familiar y personal. Por esta razón queremos destacar que todas nuestras oportunidades laborales están abiertas a personas con discapacidad , y sin ningún tipo de distinción ni discriminación por género. En SMU, nos esforzamos por gestionar una ambiente inclusivo y equitativos para todas las personas.",1,"- Título profesional en Ingeniería de Ejecución en Informática, Técnico de Nivel Superior en Informática o carrera afín.
- Al menos 2 años de experiencia en cargos de análisis de información, inventario o control de existencias.
- Manejo de SAP.
- Conocimientos de Linux.
- Manejo de bases de datos relacionales.
- Conocimientos de consultas SQL (MySQL y SQL Server).
- Manejo de Microsoft Excel nivel intermedio-avanzado.
- Deseable conocimiento en Microsoft Access.
- Deseable experiencia en análisis y control de inventarios."
Gerente/a - Administrador/a Local Retail Rancagua,Otra Área,"Rancagua, Lib. Gral. Bdo. O'Higgins",Rancagua,Lib. Gral. Bdo. O'Higgins,2026-07-01,6097031,smu,2026-07-17,2026-08-01,0.4341,Administrador,Jornada Completa,SMU,Técnico medio/ colegio técnico,Chile,1 años,2026-07-31,https://smu.trabajando.cl/trabajo-empleo/gerente-a-administrador-a-local-retail-rancagua/trabajo/6097031,Cadena de Retail supermercadista requiere...,"Cadena de Retail supermercadista requiere contratar 'Administrador/a- Gerente/a tienda' para una de sus sucursales ubicadas en la comuna de Rancagua, Región de Ohiggins.
Su principal objetivo será planificar, coordinar y controlar el proceso de entrega del servicio a nuestros clientes para cumplir con las metas de ingresos, gastos y resultados de la tienda de su responsabilidad, asegurando la ejecución de los estándares operacionales, de seguridad, calidad y gestión del equipo definidos por el supermercado.
Importante: -Experiencia como Administrador, Sub-Administrador, Gerente de tienda, etc. en cadenas de Retail supermercadista. -Residencia en la zona. Ofrecemos: -Estabilidad laboral. -Beneficios asociados. -Bonos complementarios. -Seguro de salud.
Requisitos:
Título Técnico de Nivel Superior o Universitario en áreas de Administración, Logística o afines.
Experiencia de al menos 2 años liderando equipos de trabajo en empresas de retail, logistica (construcción), consumo masivo, entre otras.
Promovemos la Ley 21.015 de Inclusión Laboral, por esta razón todas nuestras oportunidades laborales están abiertos a personas con discapacidad.",1,"Título Técnico de Nivel Superior o Universitario en áreas de Administración, Logística o afines.
Experiencia de al menos 2 años liderando equipos de trabajo en empresas de retail, logistica (construcción), consumo masivo, entre otras."
Administrador/Gerente Tienda Retail- La Serena,Otra Área,"La Serena, Coquimbo",La Serena,Coquimbo,2026-07-01,6096629,smu,2026-07-17,2026-08-01,0.3392,Administrador,Jornada Completa,SMU,Técnico medio/ colegio técnico,Chile,1 años,2026-07-31,https://smu.trabajando.cl/trabajo-empleo/administrador-gerente-tienda-retail-la-serena/trabajo/6096629,Unimarc requiere contratar 'Administrador/a'...,"Unimarc requiere contratar 'Administrador/a' para una de sus sucursales ubicadas en La Serena
Su principal objetivo será planificar, coordinar y controlar el proceso de entrega del servicio a nuestros clientes para cumplir con las metas de ingresos, gastos y resultados de la tienda de su responsabilidad, asegurando la ejecución de los estándares operacionales, de seguridad, calidad y gestión del equipo definidos por el supermercado.
Importante: -Experiencia como Administrador, Sub-Administrador, Gerente de tienda, etc. en cadenas de Retail supermercadista. -Residencia en la zona.
Ofrecemos: -Estabilidad laboral. -Beneficios asociados. -Bonos complementarios. -Seguro de salud.
Requisitos:
Título Técnico de Nivel Superior o Universitario en áreas de Administración, Logística o afines.
Experiencia de al menos 2 años liderando equipos de trabajo en empresas de retail area supermercaderista, logistica (construcción), consumo masivo, entre otras.
Promovemos la Ley 21.015 de Inclusión Laboral, por esta razón todas nuestras oportunidades laborales están abiertos a personas con discapacidad.",1,"Título Técnico de Nivel Superior o Universitario en áreas de Administración, Logística o afines.
Experiencia de al menos 2 años liderando equipos de trabajo en empresas de retail area supermercaderista, logistica (construcción), consumo masivo, entre otras."
Jefe/a de Sala Retail-Linares,Otra Área,"Linares, Maule",Linares,Maule,2026-07-01,6096581,smu,2026-07-17,2026-08-01,0.4327,Jefe Área/Sección/Depto./Local,Jornada Completa,SMU,Media,Chile,1 años,2026-07-31,https://smu.trabajando.cl/trabajo-empleo/jefe-a-de-sala-retail-linares/trabajo/6096581,Empresa de retail supermercaderista...,"Empresa de retail supermercaderista requiere contratatar ""Jefe/a sala"" para desempeñarse en nuestra sucursal ubicada en la comuna de Linares, Región del Maule.
Dentro de sus funciones se encuentra el velar por la correcta operación del local, supervisando las secciones y orden de la sala de ventas. Entregar instrucciones a colaboradores en sala, autorizar procedimientos y documentación, controlar pedidos de las secciones realizando un doble control, administrar el local velando que se cumplan los procedimientos establecidos por la compañía.
Buscamos personas con conocimiento comprobable en Retail, gastos, adhesión a procesos, brecha, manejo de personal, entre otros.
Apoyamos y promovemos la Ley 21.015 de Inclusión Laboral, por esta razón todas nuestras oportunidades laborales están abiertas a personas con discapacidad.",1,"Enseñanza media completa
Buscamos personas con conocimiento comprobable en Retail, gastos, adhesión a procesos, brecha, manejo de personal, entre otros."
Gerente/a - Administrador/a Local Retail Calama,Otra Área,"Calama, Antofagasta",Calama,Antofagasta,2026-06-30,6096364,smu,2026-07-17,2026-07-31,0.4737,Administrador,Jornada Completa,SMU,Media,Chile,1 años,2026-07-30,https://smu.trabajando.cl/trabajo-empleo/gerente-a-administrador-a-local-retail-calama/trabajo/6096364,Cadena de Retail supermercadista requiere...,"Cadena de Retail supermercadista requiere contratar 'Administrador/a' para una de sus sucursales ubicadas en la comuna de Calama, Region de Antofagasta.
Su principal objetivo será planificar, coordinar y controlar el proceso de entrega del servicio a nuestros clientes para cumplir con las metas de ingresos, gastos y resultados de la tienda de su responsabilidad, asegurando la ejecución de los estándares operacionales, de seguridad, calidad y gestión del equipo definidos por el supermercado.
Importante: -Experiencia como Administrador, Sub-Administrador, Gerente de tienda, etc. en cadenas de Retail supermercadista. -Residencia en la zona. Ofrecemos: -Estabilidad laboral. -Beneficios asociados. -Bonos complementarios. -Seguro de salud.
Requisitos:
Título Técnico de Nivel Superior o Universitario en áreas de Administración, Logística o afines.
Experiencia de al menos 2 años liderando equipos de trabajo en empresas de retail, logistica (construcción), consumo masivo, entre otras.
Promovemos la Ley 21.015 de Inclusión Laboral, por esta razón todas nuestras oportunidades laborales están abiertos a personas con discapacidad.",1,"Título Técnico de Nivel Superior o Universitario en áreas de Administración, Logística o afines.
Experiencia de al menos 2 años liderando equipos de trabajo en empresas de retail, logistica (construcción), consumo masivo, entre otras."
Jefe/a de Sala ventas Retail-Calama,Otra Área,"Calama, Antofagasta",Calama,Antofagasta,2026-06-30,6096289,smu,2026-07-21,2026-07-31,0.4034,Asesor,Jornada Completa,SMU,Media,Chile,1 años,2026-07-30,https://smu.trabajando.cl/trabajo-empleo/jefe-a-de-sala-ventas-retail-calama/trabajo/6096289,Empresa de retail supermercaderista...,"Empresa de retail supermercaderista requiere contratatar ""Jefe/a sala"" para desempeñarse en nuestra sucursal ubicada en la comuna de Calama, Región de Antofagasta.
Dentro de sus funciones se encuentra el velar por la correcta operación del local, supervisando las secciones y orden de la sala de ventas. Entregar instrucciones a colaboradores en sala, autorizar procedimientos y documentación, controlar pedidos de las secciones realizando un doble control, administrar el local velando que se cumplan los procedimientos establecidos por la compañía.
Buscamos personas con conocimiento comprobable en Retail área supermercaderista, gastos, adhesión a procesos, brecha, manejo de personal, entre otros.
Apoyamos y promovemos la Ley 21.015 de Inclusión Laboral, por esta razón todas nuestras oportunidades laborales están abiertas a personas con discapacidad.",1,"Enseñanza media completa
Buscamos personas con conocimiento comprobable en Retail área supermercaderista, gastos, adhesión a procesos, brecha, manejo de personal, entre otros."
Maestro(a) en Mantenimiento Polifuncional V Región (Reemplazo),Otra Área,"Viña del Mar, Valparaíso",Viña del Mar,Valparaíso,2026-06-26,6095663,smu,2026-07-17,2026-08-08,0.3891,Operario,En terreno,SMU,Media,Chile,2 años,2026-08-25,https://smu.trabajando.cl/trabajo-empleo/maestro-a-en-mantenimiento-polifuncional-v-region-reemplazo/trabajo/6095663,¿Quieres formar parte de la red de...,"¿Quieres formar parte de la red de Supermercados más grande de Chile?
En SMU queremos que te integres a nuestro equipo de trabajo. Te invitamos a conocernos y unirte a nosotros. Ofrecemos un grato ambiente laboral de cercanía y colaboración que distingue a nuestra Compañía.
En esta oportunidad estamos en búsqueda de un/a Maestro(a) en Mantenimiento Polifuncional para período de reemplazo, quien será responsable de ejecutar el servicio de mantenimiento de la infraestructura de las tiendas e instalaciones en ciudades de la V región, velando por la operatividad y adecuado funcionamiento técnico de éstas para su uso, según lo requerido por las diversas unidades del negocio.
Funciones:
Gasfitería; destape de WC, cambios de grifería, reparación de instalaciones sanitarias y de agua potable, entre otros.
Apoyo en emergencias como lluvias, excavaciones por rotura de matrices e inundaciones, entre otros.
Limpieza de canaletas de aguas lluvia, bajadas de agua.
Obras Civiles; cerámicos, hormigón, tabiques, cielos, reparación de muros, estucos, etc.
Reparación y pinturas de fachadas, muros, accesos, interiores y demarcación de estacionamientos.
Sellado para lograr hermeticidad de instalaciones por plan de control de plagas, uso de plataforma elevadora y máquina de aplicación de espuma de poliuretano.
Soldadura de portones y estructuras metálicas.
Reparaciones, modificaciones y/o instalaciones de mobiliario.
Requisitos
Enseñanza media completa, ideal técnico nivel medio con especializaciones o cursos de capacitación afines.
Al menos 2 años de experiencia en cargos similares, en labores de gasfitería, albañilería y obras civiles menores, entre otros.
Microsoft Office básico.
Salud compatible con el cargo, se requiere examen de altura física.
Licencia de conducir clase B vigente.
Condiciones
Contrato a plazo fijo según licencia de titular
Renta acorde a mercado
Modalidad de trabajo en terreno, en locales de la V región. Lugar base de trabajo es en Viña del Mar
Trabajo de lunes a viernes, art. 22
Postula aquí, ¡te estamos esperando!
En SMU S.A. apoyamos y promovemos la Ley N°21.015 de Inclusión Laboral. Además nos encontramos certificados en la Norma Chilena NCh: 3262, de Gestión de igualdad de género y conciliación de la vida laboral, familiar y personal. Por esta razón, todas nuestras oportunidades laborales están abiertas a personas con discapacidad, sin ningún tipo de distinción ni discriminación por género. En SMU, nos esforzamos por gestionar un ambiente inclusivo y equitativo para todas las personas.",1,"Enseñanza media completa, ideal técnico nivel medio con especializaciones o cursos de capacitación afines.
Al menos 2 años de experiencia en cargos similares, en labores de gasfitería, albañilería y obras civiles menores, entre otros.
Microsoft Office básico.
Salud compatible con el cargo, se requiere examen de altura física.
Licencia de conducir clase B vigente."
Ingeniero(a) de Procesos,Otra Área,"Pudahuel, Metropolitana de Santiago",Pudahuel,Metropolitana de Santiago,2026-06-26,6095718,smu,2026-07-17,2026-07-27,0.3985,Ingeniero,Jornada Completa,SMU,Universitaria,Chile,3 años,2026-07-26,https://smu.trabajando.cl/trabajo-empleo/ingeniero-a-de-procesos/trabajo/6095718,¿Quieres formar parte de la red de...,"¿Quieres formar parte de la red de Supermercados más grande de Chile? 😁
En SMU, queremos que te integres a nuestro equipo de trabajo. Te invitamos a conocernos y unirte a nosotros. Ofrecemos un grato ambiente laboral, donde podrás desarrollarte y crecer de forma permanente, y además un espacio de cercanía y colaboración que distingue a nuestra Compañía.
En esta oportunidad estamos en búsqueda de nuestro/a próximo/a Ingeniero(a) de Procesos, cuya misión es apoyar en la optimización de procesos logísticos en centros de distribución y transporte, mediante el levantamiento, análisis y rediseño de flujos operativos. Ejecutar en terreno las mejoras operativas definidas asegurando su correcta implementación, medición y sostenibilidad en centros de distribución y operación logística.
Dentro de las principales responsabilidades del cargo están:
- Levantar y documentar procesos de CD y transporte (recepción, almacenaje, picking, despacho, distribución)
- Monitorear cumplimiento de procesos implementados
- Ejecutar mejoras en layout, picking, transporte, etc.
- Capacitar personal operativo en nuevas metodologías
- Apoyar en la estandarización de buenas prácticas operativas entre CDs y transporte.
Requisitos:
- Título profesional en Ingeniería Civil Industrial, Ingeniería comercial, Ingeniería en Logística o carrera afín.
- Al menos 3 años de experiencia en levantamiento de procesos, logística o proyectos retail/CD
- Noción de automatización de procesos.
- Conocimiento de procesos de logísticos, deseable de supermercados.
- Conocimiento en metodologías de mejoramiento continuo (Lean, 6 sigma, Agile).
- Manejo de indicadores y análisis de datos (Excel avanzado, Power BI u otra herramienta de visualización).
- Deseable manejo de sistemas WMS, SAP, TMS.
- Disponibilidad para trabajar mayormente en nuestro CD ubicado en Lo Aguirre, Pudahuel.
- Conocimiento de layout logístico, flujos, picking, transporte
En SMU apoyamos y promovemos la Ley N°21.015 de Inclusión Laboral. Además nos encontramos certificados en la Norma Chilena NCh: 3262, de Gestión de igualdad de género y conciliación de la vida laboral, familiar y personal. Por esta razón todas nuestras oportunidades laborales están abiertas a personas con discapacidad , y sin ningún tipo de distinción ni discriminación por género. En SMU, nos esforzamos por gestionar un ambiente inclusivo y equitativo para todas las personas.",1,"- Título profesional en Ingeniería Civil Industrial, Ingeniería comercial, Ingeniería en Logística o carrera afín.
- Al menos 3 años de experiencia en levantamiento de procesos, logística o proyectos retail/CD
- Noción de automatización de procesos.
- Conocimiento de procesos de logísticos, deseable de supermercados.
- Conocimiento en metodologías de mejoramiento continuo (Lean, 6 sigma, Agile).
- Manejo de indicadores y análisis de datos (Excel avanzado, Power BI u otra herramienta de visualización).
- Deseable manejo de sistemas WMS, SAP, TMS.
- Disponibilidad para trabajar mayormente en nuestro CD ubicado en Lo Aguirre, Pudahuel.
- Conocimiento de layout logístico, flujos, picking, transporte"
Subgerente(a) Negocio - Categorías de Consumo Masivo,Otra Área,"Las Condes, Metropolitana de Santiago",Las Condes,Metropolitana de Santiago,2026-06-26,6095673,smu,2026-07-17,2026-07-27,0.3392,Subgerente de Área,Jornada Completa,SMU,Universitaria,Chile,5 años,2026-07-26,https://smu.trabajando.cl/trabajo-empleo/subgerente-a-negocio-categorias-de-consumo-masivo/trabajo/6095673,¿Quieres formar parte de la red de...,"¿Quieres formar parte de la red de Supermercados más grande de Chile?😃
En SMU queremos que te integres a nuestro equipo de trabajo. Te invitamos a conocernos y unirte a nosotros. Ofrecemos un grato ambiente laboral, donde podrás desarrollarte y crecer de forma permanente, y además un espacio de cercanía y colaboración que distingue a nuestra Compañía.
En esta oportunidad estamos en búsqueda de Subgerente/a de Negocio, responsable de promover y realizar la gestión integral de una categoría de productos, desde su selección hasta su presentación en la tienda, para contribuir a la maximización de la rentabilidad para la Compañía y la satisfacción del cliente.
El/la Subgerente/a Negocio ocupa una posición clave para influir en la oferta de productos, la experiencia del cliente y el rendimiento financiero de la empresa, trabajando en estrecha colaboración con diversos equipos para lograr estos objetivos. Es contraparte directa de empresas proveedoras y colabora con pares de otros negocios o categorías, áreas de ventas, planificación, finanzas, entre otras. Dentro de sus funciones, estarán:
Negociar y establecer acuerdos comerciales con proveedores en relación a costos, surtido, reposición, centralización, plazos, entre otros (fundamental en su rol la negociación de las mejores promociones para los diferentes formatos) para asegurar condiciones de compra que maximicen rentabilidad, asegurando los objetivos de ingreso de la Compañía y las necesidades de los clientes.
Desarrollar y promover planes de acción orientados a revertir caídas de ventas en las categorías a su cargo y/o potenciarlas para contribuir a revertir caídas de venta en las categorías a su cargo.
Evaluar el rendimiento del negocio y proponer continuamente nuevas estrategias que favorezcan el mejor desempeño y aportar a los logros de los presupuestos de venta de los formatos a su cargo para contribuir a mejorar la propuesta de valor del negocio a cargo de su gestión.
Analizar la(s) categoría(s) bajo su gestión con apoyo del área de planificación comercial, para contribuir con la información necesaria para una toma de decisiones que permita la mejora del desempeño de la ventas de las categorías a su cargo.
Trabajar en coordinación con las diferentes áreas de la Compañía asociadas a su rol, como son Planificación Comercial, Logística y Supply Chain, Marketing, entre otros, para contribuir a la planificación de los diferentes procesos de la Compañía, de manera de asegurar su ejecución de acuerdo con la carta gantt de los mismos (actividades comerciales en los puntos de venta tales como catálogos, apoteósicos, campañas).
Negociar y ejecutar el ingreso o modificación de productos en el sistema definido por la Compañía, para asegurar el respaldo de información para una gestión oportuna y eficiente, tanto en su área como en las que colaboran.
Realizar el levantamiento de información de las fuentes pertinentes en cada categoría (Nielsen, Ventas, GFK-Adimark, entre otros), para asegurar la identificación de oportunidades en la categorías de su negocio y así cubrir las necesidades de los clientes y asegurar la rentabilidad.
En SMU S.A. apoyamos y promovemos la Ley N°21.015 de Inclusión Laboral. Además nos encontramos certificados en la Norma Chilena NCh: 3262, de Gestión de igualdad de género y conciliación de la vida laboral, familiar y personal. Por esta razón, todas nuestras oportunidades laborales están abiertas a personas con discapacidad, sin ningún tipo de distinción ni discriminación por género. En SMU, nos esforzamos por gestionar un ambiente inclusivo y equitativo para todas las personas.
Postula aquí, ¡te estamos esperando!",1,"Formación académica en Ingeniería Comercial, Civil Industrial o afín.
Experiencia laboral total de al menos 5 años, con al menos 3 de experiencia en áreas comerciales, en negociación con proveedores desde el retail en roles similares o como proveedor en grandes empresas de consumo masivo.
Es imprescindible tener experiencia en negociaciones comerciales con categorías de consumo masivo en grandes empresas."
Jefe/a Tienda   Alvi Gabriela (Puente Alto),Otra Área,"Puente Alto, Metropolitana de Santiago",Puente Alto,Metropolitana de Santiago,2026-06-26,6095742,smu,2026-07-17,2026-07-27,0.3595,Asesor,Jornada Completa,SMU,Media,Chile,1 años,2026-07-26,https://smu.trabajando.cl/trabajo-empleo/jefe-a-tienda-alvi-gabriela-puente-alto/trabajo/6095742,Supermercados ALVI requiere contratar...,"Supermercados ALVI requiere contratar 'Jefe/a Tienda' para la nueva sucursal ubicada en la comuna de Puente Alto, Región Metropolitana.
Su principal función será coordinar y supervisar el funcionamiento, estado, estándar, compra, aprovisionamiento y stock de la sala, mediante la organización y administración del personal a su cargo, aportando en la eficiencia operativa del local, así mantener el cumplimiento de las normas y metas establecidas por la Compañía
*IMPORTANTE contar con experiencia en cargos similar en Supermercado/Retail
Apoyamos y promovemos la Ley 21.015 de Inclusión Laboral, por esta razón todas nuestras oportunidades laborales están abiertos a personas con discapacidad.",1,"Enseñanza media completa
Contar con experiencia en cargos similar en Supermercado/Retail
Experiencia en manejos de equipos"
Jefe/a Sala ventas Retail- Zona sur RM,Otra Área,"San Bernardo, Metropolitana de Santiago",San Bernardo,Metropolitana de Santiago,2026-06-26,6095756,smu,2026-07-17,2026-07-27,0.4027,Asistente,Jornada Completa,SMU,Media,Chile,1 años,2026-07-26,https://smu.trabajando.cl/trabajo-empleo/jefe-a-sala-ventas-retail-zona-sur-rm/trabajo/6095756,Empresa de retail supermercaderista...,"Empresa de retail supermercaderista requiere contratatar ""Jefe/a sala ventas"" para desempeñarse en nuestra sucursal ubicada en la una comuna de la zona sur, Región Metropolitana.
Dentro de sus funciones se encuentra el velar por la correcta operación del local, supervisando las secciones y orden de la sala de ventas. Entregar instrucciones a colaboradores en sala, autorizar procedimientos y documentación, controlar pedidos de las secciones realizando un doble control, administrar el local velando que se cumplan los procedimientos establecidos por la compañía.
Buscamos personas con conocimiento comprobable en Retail, gastos, adhesión a procesos, brecha, manejo de personal, entre otros.
Apoyamos y promovemos la Ley 21.015 de Inclusión Laboral, por esta razón todas nuestras oportunidades laborales están abiertas a personas con discapacidad.",1,"Enseñanza media completa
Buscamos personas con conocimiento comprobable en Retail, gastos, adhesión a procesos, brecha, manejo de personal, entre otros."
Jefe/a Sala ventas Retail- Maipu,Otra Área,"Maipú, Metropolitana de Santiago",Maipú,Metropolitana de Santiago,2026-06-25,6095480,smu,2026-07-17,2026-07-26,0.414,Asesor,Jornada Completa,SMU,Media,Chile,1 años,2026-07-25,https://smu.trabajando.cl/trabajo-empleo/jefe-a-sala-ventas-retail-maipu/trabajo/6095480,Empresa de retail supermercaderista...,"Empresa de retail supermercaderista requiere contratatar ""Jefe/a sala ventas"" para desempeñarse en nuestra sucursal ubicada en la comuna de Maipu, Región Metropolitana.
Dentro de sus funciones se encuentra el velar por la correcta operación del local, supervisando las secciones y orden de la sala de ventas. Entregar instrucciones a colaboradores en sala, autorizar procedimientos y documentación, controlar pedidos de las secciones realizando un doble control, administrar el local velando que se cumplan los procedimientos establecidos por la compañía.
Buscamos personas con conocimiento comprobable en Retail, gastos, adhesión a procesos, brecha, manejo de personal, entre otros.
Apoyamos y promovemos la Ley 21.015 de Inclusión Laboral, por esta razón todas nuestras oportunidades laborales están abiertas a personas con discapacidad.",1,"Enseñanza media completa
Buscamos personas con conocimiento comprobable en Retail, gastos, adhesión a procesos, brecha, manejo de personal, entre otros."
Jefe/a Sala Super 10-Estación Central,Otra Área,"Estación Central, Metropolitana de Santiago",Estación Central,Metropolitana de Santiago,2026-06-25,6095301,smu,2026-07-17,2026-07-26,0.2935,Asesor,Jornada Completa,SMU,Media,Chile,1 años,2026-07-25,https://smu.trabajando.cl/trabajo-empleo/jefe-a-sala-super-10-estacion-central/trabajo/6095301,"Supermercados Súper 10, requiere contratatar...","Supermercados Súper 10, requiere contratatar ""Jefe/a de Operaciones"" para desempeñarse en nuestra sucursal ubicada en la comuna de Estación Central, Región Metropolitana.
Dentro de sus funciones se encuentra el velar por la correcta operación del local, supervisando las secciones y orden de la sala de ventas. Entregar instrucciones a colaboradores en sala, autorizar procedimientos y documentación, controlar pedidos de las secciones realizando un doble control, administrar el local velando que se cumplan los procedimientos establecidos por la compañía.
Buscamos personas con conocimiento comprobable en Retail, gastos, adhesión a procesos, brecha, manejo de personal, entre otros. ¡¡Te esperamos!!
En Super 10, apoyamos y promovemos la Ley 21.015 de Inclusión Laboral, por esta razón todas nuestras oportunidades laborales están abiertas a personas con discapacidad.",1,"Enseñanza media completa
Buscamos personas con conocimiento comprobable en Retail, gastos, adhesión a procesos, brecha, manejo de personal, entre otros."
Jefe de Sala Retail Alvi Concha y Toro (Puente Alto),Otra Área,"Puente Alto, Metropolitana de Santiago",Puente Alto,Metropolitana de Santiago,2026-06-24,6089189,smu,2026-07-17,2026-07-25,0.4108,Asesor,Jornada Completa,SMU,Media,Chile,1 años,2026-07-24,https://smu.trabajando.cl/trabajo-empleo/jefe-de-sala-retail-alvi-concha-y-toro-puente-alto/trabajo/6089189,Empresa de retail supermercaderista...,"Empresa de retail supermercaderista requiere contratatar ""Jefe/a de Tienda para desempeñarse en nuestra sucursal ubicada en la comuna Puente Alto.
Dentro de sus funciones se encuentra el velar por la correcta operación del local, supervisando las secciones y orden de la sala de ventas. Entregar instrucciones a colaboradores en sala, autorizar procedimientos y documentación, controlar pedidos de las secciones realizando un doble control, administrar el local velando que se cumplan los procedimientos establecidos por la compañía.
Requisitos: Enseñanza media completa, Experiencia comprobable en Retail, gastos, adhesión a procesos, brecha, manejo de personal, entre otros.
Jornada: *Lunes a Domingo 6x1 o 5x2, con dos domingos libres al mes.
*Sueldo acorde a mercado
Apoyamos y promovemos la Ley 21.015 de Inclusión Laboral, por esta razón todas nuestras oportunidades laborales están abiertas a personas con discapacidad.",1,"Requisitos: Enseñanza media completa
Experiencia comprobable en Retail, gastos, adhesión a procesos, brecha, manejo de personal, entre otros."
Supervisor/a de Cajas Full Time- Talagante,Otra Área,"Talagante, Metropolitana de Santiago",Talagante,Metropolitana de Santiago,2026-06-24,6086772,smu,2026-07-17,2026-07-25,0.4281,Asistente,Jornada Completa,SMU,Media,Chile,1 años,2026-07-24,https://smu.trabajando.cl/trabajo-empleo/supervisor-a-de-cajas-full-time-talagante/trabajo/6086772,Supermercados Alvi requiere incorporar...,"Supermercados Alvi requiere incorporar a su equipo de trabajo a Supervisor de Cajas para desempeñarse en su local ubicado en la comuna de Talagante.
Sus principales funciones serán identificar y analizar las mejoras que conduzcan a disminuir los riesgos en el manejo y flujo de las existencias y los valores de la compañía
Requisitos: Enseñanza media completa Mínimo un año de experiencia en procedimiento de caja, cuadraturas, manejo de valores, tesorería. Disponibilidad para trabajar en comuna de Talagante Manejo y supervisión de equipos
Jornada Laboral Full Time Lunes a Domingos 40 horas semanales dos domingos libres al mes, uno o dos dias libres a la semana
Sueldo acorde a mercado Ofrecemos reales oportunidades de desarrollo y crecimiento.
Apoyamos y promovemos la Ley 21.015 de Inclusión Laboral todas nuestras oportunidades están abiertas a personas con discapacidad.",1,"Requisitos: Enseñanza media completa Mínimo un año de experiencia en procedimiento de caja, cuadraturas, manejo de valores, tesorería. Disponibilidad para trabajar en comuna de Talagante Manejo y supervisión de equipos"
Analista CRM Senior,Otra Área,"Las Condes, Metropolitana de Santiago",Las Condes,Metropolitana de Santiago,2026-06-24,6086760,smu,2026-07-17,2026-07-25,0.3933,Analista,Jornada Completa,SMU,Universitaria,Chile,2 años,2026-07-24,https://smu.trabajando.cl/trabajo-empleo/analista-crm-senior/trabajo/6086760,¿Quieres formar parte de la red de...,"¿Quieres formar parte de la red de Supermercados más grande de Chile? 😁
En Unidata, empresa coligada de SMU, queremos que te integres a nuestro equipo de trabajo. Te invitamos a conocernos y unirte a nosotros. Ofrecemos un grato ambiente laboral, donde podrás desarrollarte y crecer de forma permanente, y además un espacio de cercanía y colaboración que distingue a nuestra Compañía.
En esta oportunidad estamos en búsqueda de nuestro/a próximo/a Analista CRM Senior, cuya misión es realizar segmentaciones y automatizaciones para la comunicación promocional y personalizada, buscando la mejora continua en base a análisis para las comunicaciones de los medios propios de cada formato a cargo de SMU (email - push - sms - whatsapp), con el fin de mejorar indicadores de performance y conversión en compras de nuestros clientes. Contribuir y Apoyar las estrategias de contactabilidad para los formatos específicos a cargo, para lograr tener un mayor alcance en cada cartera de clientes. Diseñar y ejecutar análisis y mediciones de resultados de campañas o acciones que muestren contribución en la venta de los formatos.
Dentro de las principales responsabilidades del cargo están:
- Realizar segmentaciones de la base de datos de clientes contactables, para la ejecución de comunicaciones de medios propios como email, notificacion push, sms y whastsapp.
- Diseñar análisis y metodologías de medición para campañas y/o acciones comerciales comunicadas por medios propios, desarrollando reporteria asociada y evaluando resultados.
- Coordinar acciones y posterior medicion de contactabilidad de los formatos a cargo.
- Realizar automatización de comunicaciones en la plataforma de envíos, buscando la eficiencia de los procesos y recursos
- Mejorar la eficiencia de las comunicaciones asegurando el cumplimiento de la política de toques.
Requisitos:
- Título profesional en Ingeniería Civil Industrial, Ingeniería Comercial o carrera a fin.
- Al menos 2-3 años de experiencia laboral.
- Experiencia en retail o empresas de marketing masivo.
- Experiencia en áreas de CRM o análisis de comportamiento de clientes.
- Conocimientos en lenguaje SQL nivel intermedio-avanzado (excluyente).
- Manejo de Salesforce nivel intermedio-avanzado (excluyente).
- Noción de automatización de procesos.
En SMU apoyamos y promovemos la Ley N°21.015 de Inclusión Laboral. Además nos encontramos certificados en la Norma Chilena NCh: 3262, de Gestión de igualdad de género y conciliación de la vida laboral, familiar y personal. Por esta razón todas nuestras oportunidades laborales están abiertas a personas con discapacidad , y sin ningún tipo de distinción ni discriminación por género. En SMU, nos esforzamos por gestionar un ambiente inclusivo y equitativo para todas las personas.",1,"- Título profesional en Ingeniería Civil Industrial, Ingeniería Comercial o carrera a fin.
- Al menos 2-3 años de experiencia laboral.
- Experiencia en retail o empresas de marketing masivo.
- Experiencia en áreas de CRM o análisis de comportamiento de clientes.
- Conocimientos en lenguaje SQL nivel intermedio-avanzado (excluyente).
- Manejo de Salesforce nivel intermedio-avanzado (excluyente).
- Noción de automatización de procesos."
Prevencionista de Riesgos - Unimarc Región Metropolitana,Otra Área,"Santiago, Metropolitana de Santiago",Santiago,Metropolitana de Santiago,2026-06-24,6086548,smu,2026-07-17,2026-07-25,0.346,Otro Profesional,En terreno,Unimarc,Universitaria,Chile,2 años,2026-07-24,https://smu.trabajando.cl/trabajo-empleo/prevencionista-de-riesgos-unimarc-region-metropolitana/trabajo/6086548,¿Quieres formar parte de la red de...,"¿Quieres formar parte de la red de Supermercados más grande de Chile? 😁
En Unimarc, parte de SMU, queremos que te integres a nuestro equipo de trabajo. Te invitamos a conocernos y unirte a nosotros. Ofrecemos un grato ambiente laboral, donde podrás desarrollarte y crecer de forma permanente, y además un espacio de cercanía y colaboración que distingue a nuestra Compañía. En esta oportunidad estamos en búsqueda de nuestro/a próximo/a Prevencionista de Riesgos para desempeñarse en la región metropolitana.
Dentro de las principales responsabilidades del cargo están:
Implementar y ejecutar el Sistema de Gestión de Seguridad y Salud en el Trabajo, monitoreando indicadores de accidentabilidad y cumplimiento preventivo.
Implementar y asesorar técnicamente al Comité Paritario, participando en investigaciones de accidentes y acciones preventivas.
Realizar inspecciones de seguridad, elaborar matrices de riesgo (MIPER) y velar por el cumplimiento legal en prevención de riesgos.
Reportar desviaciones, proponer mejoras preventivas y coordinar planes y simulacros de emergencia y evacuación.
Ejecutar capacitaciones en prevención de riesgos y supervisar sistemas contra incendios y protocolos MINSAL.
Supervisar empresas contratistas en materias de seguridad y prevención, realizando auditorías y control documental.
Gestionar el cumplimiento de normativas legales y coordinar acciones con mutualidades y organismos relacionados.
Requisitos:
- Título de Ingeniería en Prevención de Riesgos
- Deseable experiencia en Retail
- Contar con movilización propia (no excluyente)
- 2 años de experiencia en roles similares
En SMU apoyamos y promovemos la Ley N°21.015 de Inclusión Laboral. Además nos encontramos certificados en la Norma Chilena NCh: 3262, de Gestión de igualdad de género y conciliación de la vida laboral, familiar y personal. Por esta razón todas nuestras oportunidades laborales están abiertas a personas con discapacidad , y sin ningún tipo de distinción ni discriminación por género. En SMU, nos esforzamos por gestionar un ambiente inclusivo y equitativo para todas las personas.",1,"- Título de Ingeniería en Prevención de Riesgos
- Deseable experiencia en Retail
- Contar con movilización propia (no excluyente)
- 2 años de experiencia en roles similares"
Administrador-Gerente de Tienda Retail -Estación Central,Otra Área,"Estación Central, Metropolitana de Santiago",Estación Central,Metropolitana de Santiago,2026-06-23,6086396,smu,2026-07-17,2026-07-24,0.4805,Administrador,Jornada Completa,SMU,Técnico medio/ colegio técnico,Chile,1 años,2026-07-23,https://smu.trabajando.cl/trabajo-empleo/administrador-gerente-de-tienda-retail-estacion-central/trabajo/6086396,Cadena de Retail Supermercadista requiere...,"Cadena de Retail Supermercadista requiere contratar 'Administrador/a' para una de nuestras sucursales ubicadas en la comuna de Estación Central. Su principal objetivo será planificar, coordinar y controlar el proceso de entrega del servicio a nuestros clientes para cumplir con las metas de ingresos, gastos y resultados de la tienda de su responsabilidad, asegurando la ejecución de los estándares operacionales, de seguridad, calidad y gestión del equipo definidos por el supermercado.
Debe tener experiencia como Administrador, Sub-Administrador, Gerente de tienda, etc. en cadenas de Retail supermercadista.
Ofrecemos: -Estabilidad laboral. -Beneficios asociados. -Bonos complementarios. -Seguro de salud.
Requisitos: Título Técnico de Nivel Superior o Universitario en áreas de Administración, Logística o afines. Experiencia de al menos 2 años liderando equipos de trabajo en empresas de retail, supermercados, logistica (construcción), consumo masivo, entre otras.
Promovemos la Ley 21.015 de Inclusión Laboral, por esta razón todas nuestras oportunidades laborales están abiertos a personas con discapacidad.",1,"Requisitos: Título Técnico de Nivel Superior o Universitario en áreas de Administración, Logística o afines. Experiencia de al menos 2 años liderando equipos de trabajo en empresas de retail, supermercados, logistica (construcción), consumo masivo, entre otras."
Encargado de Recepción Supermercado- La Ligua,Otra Área,"La Ligua, Valparaíso",La Ligua,Valparaíso,2026-06-22,6085524,smu,2026-07-17,2026-08-08,0.3805,Asistente,Jornada Completa,SMU,Media,Chile,1 años,2026-08-21,https://smu.trabajando.cl/trabajo-empleo/encargado-de-recepcion-supermercado-la-ligua/trabajo/6085524,Porque te necesitamos a ti y buscamos...,"Porque te necesitamos a ti y buscamos a los mejores, importante cadena de Supermercados requiere contratar a personas deseable con experiencia, para desempeñarse en el cargo de 'Encargado de Recepción' Full Time, para nuestra sucursal que se encuentra en la comuna de La Ligua, Región de Valparaíso.
Dentro de sus funciones se encuentra Controlar en el local el ingreso y egreso de personas, así como también de productos, revisando y/o registrando la documentación correspondiente para fiscalizar el orden de mercaderías que ingresan a la bodega.
Requisitos: Enseñanza media completa, Experiencia mínima de 1 año en labores de Recepción
Horario: Lunes Domingo 6x1 o 5x2 con dos domingos libres al mes
Sueldo acorde a mercado
Que ofrecemos: Siendo parte de nuestra empresa puedes acceder a grandes beneficios entre los cuales destacamos: - Seguro complementario de salud - Múltiples beneficios en Ópticas, farmacias, educación, etc.
Apoyamos y promovemos la Ley 21.015 de Inclusión Laboral, por esta razón todas nuestras oportunidades laborales están abiertos a personas con discapacidad.",1,"Enseñanza media completa, Experiencia mínima de 1 año en labores de Recepción"
Administrador(a)/Gerente de Tienda-La Ligua,Otra Área,"La Ligua, Valparaíso",La Ligua,Valparaíso,2026-06-22,6085500,smu,2026-07-17,2026-08-08,0.483,Asesor,Jornada Completa,SMU,Técnico medio/ colegio técnico,Chile,1 años,2026-08-21,https://smu.trabajando.cl/trabajo-empleo/administrador-a-gerente-de-tienda-la-ligua/trabajo/6085500,Cadena de Retail supermercadista requiere...,"Cadena de Retail supermercadista requiere contratar 'Administrador/a' para una de sus sucursales ubicadas en la comuna de La Ligua, Región de Valparaíso.
Su principal objetivo será planificar, coordinar y controlar el proceso de entrega del servicio a nuestros clientes para cumplir con las metas de ingresos, gastos y resultados de la tienda de su responsabilidad, asegurando la ejecución de los estándares operacionales, de seguridad, calidad y gestión del equipo definidos por el supermercado.
Ofrecemos: -Estabilidad laboral. -Beneficios asociados. -Bonos complementarios. -Seguro de salud.
Requisitos:
Título Técnico de Nivel Superior o Universitario en áreas de Administración, Logística o afines.
Experiencia como Administrador, Sub-Administrador, Gerente de tienda, etc. en cadenas de Retail supermercadista. -Residencia en la zona.
Experiencia de al menos 2 años liderando equipos de trabajo en empresas de retail, logistica (construcción), consumo masivo, entre otras.
Promovemos la Ley 21.015 de Inclusión Laboral, por esta razón todas nuestras oportunidades laborales están abiertos a personas con discapacidad.",1,"-Experiencia como Administrador, Sub-Administrador, Gerente de tienda, etc. en cadenas de Retail supermercadista
-Título Técnico de Nivel Superior o Universitario en áreas de Administración, Logística o afines."
Tesorero(a) Full Time 30 hrs - La Ligua,Otra Área,"La Ligua, Valparaíso",La Ligua,Valparaíso,2026-06-22,6085479,smu,2026-07-17,2026-08-08,0.4654,Asesor,Part Time,SMU,Media,Chile,1 años,2026-08-21,https://smu.trabajando.cl/trabajo-empleo/tesorero-a-full-time-30-hrs-la-ligua/trabajo/6085479,Cadena de Retail Supermercaderista...,"Cadena de Retail Supermercaderista busca Tesorero/a Sucursal la Ligua, Región de Valparaíso.
¿Cuál será tu función?
Supervisar la operatividad y disponibilidad de la sección cajas, aportando eficiencia y fluidez en el funcionamiento del área, cumpliendo con los estándares de calidad, procedimientos y protocolos establecidos.
Entre tus tareas están: apertura de sala de arqueo, cuadratura de fondo, preparación y entrega de REPO a cajeras, retiro de efectivo, asignación y estado de cajas, apoyo en caja manual y autoservicio, anulación de productos, provisión de sencillo y atención al cliente.
Requisitos
Enseñanza media completa y mínimo 1 año de experiencia en caja en el área del retail.
Jornada
Full time 30 horas semanales
Lunes a domingo- Turnos rotativos 6x1 y 5x2 (Dos domingos libres al mes)
* Sueldo acorde a mercado
Ofrecemos reales oportunidades de desarrollo y crecimiento.
Apoyamos y promovemos la Ley 21.015 de Inclusión Laboral todas nuestras oportunidades están abiertas a personas con discapacidad.",1,Enseñanza media completa y mínimo 1 año de experiencia en caja en el área del retail.
Tesorero/a Part Time 20 hrs- La Ligua,Otra Área,"La Ligua, Valparaíso",La Ligua,Valparaíso,2026-06-22,6085417,smu,2026-07-17,2026-08-08,0.4488,Asesor,Jornada Completa,SMU,Media,Chile,1 años,2026-08-21,https://smu.trabajando.cl/trabajo-empleo/tesorero-a-part-time-20-hrs-la-ligua/trabajo/6085417,Supermercado busca Tesorero/a Part...,"Supermercado busca Tesorero/a Part Time 20 horas para la comuna de La Ligua ¿Cuál será tu función? Supervisar la operatividad y disponibilidad de la sección cajas, aportando eficiencia y fluidez en el funcionamiento del área, cumpliendo con los estándares de calidad, procedimientos y protocolos establecidos.
Entre tus tareas están: apertura de sala de arqueo, cuadratura de fondo, preparación y entrega de REPO a cajeras, retiro de efectivo, asignación y estado de cajas, apoyo en caja manual y autoservicio, anulación de productos, provisión de sencillo y atención al cliente.
Requisitos Enseñanza media completa y mínimo 1 año de experiencia en caja en el área del retail.
Jornada Part time 20 horas semanales * sábados, domingos y festivos.
*Sueldo acorde a mercado
Ofrecemos reales oportunidades de desarrollo y crecimiento!
Apoyamos y promovemos la Ley 21.015 de Inclusión Laboral todas nuestras oportunidades están abiertas a personas con discapacidad.",1,Requisitos Enseñanza media completa y mínimo 1 año de experiencia en caja en el área del retail.
Jefe/a de Sala Retail-La Ligua,Otra Área,"La Ligua, Valparaíso",La Ligua,Valparaíso,2026-06-22,6085485,smu,2026-07-17,2026-07-23,0.4334,Asistente,Jornada Completa,SMU,Media,Chile,1 años,2026-07-22,https://smu.trabajando.cl/trabajo-empleo/jefe-a-de-sala-retail-la-ligua/trabajo/6085485,Empresa de retail supermercaderista...,"Empresa de retail supermercaderista requiere contratatar ""Jefe/a de Sala para desempeñarse en nuestra sucursal ubicada en la comuna de La Ligua.
Dentro de sus funciones se encuentra el velar por la correcta operación del local, supervisando las secciones y orden de la sala de ventas. Entregar instrucciones a colaboradores en sala, autorizar procedimientos y documentación, controlar pedidos de las secciones realizando un doble control, administrar el local velando que se cumplan los procedimientos establecidos por la compañía.
Requisitos:
*Enseñanza media completa
*Experiencia comprobable en Retail, gastos, adhesión a procesos, brecha, manejo de personal, entre otros.
Jornada:
*Lunes a Domingo 6x1 o 5x2, con dos domingos libres al mes.
Sueldo acorde a mercado
Apoyamos y promovemos la Ley 21.015 de Inclusión Laboral, por esta razón todas nuestras oportunidades laborales están abiertas a personas con discapacidad.",1,"*Enseñanza media completa
*Experiencia comprobable en Retail, gastos, adhesión a procesos, brecha, manejo de personal, entre otros."
Gestión de Personas RRHH -La Ligua,Otra Área,"La Ligua, Valparaíso",La Ligua,Valparaíso,2026-06-22,6085519,smu,2026-07-17,2026-07-23,0.4082,Auxiliar,Jornada Completa,SMU,Técnico medio/ colegio técnico,Chile,2 años,2026-07-22,https://smu.trabajando.cl/trabajo-empleo/gestion-de-personas-rrhh-la-ligua/trabajo/6085519,Cadena de Retail Supermercaderista...,"Cadena de Retail Supermercaderista se encuentra en búsqueda de un/a Encargado/a de Servicio a Personas - Full Time 40 hrs para nuestro local en la comuna de La Ligua, Región de Valparaíso.
¿Cuál es tu misión?
Supervisar y ejecutar la gestión de los diversos documentos, requerimientos y solicitudes del personal del local a tu cargo, manteniendo disponible y vigente la información necesaria, en cumplimiento con las normativas legales y las políticas internas de Unimarc en el área de RRHH.
Principales responsabilidades
Supervisar y preparar información del sistema de control de asistencia, verificando con cada colaborador/a.
Tramitar los requerimientos del personal: licencias médicas, reembolsos, pagos de comisiones, entre otros.
Elaborar, ordenar y archivar la documentación legal de cada colaborador/a (contratos, anexos, cartas de amonestación, etc.).
Apoyar la gestión general del personal: comité paritario, solicitudes de dotación, actividades extraprogramáticas y más.
Atender todas las consultas del personal relacionadas con temas de RRHH de manera presencial.
¿Qué buscamos en ti?
Formación técnica superior en Administración, Recursos Humanos o carrera afín.
Al menos 1 año de experiencia en funciones similares.
Manejo de SAP, Excel y tramitación de licencias médicas.
Conocimiento de legislación laboral.
Apoyamos la Ley N°21.015 de Inclusión Laboral y contamos con la certificación NCh 3262 de Gestión de Igualdad de Género. Todas nuestras oportunidades están abiertas a personas con discapacidad, sin distinción ni discriminación de ningún tipo.",1,"Formación técnica superior en Administración, Recursos Humanos o carrera afín.
Al menos 1 año de experiencia en funciones similares.
Manejo de SAP, Excel y tramitación de licencias médicas.
Conocimiento de legislación laboral."
Aprendiz Jefe/a de Local III Región- $650.000.-,Otra Área,"Copiapó, Atacama",Copiapó,Atacama,2026-06-19,6085009,smu,2026-07-17,2026-08-08,0.3804,Otro Profesional,Jornada Completa,SMU,Técnico profesional superior,Chile,,2026-08-18,https://smu.trabajando.cl/trabajo-empleo/aprendiz-jefe-a-de-local-iii-region-650-000/trabajo/6085009,🚀 ¡Súmate a SMU y desarrolla tu carrera...,"🚀 ¡Súmate a SMU y desarrolla tu carrera como Jefe/a de Local!
En SMU buscamos personas con motivación por liderar equipos y crecer profesionalmente para participar en nuestro programa de formación Jefe/a de Local , orientado a nuestros distintos formatos de negocio en la III Región.
A través de este programa, recibirás capacitación y entrenamiento práctico para adquirir las herramientas necesarias que te permitirán desempeñarte exitosamente en el cargo.
Al finalizar el proceso, estarás preparado/a para:
Coordinar y supervisar la operación integral del local.
Gestionar estándares de funcionamiento, abastecimiento y control de stock.
Liderar y administrar equipos de trabajo.
Contribuir al cumplimiento de metas operacionales y comerciales.
Velar por la eficiencia operativa y el cumplimiento de normas establecidas.
💡 Si te apasiona el liderazgo, el trabajo en equipo y quieres proyectarte en el rubro supermercadista, esta es tu oportunidad.
¡Postula y sé parte de SMU!",1,"-No requiere experiencia laboral.
-Título Técnico Superior / Profesional en Administración, Área Logística o carrera afín.
-Disponibilidad para trabajo en equipo.
¡¡Te estamos esperando!!"
Aprendiz Jefe/a de Local VI Región- $650.000.-,Otra Área,"Rancagua, Lib. Gral. Bdo. O'Higgins",Rancagua,Lib. Gral. Bdo. O'Higgins,2026-06-19,6085001,smu,2026-07-17,2026-08-08,0.3679,Otro Profesional,Jornada Completa,SMU,Técnico profesional superior,Chile,,2026-08-18,https://smu.trabajando.cl/trabajo-empleo/aprendiz-jefe-a-de-local-vi-region-650-000/trabajo/6085001,🚀 ¡Súmate a SMU y desarrolla tu carrera...,"🚀 ¡Súmate a SMU y desarrolla tu carrera como Jefe/a de Local!
En SMU buscamos personas con motivación por liderar equipos y crecer profesionalmente para participar en nuestro programa de formación Jefe/a de Local , orientado a nuestros distintos formatos de negocio en la VI Región.
A través de este programa, recibirás capacitación y entrenamiento práctico para adquirir las herramientas necesarias que te permitirán desempeñarte exitosamente en el cargo.
Al finalizar el proceso, estarás preparado/a para:
Coordinar y supervisar la operación integral del local.
Gestionar estándares de funcionamiento, abastecimiento y control de stock.
Liderar y administrar equipos de trabajo.
Contribuir al cumplimiento de metas operacionales y comerciales.
Velar por la eficiencia operativa y el cumplimiento de normas establecidas.
💡 Si te apasiona el liderazgo, el trabajo en equipo y quieres proyectarte en el rubro supermercadista, esta es tu oportunidad.
¡Postula y sé parte de SMU!",1,"-No requiere experiencia laboral.
-Título Técnico Superior / Profesional en Administración, Área Logística o carrera afín.
-Disponibilidad para trabajo en equipo.
¡¡Te estamos esperando!!"
Aprendiz Jefe/a de Local VII Región- $650.000.-,Otra Área,"Talca, Maule",Talca,Maule,2026-06-19,6084999,smu,2026-07-17,2026-08-08,0.3998,Otro Profesional,Jornada Completa,SMU,Técnico profesional superior,Chile,,2026-08-18,https://smu.trabajando.cl/trabajo-empleo/aprendiz-jefe-a-de-local-vii-region-650-000/trabajo/6084999,🚀 ¡Súmate a SMU y desarrolla tu carrera...,"🚀 ¡Súmate a SMU y desarrolla tu carrera como Jefe/a de Local!
En SMU buscamos personas con motivación por liderar equipos y crecer profesionalmente para participar en nuestro programa de formación Jefe/a de Local , orientado a nuestros distintos formatos de negocio en la VII Región.
A través de este programa, recibirás capacitación y entrenamiento práctico para adquirir las herramientas necesarias que te permitirán desempeñarte exitosamente en el cargo.
Al finalizar el proceso, estarás preparado/a para:
Coordinar y supervisar la operación integral del local.
Gestionar estándares de funcionamiento, abastecimiento y control de stock.
Liderar y administrar equipos de trabajo.
Contribuir al cumplimiento de metas operacionales y comerciales.
Velar por la eficiencia operativa y el cumplimiento de normas establecidas.
💡 Si te apasiona el liderazgo, el trabajo en equipo y quieres proyectarte en el rubro supermercadista, esta es tu oportunidad.
¡Postula y sé parte de SMU!",1,"-No requiere experiencia laboral.
-Título Técnico Superior / Profesional en Administración, Área Logística o carrera afín.
-Disponibilidad para trabajo en equipo.
¡¡Te estamos esperando!!"
Aprendiz Jefe/a de Local RM- $650.000.-,Otra Área,"Santiago, Metropolitana de Santiago",Santiago,Metropolitana de Santiago,2026-06-19,6084998,smu,2026-07-17,2026-08-08,0.3985,Otro Profesional,Jornada Completa,SMU,Técnico profesional superior,Chile,,2026-08-18,https://smu.trabajando.cl/trabajo-empleo/aprendiz-jefe-a-de-local-rm-650-000/trabajo/6084998,🚀 ¡Súmate a SMU y desarrolla tu carrera...,"🚀 ¡Súmate a SMU y desarrolla tu carrera como Jefe/a de Local!
En SMU buscamos personas con motivación por liderar equipos y crecer profesionalmente para participar en nuestro programa de formación Jefe/a de Local , orientado a nuestros distintos formatos de negocio en Región Metropolitana.
A través de este programa, recibirás capacitación y entrenamiento práctico para adquirir las herramientas necesarias que te permitirán desempeñarte exitosamente en el cargo.
Al finalizar el proceso, estarás preparado/a para:
Coordinar y supervisar la operación integral del local.
Gestionar estándares de funcionamiento, abastecimiento y control de stock.
Liderar y administrar equipos de trabajo.
Contribuir al cumplimiento de metas operacionales y comerciales.
Velar por la eficiencia operativa y el cumplimiento de normas establecidas.
💡 Si te apasiona el liderazgo, el trabajo en equipo y quieres proyectarte en el rubro supermercadista, esta es tu oportunidad.
¡Postula y sé parte de SMU!",1,"-No requiere experiencia laboral.
-Título Técnico Superior / Profesional en Administración, Área Logística o carrera afín.
-Disponibilidad para trabajo en equipo.
¡¡Te estamos esperando!!"
Aprendiz Jefe/a de Local V Región- $650.000.-,Otra Área,"Valparaíso, Valparaíso",Valparaíso,Valparaíso,2026-06-19,6084997,smu,2026-07-17,2026-08-08,0.3852,Otro Profesional,Jornada Completa,SMU,Técnico profesional superior,Chile,,2026-08-18,https://smu.trabajando.cl/trabajo-empleo/aprendiz-jefe-a-de-local-v-region-650-000/trabajo/6084997,🚀 ¡Súmate a SMU y desarrolla tu carrera...,"🚀 ¡Súmate a SMU y desarrolla tu carrera como Jefe/a de Local!
En SMU buscamos personas con motivación por liderar equipos y crecer profesionalmente para participar en nuestro programa de formación Jefe/a de Local , orientado a nuestros distintos formatos de negocio en la V Región.
A través de este programa, recibirás capacitación y entrenamiento práctico para adquirir las herramientas necesarias que te permitirán desempeñarte exitosamente en el cargo.
Al finalizar el proceso, estarás preparado/a para:
Coordinar y supervisar la operación integral del local.
Gestionar estándares de funcionamiento, abastecimiento y control de stock.
Liderar y administrar equipos de trabajo.
Contribuir al cumplimiento de metas operacionales y comerciales.
Velar por la eficiencia operativa y el cumplimiento de normas establecidas.
💡 Si te apasiona el liderazgo, el trabajo en equipo y quieres proyectarte en el rubro supermercadista, esta es tu oportunidad.
¡Postula y sé parte de SMU!",1,"-No requiere experiencia laboral.
-Título Técnico Superior / Profesional en Administración, Área Logística o carrera afín.
-Disponibilidad para trabajo en equipo.
¡¡Te estamos esperando!!"
Tesorero/a Full Time- La Ligua,Otra Área,"La Ligua, Valparaíso",La Ligua,Valparaíso,2026-06-19,6085056,smu,2026-07-17,2026-07-20,0.4552,Asesor,Jornada Completa,SMU,Media,Chile,,2026-07-19,https://smu.trabajando.cl/trabajo-empleo/tesorero-a-full-time-la-ligua/trabajo/6085056,Cadena de Retail Supermercaderista...,"Cadena de Retail Supermercaderista busca Tesorero/a Sucursal La Ligua, Región de Valparaíso.
¿Cuál será tu función?
Supervisar la operatividad y disponibilidad de la sección cajas, aportando eficiencia y fluidez en el funcionamiento del área, cumpliendo con los estándares de calidad, procedimientos y protocolos establecidos.
Entre tus tareas están: apertura de sala de arqueo, cuadratura de fondo, preparación y entrega de REPO a cajeras, retiro de efectivo, asignación y estado de cajas, apoyo en caja manual y autoservicio, anulación de productos, provisión de sencillo y atención al cliente.
Requisitos
Enseñanza media completa y mínimo 1 año de experiencia en caja en el área del retail.
Jornada
Full Time, Lunes a Domingos 40 horas semanales, dos domingos libres al mes y uno o dos días libres a la semana
*Sueldo acorde a mercado
Ofrecemos reales oportunidades de desarrollo y crecimiento.
Apoyamos y promovemos la Ley 21.015 de Inclusión Laboral todas nuestras oportunidades están abiertas a personas con discapacidad.",1,Enseñanza media completa y mínimo 1 año de experiencia en caja en el área del retail.
Desarrollador(a) Fullstack,Otra Área,"Las Condes, Metropolitana de Santiago",Las Condes,Metropolitana de Santiago,2026-06-18,6084287,smu,2026-07-17,2026-08-08,0.3547,Desarrollador,Jornada Completa,SMU,Universitaria,Chile,2 años,2026-08-17,https://smu.trabajando.cl/trabajo-empleo/desarrollador-a-fullstack/trabajo/6084287,¿Quieres formar parte de la red de...,"¿Quieres formar parte de la red de Supermercados más grande de Chile? 😀
En SMU queremos que te integres a nuestro equipo de trabajo. Te invitamos a conocernos y unirte a nosotros. Ofrecemos un grato ambiente laboral, donde podrás desarrollarte y crecer de forma permanente, y además un espacio de cercanía y colaboración que distingue a nuestra Compañía.
En esta oportunidad estamos en búsqueda de un/a nuevo/a Desarrollador(a) Fullstack, quien será responsable de administrar y desarrollar aplicaciones y productos internos de software, así como desarrollar interfaces con sistemas financieros externos e internos. Deberá trabajar con proveedores de sistemas desde la perspectiva técnica, así como brindar la mantención evolutiva de aplicaciones internas o provistas por terceros, manteniendo una mirada fresca de las nuevas tecnologías para incorporar nuevas técnicas en su diario acontecer.
Entre sus funciones estarán:
Desarrollar Web Services de integración entre sistemas financieros para lograr Web Services funcionales, seguros, escalables y documentados que aseguren la integración eficiente y confiable entre los sistemas financieros, minimizando errores y latencia en las transacciones.
Analizar código de sistemas provistos por proveedores externos para efectos de desarrollos evolutivos para lograr identificar oportunidades de mejora, riesgos técnicos y rutas de desarrollo óptimas para implementaciones evolutivas, asegurando la compatibilidad y mantenibilidad del sistema.
Realizar la mantención de portal Web y desarrollo de la Intranet para velar por su disponibilidad, rendimiento optimizado y experiencia de usuario satisfactoria; e Intranet desarrollada y funcional que satisfaga las necesidades de comunicación y herramientas internas, ambos con actualizaciones y correcciones de errores implementadas a tiempo.
Realizar la mantención evolutiva del sharepoint y de los workflow implementados para velar por su actualización, optimización y adaptación a los cambios de requisitos del negocio, garantizando la continuidad operativa y la mejora de la eficiencia de los procesos empresariales.
Participar en los procesos de control de calidad y puesta en producción de los sistemas, para velar por su funcionamiento, y liberaciones a producción exitosas, documentadas y sin interrupciones significativas en el servicio, asegurando la estabilidad y fiabilidad post-despliegue
Implementar controles automatizados sobre los Sistemas Financieros y de Pagos para aportar a la integridad, seguridad y cumplimiento normativo de los Sistemas Financieros y de Pagos, detectando y alertando proactivamente sobre anomalías o desviaciones
Apoyar a todo el equipo financiero en la adopción de tecnologías y procesos automatizados
Evaluar y recomendar nuevas tecnologías de desarrollo para incorporarlas al trabajo cotidiano para aportar a la innovación, con planes de implementación claros, que mejoren la productividad, la calidad del software y la capacidad de respuesta a las necesidades futuras del negocio.
Desarrollar reportes automatizados y así como tableros de control que aporten información relevante, para aportar al monitoreo del rendimiento y apoyen la toma de decisiones estratégicas y operativas
Condiciones y Beneficios
Contrato con proyección indefinida
Seguros complementarios de salud y dental
Medidas de conciliación laboral-personal
Entre otros
Esperamos tu postulación!!!
En SMU trabajamos por gestionar un ambiente inclusivo y equitativo para todas las personas. Apoyamos y promovemos la Ley °21.015 de Inclusión Laboral y estamos certificados en la Norma Chilena 3262, de Gestión de igualdad de género y conciliación de la vida laboral, familiar y personal, por lo que todas nuestras oportunidades laborales están abiertas a la participación universal de personas, indistintamente de su género o condición de discapacidad.",1,"Requisitos:
Formación Profesional en Ingeniera Informática o de Sistemas o afín, con sólidos conocimientos en integración y desarrollo de software.
2 a 5 años de experiencia en roles de desarrollo fullstack
Conocimientos o Dominio en . NET (Framework 4.6+ y Core 2.1 y 3.1) y C#. o Experiencia en SOA y REST, incluyendo la construcción y uso de Web Services y APIs REST, manejo de XML y JSON, y herramientas como Postman y SOAPUI. o Dominio en desarrollo usando bases de datos. o Experiencia y entendimiento en Web Services. o Conocimiento de herramientas ETL (Extract, Transform, Load). o Habilidades en desarrollo WEB (HTML, HTML5, JavaScript). o Manejo de herramientas de control de versiones como Azure DevOps, GIT y SVN. o Capacidad de manejo de servidores Windows y Linux."
"Desarrollador(a) Fullstack SR - Presencial, Las Condes",Otra Área,"Las Condes, Metropolitana de Santiago",Las Condes,Metropolitana de Santiago,2026-06-18,6084289,smu,2026-07-17,2026-08-08,0.3444,Desarrollador,Jornada Completa,SMU,Universitaria,Chile,4 años,2026-08-17,https://smu.trabajando.cl/trabajo-empleo/desarrollador-a-fullstack-sr-presencial-las-condes/trabajo/6084289,¿Quieres formar parte de la red de...,"¿Quieres formar parte de la red de Supermercados más grande de Chile? 😀
En SMU queremos que te integres a nuestro equipo de trabajo. Te invitamos a conocernos y unirte a nosotros. Ofrecemos un grato ambiente laboral, donde podrás desarrollarte y crecer de forma permanente, y además un espacio de cercanía y colaboración que distingue a nuestra Compañía. En esta oportunidad estamos en búsqueda de un/a nuevo/a Desarrollador(a) Fullstack SR, quien será responsable de diseñar, desarrollar e implementar soluciones tecnológicas integrales (front-end y back-end) para los canales de tarjeta Unicard y las sociedades del área financiera, asegurando la entrega de servicios eficientes, innovadores y de alta calidad a clientes / usuarios(as) externos(as) e internos(as). Asimismo, deberá colaborar en la definición de arquitecturas, buenas prácticas de desarrollo y en la mejora continua de los sistemas de la Compañía, garantizando su óptimo rendimiento, escalabilidad y seguridad.
Entre sus funciones estarán:
Desarrollar Web Services (Rest y mensajería) y interfaces de integración entre sistemas financieros, para lograr una comunicación fluida y eficiente entre los sistemas financieros internos y externos, asegurando la interoperabilidad de datos y procesos.
Administrar aplicaciones y desarrollos internos, así como realizar la mantención evolutiva de aplicaciones provistas por terceros, para velar por la operatividad, estabilidad y constante evolución de todas las aplicaciones clave y criticas, tanto las desarrolladas internamente como las provistas por proveedores externos y sus integraciones.
Liderar metodológicamente el área de Desarrollo en el área financiera para fomentar y promover prácticas de desarrollo consistentes y eficientes, estableciendo mejora continua y la adopción de metodologías ágiles  dentro del equipo.
Analizar código de sistemas provistos por proveedores externos e integraciones internas, para lograr identificar oportunidades de mejora y asegurar la calidad y adaptabilidad de los sistemas de terceros, facilitando su mantención evolutiva y alineación con las necesidades del negocio.
Ser referente tecnológico, aportando una mirada fresca de nuevas tecnologías y liderando técnicamente a otros(as) desarrolladores(as), para aportar a la innovación tecnológica dentro del equipo, guiar el crecimiento técnico de otros desarrolladores(as) y velar por la adopción de soluciones modernas y eficientes.
Implementar controles automatizados sobre los Sistemas Financieros y de Pagos, para mejorar la seguridad, precisión y eficiencia de los procesos financieros y de pagos mediante la automatización, reduciendo errores y riesgos operativos.
Desarrollar reportes automatizados y tableros de control para lograr proveer a los equipos financieros herramientas de monitoreo y análisis en tiempo real, facilitando la toma de decisiones informadas y el control efectivo de la cartera.
Realizar la mantención a las SW de integraciones críticas, al portal Web  y la mantención evolutiva de los diferentes sistemas para velar por su actualización y funcionalidad, mejorando la colaboración y la eficiencia en la gestión de la información y los procesos internos.
Requisitos:
Formación Técnico - Profesional en Ingeniera Informática o de Sistemas o afín.
Al menos 4 años de experiencia en el desarrollo de Web Services, mantenimiento de portales web e intranet, SharePoint y workflows, control de calidad, implementación de controles automatizados y desarrollo de reportes/tableros de control.
Manejo de Herramientas:
Dominio en . NET (Framework 4.6 + y Core 2.1 y 3.1) y C #.
Conocimiento en ORM como EntityFramework o Dapper.
Experiencia en SOA y REST, incluyendo la construcción y uso de Web Services y APIs REST,
Manejo de XML y JSON, y herramientas como Postman y SOAPUI.
Sólidos conocimientos en Frameworks FrontEnd, específicamente Angular 6 en adelante y Typescript.
Experiencia en bases de datos SQL Server, dominando T-SQL, DML y DDL.
Manejo de herramientas de control de versiones como Azure DevOps, GIT y SVN.
Condiciones y Beneficios
Contrato con proyección indefinida
Seguros complementarios de salud y dental
Medidas de conciliación laboral-personal
Entre otros
Esperamos tu postulación!!!
En SMU trabajamos por gestionar un ambiente inclusivo y equitativo para todas las personas. Apoyamos y promovemos la Ley °21.015 de Inclusión Laboral y estamos certificados en la Norma Chilena 3262, de Gestión de igualdad de género y conciliación de la vida laboral, familiar y personal, por lo que todas nuestras oportunidades laborales están abiertas a la participación universal de personas, indistintamente de su género o condición de discapacidad.",1,"Formación Técnico - Profesional en Ingeniera Informática o de Sistemas o afín.
Al menos 4 años de experiencia en el desarrollo de Web Services, mantenimiento de portales web e intranet, SharePoint y workflows, control de calidad, implementación de controles automatizados y desarrollo de reportes/tableros de control.
Manejo de Herramientas:
Dominio en . NET (Framework 4.6 + y Core 2.1 y 3.1) y C#.
Conocimiento en ORM como EntityFramework o Dapper.
Experiencia en SOA y REST, incluyendo la construcción y uso de Web Services y APIs REST,
Manejo de XML y JSON, y herramientas como Postman y SOAPUI.
Sólidos conocimientos en Frameworks FrontEnd, específicamente Angular 6 en adelante y Typescript.
Experiencia en bases de datos SQL Server, dominando T-SQL, DML y DDL.
Manejo de herramientas de control de versiones como Azure DevOps, GIT y SVN."
Jefe/a de Sala Retail- Independencia,Otra Área,"Independencia, Metropolitana de Santiago",Independencia,Metropolitana de Santiago,2026-06-18,6084699,smu,2026-07-17,2026-07-19,0.4286,Asesor,Jornada Completa,SMU,Media,Chile,1 años,2026-07-18,https://smu.trabajando.cl/trabajo-empleo/jefe-a-de-sala-retail-independencia/trabajo/6084699,Empresa de retail supermercaderista...,"Empresa de retail supermercaderista requiere contratatar ""Jefe/a de Sala para desempeñarse en nuestra sucursal ubicada en la comuna de Independencia.
Dentro de sus funciones se encuentra el velar por la correcta operación del local, supervisando las secciones y orden de la sala de ventas. Entregar instrucciones a colaboradores en sala, autorizar procedimientos y documentación, controlar pedidos de las secciones realizando un doble control, administrar el local velando que se cumplan los procedimientos establecidos por la compañía.
Requisitos:
*Enseñanza media completa
*Experiencia comprobable en Retail, gastos, adhesión a procesos, brecha, manejo de personal, entre otros.
Jornada:
*Lunes a Domingo 6x1 o 5x2, con dos domingos libres al mes.
Sueldo acorde a mercado
Apoyamos y promovemos la Ley 21.015 de Inclusión Laboral, por esta razón todas nuestras oportunidades laborales están abiertas a personas con discapacidad.",1,"*Enseñanza media completa
*Experiencia comprobable en Retail, gastos, adhesión a procesos, brecha, manejo de personal, entre otros."
Product Owner Comercial (Reemplazo Pre y Post Natal),Otra Área,"Las Condes, Metropolitana de Santiago",Las Condes,Metropolitana de Santiago,2026-06-17,6083603,smu,2026-07-17,2026-08-08,0.3755,Otro Profesional,Mixta (Teletrabajo + Presencial),SMU,Universitaria,Chile,3 años,2026-08-16,https://smu.trabajando.cl/trabajo-empleo/product-owner-comercial-reemplazo-pre-y-post-natal/trabajo/6083603,¿Quieres formar parte de la red de...,"¿Quieres formar parte de la red de Supermercados más grande de Chile? 😀
En SMU queremos que te integres a nuestro equipo de trabajo. Te invitamos a conocernos y unirte a nosotros. Ofrecemos un grato ambiente laboral, donde podrás desarrollarte y crecer de forma permanente, y además un espacio de cercanía y colaboración que distingue a nuestra Compañía. En esta oportunidad estamos en búsqueda de un/a nuevo/a Product Owner por período de licencia pre y post natal, para formar parte del área comercial de nuestro portal de pago de cuentas online.
Su misión será asistir en el desarrollo, implementación y seguimiento de la estrategia comercial de productos y canales de la compañía, contribuyendo a la evolución del portafolio de servicios de recaudación y al desarrollo de los canales digitales y presenciales, integrando la mirada de producto, experiencia de usuario, inteligencia comercial y análisis de mercado, con el objetivo de fortalecer la propuesta de valor del negocio, mejorar la experiencia de pago y contribuir al crecimiento sostenible de ingresos y transacciones.
Entre sus funciones, deberá:
Apoyar el desarrollo e implementación de la estrategia comercial de productos y canales de la compañía, considerando el análisis del mercado, tendencias del ecosistema de pagos y necesidades de clientes.
Analizar el desempeño de los productos y canales de recaudación, monitoreando indicadores de transacciones, ingresos y cumplimiento de objetivos comerciales.
Desarrollar y mantener sistemas de reportería e inteligencia de negocios que consoliden la información comercial de productos, canales y servicios
Asistir el desarrollo y evolución de los productos de recaudación desde una perspectiva estratégica de canales y experiencia de usuario, considerando el posicionamiento de las soluciones y su propuesta de valor por segmento de cliente.
Analizar de manera permanente el mercado de servicios de recaudación y medios de pago, monitoreando tendencias del ecosistema, movimientos de la competencia y prácticas de referencia (benchmark), con el propósito de identificar oportunidades de desarrollo o mejora de productos, evolución de la propuesta de valor por canal y detección de nuevos nichos o segmentos de clientes potenciales.
Condiciones y Beneficios
Jornada 40 hrs.
Inicio de funciones a partir de julio
Contrato de extensión acorde a licencia de titular
Seguros complementarios de salud y dental
Medidas de conciliación laboral-personal
Entre otros
Requisitos
Título Profesional en Ingeniería Comercial, Civil Industrial, Administración de Empresas, o afines.
Al menos 3 años de experiencia en áreas comerciales, estrategia, productos, inteligencia de negocios o gestión de canales, idealmente en industrias de recaudación, medios de pago, fintech o servicios financieros
Deseable experiencia en análisis de negocio, experiencia de usuario, gestión de productos o canales y construcción de reportes y gestión de KPI comerciales.
Manejo y experiencia en uso de herramientas de reportería e inteligencia de negocios
Esperamos tu postulación!!!
En SMU trabajamos por gestionar un ambiente inclusivo y equitativo para todas las personas. Apoyamos y promovemos la Ley N°21.015 de Inclusión Laboral y estamos certificados en la Norma Chilena NCh: 3262, de Gestión de igualdad de género y conciliación de la vida laboral, familiar y personal, por lo que todas nuestras oportunidades laborales están abiertas a la participación universal de personas, indistintamente de su género o condición de discapacidad.",1,"Título Profesional en Ingeniería Comercial, Civil Industrial, Administración de Empresas, o afines.
Al menos 3 años de experiencia en áreas comerciales, estrategia, productos, inteligencia de negocios o gestión de canales, idealmente en industrias de recaudación, medios de pago, fintech o servicios financieros
Deseable experiencia en análisis de negocio, experiencia de usuario, gestión de productos o canales y construcción de reportes y gestión de KPI comerciales.
Manejo y experiencia en uso de herramientas de reportería e inteligencia de negocios"
Product Manager B2B (Reemplazo Pre y Post Natal),Otra Área,"Las Condes, Metropolitana de Santiago",Las Condes,Metropolitana de Santiago,2026-06-17,6083585,smu,2026-07-17,2026-08-08,0.4072,Otro Profesional,Mixta (Teletrabajo + Presencial),SMU,Universitaria,Chile,3 años,2026-08-16,https://smu.trabajando.cl/trabajo-empleo/product-manager-b2b-reemplazo-pre-y-post-natal/trabajo/6083585,¿Quieres formar parte de la red de...,"¿Quieres formar parte de la red de Supermercados más grande de Chile? 😀
En SMU queremos que te integres a nuestro equipo de trabajo. Te invitamos a conocernos y unirte a nosotros. Ofrecemos un grato ambiente laboral, donde podrás desarrollarte y crecer de forma permanente, y además un espacio de cercanía y colaboración que distingue a nuestra Compañía. En esta oportunidad estamos en búsqueda de un/a nuevo/a Product Manager B2B, por período de licencia pre y post natal, para formar parte del área comercial de nuestro portal de pago de cuentas online.
Su misión será coordinar la implementación de la estrategia, evolución y rentabilización del portafolio de productos y servicios B2B, gestionando integralmente la cartera de clientes empresas, identificando oportunidades de crecimiento, optimizando el modelo de negocio y asegurando la captura de valor mediante decisiones basadas en datos, con impacto directo en ingresos, margen y posicionamiento competitivo de la Compañía..
Entre sus funciones, deberá:
Liderar el análisis avanzado de clientes y segmentos, integrando datos transaccionales, comportamiento de pago, tendencias de mercado y benchmark competitivo, con el fin de identificar oportunidades de crecimiento, optimización de ingresos y riesgos en la cartera.
Ejecutar la estrategia de desarrollo de cartera mediante la construcción de roadmaps de crecimiento, fidelización y rentabilización, alineando iniciativas con áreas clave (TI, Operaciones, Finanzas, Marketing).
Diseñar, priorizar y liderar estrategias de campañas comerciales y de comunicación basadas en datos, orientadas a aumentar uso, adopción de productos y generación de ingresos en clientes empresas.
Liderar procesos de venta consultiva con clientes empresas, identificando oportunidades de negocio, estructurando propuestas de valor y modelos económicos que maximicen la captura de valor para la Compañía.
Gestión y optimización de pricing: Definir, evaluar y ajustar modelos de pricing por cliente, industria y medio de pago, considerando costos, elasticidad de demanda y estrategia comercial.
Desarrollo de nuevos negocios: Identificar, evaluar y liderar la incorporación de nuevas empresas y oportunidades de negocio, diseñando soluciones comerciales y operativas a medida.
Gestión de información y toma de decisiones: diseñar y gestionar indicadores clave de desempeño del portafolio (ingresos, transacciones, márgenes, adopción), asegurando disponibilidad de información confiable para la toma de decisiones estratégicas.
Condiciones y Beneficios
Jornada 40 hrs.
Inicio de funciones a partir de julio
Contrato de extensión acorde a licencia de titular
Seguros complementarios de salud y dental
Medidas de conciliación laboral-personal
Entre otros
Requisitos
Título Profesional en Ingeniería Comercial, Civil Industrial, Relaciones Públicas, Administración de Empresas, u afíines.
3 a 5 años en roles de gestión comercial o estrategia en industrias de servicios financieros, fintech, medios de pago o retail, liderando cartera B2B y gestión de ingresos.
Experiencia probada en gestión de portafolio, pricing y modelos de negocio orientados a ingresos y margen, así como evaluación y construcción de casos de negocio y oportunidades comerciales.
Experiencia en desarrollo de nuevos negocios.
Conocimiento en análisis avanzado de datos (clientes, transacciones, conversión) para toma de decisiones.
Conocimiento de medios de pago, canales digitales y ecosistema de recaudación.
Esperamos tu postulación!!!
En SMU trabajamos por gestionar un ambiente inclusivo y equitativo para todas las personas. Apoyamos y promovemos la Ley N°21.015 de Inclusión Laboral y estamos certificados en la Norma Chilena NCh: 3262, de Gestión de igualdad de género y conciliación de la vida laboral, familiar y personal, por lo que todas nuestras oportunidades laborales están abiertas a la participación universal de personas, indistintamente de su género o condición de discapacidad.",1,"Título Profesional en Ingeniería Comercial, Civil Industrial, Relaciones Públicas, Administración de Empresas, u afíines.
Mínimo 5 años en roles de gestión comercial en industrias de servicios financieros, fintech, medios de pago o retail, liderando cartera B2B y gestión de ingresos.
Experiencia probada en gestión de portafolio, pricing y modelos de negocio orientados a ingresos y margen, así como evaluación y construcción de casos de negocio y oportunidades comerciales.
Experiencia en desarrollo de nuevos negocios.
Conocimiento en análisis avanzado de datos (clientes, transacciones, conversión) para toma de decisiones.
Conocimiento de medios de pago, canales digitales y ecosistema de recaudación."
Jefe/a de Sala Retail- Quillota,Otra Área,"Quillota, Valparaíso",Quillota,Valparaíso,2026-06-17,6083928,smu,2026-07-17,2026-07-18,0.432,Asesor,Jornada Completa,SMU,Media,Chile,1 años,2026-07-17,https://smu.trabajando.cl/trabajo-empleo/jefe-a-de-sala-retail-quillota/trabajo/6083928,Empresa de retail supermercaderista...,"Empresa de retail supermercaderista requiere contratatar ""Jefe/a de Sala para desempeñarse en nuestra sucursal Unimarc ubicada en Quillota Región de Valparaíso.
Dentro de sus funciones se encuentra el velar por la correcta operación del local, supervisando las secciones y orden de la sala de ventas. Entregar instrucciones a colaboradores en sala, autorizar procedimientos y documentación, controlar pedidos de las secciones realizando un doble control, administrar el local velando que se cumplan los procedimientos establecidos por la compañía.
Requisitos:
*Enseñanza media completa
*Experiencia comprobable en Retail, gastos, adhesión a procesos, brecha, manejo de personal, entre otros.
Jornada:
*Lunes a Domingo 6x1 o 5x2, con dos domingos libres al mes.
Sueldo acorde a mercado
Apoyamos y promovemos la Ley 21.015 de Inclusión Laboral, por esta razón todas nuestras oportunidades laborales están abiertas a personas con discapacidad.",1,"*Enseñanza media completa
*Experiencia comprobable en supermercados, Retail, gastos, adhesión a procesos, brecha, manejo de personal, entre otros."
Comprador(a) Abastecimiento Senior,Otra Área,"Las Condes, Metropolitana de Santiago",Las Condes,Metropolitana de Santiago,2026-06-17,6083713,smu,2026-07-17,2026-07-18,0.3743,Otro Profesional,Jornada Completa,SMU,Universitaria,Chile,5 años,2026-07-17,https://smu.trabajando.cl/trabajo-empleo/comprador-a-abastecimiento-senior/trabajo/6083713,¿Quieres formar parte de la red de...,"¿Quieres formar parte de la red de Supermercados más grande de Chile? 😀
Queremos que te integres a nuestro equipo de trabajo. Te invitamos a conocernos y unirte a nosotros. Ofrecemos un grato ambiente laboral, donde podrás desarrollarte y crecer de forma permanente, y además un espacio de cercanía y colaboración que distingue a nuestra Compañía.
En esta oportunidad estamos en búsqueda de un(a) Comprador(a) de Abastecimiento Senior, quien será responsable de supervisar y gestionar los procesos relacionados al abastecimiento de locales y Centros de Distribución de forma que éstos se desarrollen en la forma y tiempos oportunos para los diferentes locales de la empresa a lo largo de todo Chile, asegurando con ello el cumplimiento de los KPIs claves definidos al área.
Dentro de sus principales funciones estarán:
- Monitorear y gestionar el cumplimiento de los KPIs (Key Performance Indicators) claves de su área, tales como InStock , Días de Inventario, Fill Rate, entre otros, de manera que no existan quiebres de mercadería en el punto de venta y que los proveedores cumplan con los niveles de requerimientos de mercadería solicitados.
- Gestionar, en lo relativo al despacho, la relación con proveedores de despacho tanto centralizado como de aquéllos que lo hacen de forma directa a la tienda, de manera que el proceso de reposición de mercadería sea coordinado y cumpla con los procedimientos establecidos por la compañía.
- Formalizar relación con área comercial de la compañía de manera de dar cumplimiento a los KPIs asignados al área y mencionados anteriormente.
- Gestionar lo relativo a abastecimiento en todos los locales o Centros de Distribución a su cargo, de manera de tener una supervisión eficaz de los procesos de abastecimientos.
Requisitos:
- Título en Ingeniería Comercial, Ingeniería Civil, Ingeniería en Administración, o carrera afín.
- Manejo de Excel y JDA.
- Experiencia de al menos 5 años en funciones relativas al cargo.
- Experiencia y conocimientos en SAP.
Esperamos tu postulación!!!
En SMU S.A. apoyamos y promovemos la Ley N°21.015 de Inclusión Laboral. Además nos encontramos certificados en la Norma Chilena NCh: 3262, de Gestión de igualdad de género y conciliación de la vida laboral, familiar y personal. Por esta razón queremos destacar que todas nuestras oportunidades laborales están abiertas a personas con discapacidad , y sin ningún tipo de distinción ni discriminación por género. En SMU, nos esforzamos por gestionar una ambiente inclusivo y equitativos para todas las personas.",1,"- Título en Ingeniería Comercial, Ingeniería Civil, Ingeniería en Administración, o carrera afín.
- Manejo de Excel y JDA.
- Experiencia de al menos 5 años en funciones relativas al cargo.
- Experiencia y conocimientos en SAP."
Product Manager Medios de Pago,Otra Área,"Las Condes, Metropolitana de Santiago",Las Condes,Metropolitana de Santiago,2026-06-17,6083618,smu,2026-07-17,2026-07-18,0.3863,Especialista,Mixta (Teletrabajo + Presencial),SMU,Universitaria,Chile,2 años,2026-07-17,https://smu.trabajando.cl/trabajo-empleo/product-manager-medios-de-pago/trabajo/6083618,En SMU queremos que te integres a nuestro...,"En SMU queremos que te integres a nuestro equipo de trabajo. Te invitamos a conocernos y unirte a nosotros. Ofrecemos un grato ambiente laboral, donde podrás desarrollarte y crecer de forma permanente, y además un espacio de cercanía y colaboración que distingue a nuestra Compañía.
En esta oportunidad, uno de nuestros negocios orientado a la prestación de servicios de pagos online se encuentra en búsqueda de un/a nuevo/a Product Manager de Medios de Pago.
¿De qué es responsable este cargo?
Tendrá la misión de gestionar, optimizar y desarrollar el ecosistema de medios de pago de Unired, asegurando eficiencia en costos, calidad de integración, disponibilidad operativa y competitividad comercial, mediante la orquestación de proveedores, negociación de tarifas y análisis continuo del desempeño del negocio, con impacto directo en ingresos, margen y cumplimiento presupuestario..
¿En qué consisten sus funciones?
Gestión de medios de pago: Gestionar el portafolio de medios de pago (tarjetas, transferencias, wallets u otros), velando por su disponibilidad, correcta operación y mejora en la tasa de éxito de transacciones
Optimización de costos: Analizar y optimizar la estructura de costos de los medios de pago, gestionando negociaciones con proveedores para aportar a la reducción de costos transaccionales y mejora del margen del negocio
Orquestación de medios de pago: Diseñar y gestionar el enrutamiento de transacciones según costo, eficiencia y tasa de aprobación para contribuir a la maximización de ingresos y eficiencia en la aceptación de pagos
Relación con contrapartes y desarrollo de nuevos medios de pago: Gestionar la relación con empresas proveedoras, bancos y entidades adquirentes, asegurando condiciones comerciales y operativas competitivas que mejoren la propuesta de valor para clientes empresas.
Integraciones y canales digitales: Liderar la implementación y mejora de integraciones con medios de pago en canales digitales, apuntando a la mejora en conversión, reducción de fricciones y experiencia de pago optimizada
Inteligencia de negocio y gestión de performance: Analizar el desempeño de medios de pago a nivel de empresa, canal y transacción, monitoreando ingresos, costos, márgenes y tasas de aprobación, para lograr identificar brechas y oportunidades de cara al cumplimiento de presupuesto y mejora de rentabilidad
Implementación de acciones correctivas: Participar en definiciones y liderar la implementación de acciones de optimización sobre medios de pago, pricing, enrutamiento o integraciones según desempeño del negocio.
Requisitos:
Título en Ingeniería Civil Industrial, Comercial o carrera afín, con especialización en medios de pago, estrategia o analítica
Mínimo 2 años de experiencia en gestión de medios de pago, fintech o servicios financieros, con experiencia en integraciones, negociación con proveedores y gestión de indicadores de negocio
Conocimientos requeridos:
Gestión de portafolio, pricing y modelos de negocio orientados a ingresos y margen
Conocimiento del ecosistema de pagos (adquirencia, emisores, PSP, transferencias).
Experiencia en integraciones tecnológicas (APIs, botones de pago).
Análisis de datos y gestión de indicadores (ingresos, costos, margen, conversión).
Evaluación de modelos de negocio y optimización de costos transaccionales
Condiciones y Beneficios:
Seguros de salud
Estabilidad laboral
Trabajo 100% remoto
Entre otros
Esperamos tu postulación!!!
En SMU trabajamos por gestionar un ambiente inclusivo y equitativo para todas las personas. Apoyamos y promovemos la Ley N°21.015 de Inclusión Laboral y estamos certificados en la Norma Chilena NCh:3262, de Gestión de igualdad de género y conciliación de la vida laboral, familiar y personal, por lo que todas nuestras oportunidades laborales están abiertas a la participación universal de personas, indistintamente de su género o condición de discapacidad.",1,"Título en Ingeniería Civil Industrial, Comercial o carrera afín, con especialización en medios de pago, estrategia o analítica
Mínimo 2 años de experiencia en gestión de medios de pago, fintech o servicios financieros, con experiencia en integraciones, negociación con proveedores y gestión de indicadores de negocio
Conocimientos requeridos:
Gestión de portafolio, pricing y modelos de negocio orientados a ingresos y margen
Conocimiento del ecosistema de pagos (adquirencia, emisores, PSP, transferencias).
Experiencia en integraciones tecnológicas (APIs, botones de pago).
Análisis de datos y gestión de indicadores (ingresos, costos, margen, conversión).
Evaluación de modelos de negocio y optimización de costos transaccionales"
Administrador/Gerente de Tienda Retail-Iquique,Otra Área,"Iquique, Tarapacá",Iquique,Tarapacá,2026-06-17,6083615,smu,2026-07-17,2026-07-18,0.4563,Administrador,Jornada Completa,SMU,Técnico medio/ colegio técnico,Chile,1 años,2026-07-17,https://smu.trabajando.cl/trabajo-empleo/administrador-gerente-de-tienda-retail-iquique/trabajo/6083615,Cadena de Retail supermercadista requiere...,"Cadena de Retail supermercadista requiere contratar 'Administrador/a' o Gerente de Tienda para sucursal en la comuna de Iquique.
Su principal objetivo será planificar, coordinar y controlar el proceso de entrega del servicio a nuestros clientes para cumplir con las metas de ingresos, gastos y resultados de la tienda de su responsabilidad, asegurando la ejecución de los estándares operacionales, de seguridad, calidad y gestión del equipo definidos por el supermercado.
Se requiere: -Experiencia como Administrador, Sub-Administrador, Gerente de tienda, etc. en cadenas de Retail supermercadista. -Residencia en la zona.
Ofrecemos:
*Estabilidad laboral. -Beneficios asociados. -Bonos complementarios. -Seguro de salud.
*Sueldo 1.400.000 líquidos
Requisitos:
Título Técnico de Nivel Superior o Universitario en áreas de Administración, Logística o afines.
Experiencia de al menos 2 años liderando equipos de trabajo en empresas de retail, supermercados, logística (construcción), consumo masivo, entre otras.
Promovemos la Ley 21.015 de Inclusión Laboral, por esta razón todas nuestras oportunidades laborales están abiertos a personas con discapacidad.",1,"*Título Técnico de Nivel Superior o Universitario en áreas de Administración, Logística o afines.
*Experiencia de al menos 2 años liderando equipos de trabajo en empresas de retail, supermercados, logística (construcción), consumo masivo, entre otras."
Administrador/a de contratos y Soporte a Negocio (Procurement   No Retail),Otra Área,"Las Condes, Metropolitana de Santiago",Las Condes,Metropolitana de Santiago,2026-06-12,6082021,smu,2026-07-17,2026-08-08,0.4336,Analista,Jornada Completa,SMU,Universitaria,Chile,2 años,2026-11-08,https://smu.trabajando.cl/trabajo-empleo/administrador-a-de-contratos-y-soporte-a-negocio-procurement-no-retail/trabajo/6082021,Quieres formar parte de la red de Supermercados...,"Quieres formar parte de la red de Supermercados más grande de Chile? 😀🛒
En SMU S.A, queremos que te integres a nuestro equipo de trabajo. Te invitamos a conocernos y unirte a nosotros. Ofrecemos un grato ambiente laboral, donde podrás desarrollarte y crecer de forma permanente, y además un espacio de cercanía y colaboración que distingue a nuestra Compañía. En esta oportunidad estamos en búsqueda de nuestro/a próximo/a Administrador/a de contratos y Soporte a Negocio (Procurement No Retail) para desempeñarse en la Región Metropolitana.
Su desafío será administrar y coordinar operativamente los servicios y materiales corporativos y operacionales, asegurando el cumplimiento normativo, operativo y ético, control de gasto, trazabilidad y correcta ejecución contractual, atendiendo de manera eficiente los requerimientos de clientes internos y manteniendo coordinación con proveedores y áreas de Governance o Negociación.
Dentro de las principales responsabilidades del cargo están:
Gestión operativa de cuentas de servicios: Coordinar programación, calidad y entrega de servicios, asegurando cumplimiento de SLA y condiciones contractuales.
Atención a requerimientos internos: Ser punto de contacto para solicitudes e incidencias; priorizar según impacto y urgencia, trabajando estrechamente con operación.
Control de gasto y forecast: Monitorear consumo vs. presupuesto, detectar desviaciones y proponer correcciones; apoyar proyecciones mensuales y trimestrales.
Relación con proveedores y resolución de discrepancias: Coordinar entregables, plazos y ajustes de cobertura; documentar acuerdos y resolver discrepancias con trazabilidad.
Ciclo OC prestación recepción factura: Verificar condiciones en OC, coordinar recepción de servicios y apoyar conciliaciones para asegurar pagos oportunos.
Cumplimiento contractual y escalamiento: Operar según políticas corporativas; escalar dudas a Governance o Negociación según complejidad y riesgo.
Reportería y mejora continua: Mantener indicadores actualizados (gasto, OC abiertas, discrepancias, estado de DCI/CREDIA/PRC/GFC), validar calidad del dato y proponer optimizaciones en procesos y formularios.
Requisitos:
Estudios de Técnico o Profesional en Administración, Control de Gestión, Ingeniería Comercial, Logística o afín.
2 4 años de experiencia en gestión de servicios, administración de contratos y control operativo/financiero.
Experiencia en control de gasto, forecast y manejo de proveedores.
Dominio de SAP S/4HANA, Microsoft Forms / Lists / Excel / SharePoint / Teams; lectura de Power BI deseable.
Conocimiento de principios contables, política de compras, flujos OC recepción pago y gestión contractual básica.
Capacidad para adoptar nuevas tecnologías, con enfoque en Inteligencia Artificial y análisis de datos.
En SMU apoyamos y promovemos la Ley N°21.015 de Inclusión Laboral. Además nos encontramos certificados en la Norma Chilena NCh: 3262, de Gestión de igualdad de género y conciliación de la vida laboral, familiar y personal. Por esta razón todas nuestras oportunidades laborales están abiertas a personas con discapacidad , y sin ningún tipo de distinción ni discriminación por género. En SMU, nos esforzamos por gestionar un ambiente inclusivo y equitativo para todas las personas.",1,"Requisitos:
Estudios de Técnico o Profesional en Administración, Control de Gestión, Ingeniería Comercial, Logística o afín.
2 a 4 años de experiencia en gestión de servicios, administración de contratos y control operativo/financiero.
Experiencia en control de gasto, forecast y manejo de proveedores.
Dominio de SAP S/4HANA, Microsoft Forms / Lists / Excel / SharePoint / Teams; lectura de Power BI deseable.
Conocimiento de principios contables, política de compras, flujos OC recepción pago y gestión contractual básica.
Capacidad para adoptar nuevas tecnologías, con enfoque en Inteligencia Artificial y análisis de datos."
Jefe/a de Operaciones de Compra y Administración de Contratos ,Otra Área,"Las Condes, Metropolitana de Santiago",Las Condes,Metropolitana de Santiago,2026-06-12,6082012,smu,2026-07-17,2026-08-08,0.3694,Jefe Área/Sección/Depto./Local,Jornada Completa,SMU,Universitaria,Chile,5 años,2026-11-08,https://smu.trabajando.cl/trabajo-empleo/jefe-a-de-operaciones-de-compra-y-administracion-de-contratos/trabajo/6082012,Quieres formar parte de la red de Supermercados...,"Quieres formar parte de la red de Supermercados más grande de Chile? 😀🛒
En SMU S.A, queremos que te integres a nuestro equipo de trabajo. Te invitamos a conocernos y unirte a nosotros. Ofrecemos un grato ambiente laboral, donde podrás desarrollarte y crecer de forma permanente, y además un espacio de cercanía y colaboración que distingue a nuestra Compañía. En esta oportunidad estamos en búsqueda de nuestro/a próximo/a Jefe/a de Operaciones de Compra y Administración de Contratos No Retail de Salas, CD y Edificios para desempeñarse en la Región Metropolitana.
Su desafío será asegurar la continuidad operativa de instalaciones y centros de distribución, liderando los equipos de Compras Operacionales y Soporte & Control. Garantiza el cumplimiento normativo, ético y operativo, el abastecimiento eficiente de materiales, la correcta gestión de contratos de servicios (mantención, aseo, seguridad, climatización, energía) y el ciclo transaccional SOLPED OC Recepción Pago, asegurando control de gasto, SLA y políticas corporativa.
Dentro de las principales responsabilidades del cargo están:
Control de gasto y presupuesto: Administrar y monitorear el presupuesto anual por recinto y categoría, anticipando desviaciones, impulsando eficiencias y asegurando la coherencia entre contrato, OC, prestación y factura.
Gobierno y administración de contratos de infraestructura: Gestionar renovaciones, anexos, SLA y entregables, evaluando performance de proveedores e integrando hallazgos de calidad, prevención de riesgos y seguridad.
Dirección operativa del ciclo de compras: Asegurar el flujo SOLPED OC Recepción Pago, gestionar incidencias y provisiones de gasto, y coordinar con Cuentas por Pagar, administradores y equipos de recepción.
Coordinación con Operaciones y stakeholders: Mantener vínculo con administradores y jefaturas de salas, CD y edificios; priorizar infraestructura crítica, contingencias y energía; comunicar riesgos y planes de mitigación.
Liderazgo de equipos: Dirigir a los equipos de Compras Operacionales y Soporte & Control, asignando prioridades, estableciendo SLA internos, formando capacidades y conduciendo feedback y planes de desarrollo.
Reporte, gestión de datos y mejora continua: Supervisar reportes de gasto, SLA, incidencias y vigencia contractual; asegurar calidad del dato y tableros en Power BI; implementar mejoras y estandarizaciones en procesos y flujos operativos.
Cumplimiento, calidad y prevención de riesgos: Velar por el cumplimiento de políticas corporativas, protocolos de seguridad y cierre de hallazgos de auditorías, garantizando trazabilidad y eficiencia en todos los servicios administrados.
Requisitos:
Formación en Ingeniería Comercial/Industrial, Administración, Logística, Control de Gestión o afín.
Desde 5 años de experiencia en Procurement, Compras Operacionales, Administración de Servicios o Facilities.
2 años de experiencia liderando equipos, con capacidad de coordinar y motivar.
Dominio de S/4HANA, Microsoft 365 y análisis ejecutivo en Power BI.
Conocimiento en gestión de contratos de servicios, infraestructura, calidad y prevención de riesgos.
Capacidad para explorar, evaluar e implementar nuevas tecnologías, con enfoque en Inteligencia Artificial y análisis de datos.
En SMU apoyamos y promovemos la Ley N°21.015 de Inclusión Laboral. Además nos encontramos certificados en la Norma Chilena NCh: 3262, de Gestión de igualdad de género y conciliación de la vida laboral, familiar y personal. Por esta razón todas nuestras oportunidades laborales están abiertas a personas con discapacidad , y sin ningún tipo de distinción ni discriminación por género. En SMU, nos esforzamos por gestionar un ambiente inclusivo y equitativo para todas las personas.",1,"Requisitos:
Formación en Ingeniería Comercial/Industrial, Administración, Logística, Control de Gestión o afín.
Desde 5 años de experiencia en Procurement, Compras Operacionales, Administración de Servicios o Facilities.
2 años de experiencia liderando equipos, con capacidad de coordinar y motivar.
Dominio de S/4HANA, Microsoft 365 y análisis ejecutivo en Power BI.
Conocimiento en gestión de contratos de servicios, infraestructura, calidad y prevención de riesgos.
Capacidad para explorar, evaluar e implementar nuevas tecnologías, con enfoque en Inteligencia Artificial y análisis de datos."
Supervisor/a de Cajas Full Time Super 10- Ovalle,Otra Área,"Ovalle, Coquimbo",Ovalle,Coquimbo,2026-06-10,6081029,smu,2026-07-17,2026-08-08,0.4,Auxiliar,Jornada Completa,SMU,Media,Chile,1 años,2026-09-08,https://smu.trabajando.cl/trabajo-empleo/supervisor-a-de-cajas-full-time-super-10-ovalle/trabajo/6081029,Supermercados Super 10 requiere incorporar...,"Supermercados Super 10 requiere incorporar a su equipo de trabajo a Supervisor de Cajas para desempeñarse en su local ubicado en la comuna de Ovalle.
Sus principales funciones serán identificar y analizar las mejoras que conduzcan a disminuir los riesgos en el manejo y flujo de las existencias y los valores de la compañía
Requisitos:
Enseñanza media completa
Mínimo un año de experiencia en procedimiento de caja, cuadraturas, manejo de valores, tesorería.
Disponibilidad para trabajar en comuna de Ovalle
Manejo y supervisión de equipos
Jornada Laboral
Full Time Lunes a Domingos 40 horas semanales dos domingos libres al mes, uno o dos dias libres a la semana
Sueldo acorde a mercado
Ofrecemos reales oportunidades de desarrollo y crecimiento. Apoyamos y promovemos la Ley 21.015 de Inclusión Laboral todas nuestras oportunidades están abiertas a personas con discapacidad.",1,"Enseñanza media completa
Mínimo un año de experiencia en procedimiento de caja, cuadraturas, manejo de valores, tesorería."
Supervisor(a) de Seguridad - Región Metropolitana,Otra Área,"Santiago, Metropolitana de Santiago",Santiago,Metropolitana de Santiago,2026-06-09,6080238,smu,2026-07-17,2026-08-08,0.37,Supervisor,Jornada Completa,SMU,Universitaria,Chile,3 años,2026-08-08,https://smu.trabajando.cl/trabajo-empleo/supervisor-a-de-seguridad-region-metropolitana/trabajo/6080238,¿Quieres formar parte de la red de...,"¿Quieres formar parte de la red de Supermercados más grande de Chile? 😁🛒
En SMU queremos que te integres a nuestro equipo de trabajo. Te invitamos a conocernos y unirte a nosotros. Ofrecemos un grato ambiente laboral, donde podrás desarrollarte y crecer de forma permanente, y además un espacio de cercanía y colaboración que distingue a nuestra Compañía. En esta oportunidad estamos en búsqueda de un/a nuevo/a Supervisor(a) de Seguridad para la Región Metropolitana.
¿De qué es responsable este cargo?
Supervisar y coordinar todas las operaciones de seguridad de el(los)/la(s) las instalaciones de la Unidad de Negocio en la que se desempeña y la aplicación de políticas tanto internas como externas en este ámbito, colaborando con la implementación de medidas preventivas y correctivas para velar por la identificación y mitigación de riesgos de seguridad, según los objetivos definidos por la Empresa y la legislación vigente.
¿En qué consisten sus funciones?
- Evaluar, supervisar y coordinar la implementación de los principios y lineamientos de seguridad en su propia área como en la Unidad de negocio a la que brinda sus servicios, resolviendo asimismo inquietudes referentes a procedimientos y normas de seguridad de las distintas áreas según sus intereses.
- Elaborar informes sobre contingencias, vulnerabilidades y resultados de la gestión de la seguridad en las instalaciones, identificando riesgos e incluyendo sugerencias de acuerdo a la información levantada.
Asistir a las diversas áreas bajo su responsabilidad y al personal de seguridad ante solicitudes, brindando orientación, instrucción y respuesta referentes a procedimientos y pautas de acción ante riesgos o contingencias de seguridad.
- Realizar propuestas de mejora al servicio de seguridad de la compañía.
- Ejecutar permanentemente el monitoreo de eventos y contingencias que ocurran en las instalaciones de la compañía, evaluando la necesidad de tomar medidas de seguridad complementarias, además de revisar los videos extraídos por los operadores del CCTV y derivarlos a quien y cuando corresponda.
- Ejecutar acciones que promuevan un contacto permanente con el supervisor de la empresa proveedora de servicio de seguridad para control de la dotación y puestos cubiertos.
Requisitos:
- Título Profesional Superior en área Seguridad, Administración, FFAA o carrera afín.
- Mínimo 3 años de experiencia en cargos similares. en el área de control y supervisión de instalaciones en el área de seguridad, preferentemente en Centros de Distribución o retail.
- Curso del OS 10 aprobado.
- Conocimiento de computación nivel usuario.
- Pleno dominio de nueva Ley de Seguridad Privada 21.659.
- Conocimiento en creación de estudios de seguridad.
Esperamos tu postulación!!!
En SMU S.A. apoyamos y promovemos la Ley N°21.015 de Inclusión Laboral. Además nos encontramos certificados en la Norma Chilena NCh: 3262, de Gestión de igualdad de género y conciliación de la vida laboral, familiar y personal. Por esta razón queremos destacar que todas nuestras oportunidades laborales están abiertas a personas con discapacidad , y sin ningún tipo de distinción ni discriminación por género. En SMU, nos esforzamos por gestionar una ambiente inclusivo y equitativos para todas las personas.",1,"- Título Profesional Superior en área Seguridad, Administración, FFAA o carrera afín.
- Mínimo 3 años de experiencia en cargos similares. en el área de control y supervisión de instalaciones en el área de seguridad, preferentemente en Centros de Distribución o retail.
- Curso del OS 10 aprobado.
- Conocimiento de computación nivel usuario.
- Pleno dominio de nueva Ley de Seguridad Privada 21.659.
- Conocimiento en creación de estudios de seguridad."
Tesorero/a Full time Unimarc Los Muermos,Otra Área,"Los Muermos, Los Lagos",Los Muermos,Los Lagos,2026-06-09,6080150,smu,2026-07-17,2026-08-08,0.4098,Asesor,Jornada Completa,SMU,Media,Chile,1 años,2026-08-08,https://smu.trabajando.cl/trabajo-empleo/tesorero-a-full-time-unimarc-los-muermos/trabajo/6080150,Supermercados Unimarc busca Tesorero/a...,"Supermercados Unimarc busca Tesorero/a Sucursal Los Muermos en la Región de Los Lagos
¿Cuál será tu función?
Supervisar la operatividad y disponibilidad de la sección cajas, aportando eficiencia y fluidez en el funcionamiento del área, cumpliendo con los estándares de calidad, procedimientos y protocolos establecidos.
Entre tus tareas están: apertura de sala de arqueo, cuadratura de fondo, preparación y entrega de REPO a cajeras, retiro de efectivo, asignación y estado de cajas, apoyo en caja manual y autoservicio, anulación de productos, provisión de sencillo y atención al cliente.
Requisitos
Enseñanza media completa y mínimo 1 año de experiencia en caja en el área del retail.
Jornada
Full Time, Lunes a Domingos 40 horas semanales, dos domingos libres al mes y uno o dos dias libres a la semana
¡Únete al Supermercado de todos los chilenos!
Ofrecemos reales oportunidades de desarrollo y crecimiento.
En Unimarc apoyamos y promovemos la Ley 21.015 de Inclusión Laboral todas nuestras oportunidades están abiertas a personas con discapacidad.",1,Enseñanza media completa y mínimo 1 año de experiencia en caja en el área del retail.
Jefe/a de Sala Retail-Valparaiso,Otra Área,"Valparaíso, Valparaíso",Valparaíso,Valparaíso,2026-06-09,6080137,smu,2026-07-17,2026-08-08,0.442,Asesor,En terreno,SMU,Media,Chile,1 años,2026-08-08,https://smu.trabajando.cl/trabajo-empleo/jefe-a-de-sala-retail-valparaiso/trabajo/6080137,Empresa de retail supermercaderista...,"Empresa de retail supermercaderista requiere contratatar ""Jefe/a de Sala para desempeñarse en nuestra sucursal Alvi ubicada en Valparaiso
Dentro de sus funciones se encuentra el velar por la correcta operación del local, supervisando las secciones y orden de la sala de ventas. Entregar instrucciones a colaboradores en sala, autorizar procedimientos y documentación, controlar pedidos de las secciones realizando un doble control, administrar el local velando que se cumplan los procedimientos establecidos por la compañía.
Requisitos:
*Enseñanza media completa
*Experiencia comprobable en supermercados, Retail, gastos, adhesión a procesos, brecha, manejo de personal, entre otros.
Jornada:
*Lunes a Domingo 6x1 o 5x2, con dos domingos libres al mes.
Sueldo acorde a mercado
Apoyamos y promovemos la Ley 21.015 de Inclusión Laboral, por esta razón todas nuestras oportunidades laborales están abiertas a personas con discapacidad.",1,"*Enseñanza media completa
*Experiencia comprobable en supermercados, Retail, gastos, adhesión a procesos, brecha, manejo de personal, entre otros."
Jefe/a de Sala Retail-La Florida,Otra Área,"La Florida, Metropolitana de Santiago",La Florida,Metropolitana de Santiago,2026-06-09,6080133,smu,2026-07-17,2026-08-08,0.3959,Asesor,En terreno,SMU,Media,Chile,1 años,2026-08-08,https://smu.trabajando.cl/trabajo-empleo/jefe-a-de-sala-retail-la-florida/trabajo/6080133,Empresa de retail supermercaderista...,"Empresa de retail supermercaderista requiere contratatar ""Jefe/a de Sala para desempeñarse en nuestra sucursal Unimarc ubicada en La Florida
Dentro de sus funciones se encuentra el velar por la correcta operación del local, supervisando las secciones y orden de la sala de ventas. Entregar instrucciones a colaboradores en sala, autorizar procedimientos y documentación, controlar pedidos de las secciones realizando un doble control, administrar el local velando que se cumplan los procedimientos establecidos por la compañía.
Requisitos:
*Enseñanza media completa
*Experiencia comprobable en supermercados, Retail, gastos, adhesión a procesos, brecha, manejo de personal, entre otros.
Jornada:
*Lunes a Domingo 6x1 o 5x2, con dos domingos libres al mes.
Sueldo acorde a mercado
Apoyamos y promovemos la Ley 21.015 de Inclusión Laboral, por esta razón todas nuestras oportunidades laborales están abiertas a personas con discapacidad.",1,"*Enseñanza media completa
*Experiencia comprobable en supermercados, Retail, gastos, adhesión a procesos, brecha, manejo de personal, entre otros."
Maestro(a) en Mantenimiento Polifuncional - Concepción,Otra Área,"Concepción, Biobío",Concepción,Biobío,2026-06-09,6080079,smu,2026-07-17,2026-08-08,0.3249,Asesor,En terreno,SMU,Técnico medio/ colegio técnico,Chile,2 años,2026-08-08,https://smu.trabajando.cl/trabajo-empleo/maestro-a-en-mantenimiento-polifuncional-concepcion/trabajo/6080079,Quieres formar parte de la red de Supermercados...,"Quieres formar parte de la red de Supermercados más grande de Chile? 😀🛒
En SMU S.A, queremos que te integres a nuestro equipo de trabajo. Te invitamos a conocernos y unirte a nosotros. Ofrecemos un grato ambiente laboral, donde podrás desarrollarte y crecer de forma permanente, y además un espacio de cercanía y colaboración que distingue a nuestra Compañía. En esta oportunidad estamos en búsqueda de nuestro/a próximo/a Maestro(a) en Mantenimiento Polifuncional para desempeñarse en la VIII Región.
Su desafío será brindar soporte en terreno en labores específicas asociadas a la operación y reparación de activos e instalaciones.
Dentro de las principales responsabilidades del cargo están:
Cumplir programa de actividades orientado hacia la conservación y disponibilidad de equipamiento técnico.
Apoyar en la supervisión y auditoria técnica de trabajos ejecutados por personal externo.
Desplegarse y realizar actividades extraordinarias en tiempo y forma para conseguir el funcionamiento de las instalaciones.
Realizar labores de reparación de filtraciones de agua potable, destape de WC y cámaras de alcantarillado.
Realizar labores de reparación de cubiertas, limpieza de canaletas, rejillas y bajadas de aguas lluvia.
Ejecutar instalaciones sanitarias menores en cañerías de PVC y cobre.
Desarrollar actividades de corte y soldadura para construcción de estructuras metálicas menores.
Resolver problemas asociados a cortes de energía por cortocircuito y sobre cargas.
Deberá realizar un plan de trabajo para especialidades de OOCC, pintura, gasfitería, grifería, cerrajería, electricidad básica, entre otras.
Apoyar en locales de zonas geográficas en regiones distintas a la región base.
Prestar apoyo en trabajos de emergencia para medidas paliativas o acciones de mitigación. Cumplir con adhesión a procesos en todos los procedimientos establecidos por la compañía
Requisitos:
Enseñanza media completa, ideal técnico nivel medio con especializaciones o cursos de capacitación afines.
Al menos 2 años de experiencia en cargos similares, en labores de gasfitería, albañilería y obras civiles menores, entre otros.
Microsoft Office básico.
Salud compatible con el cargo, se requiere examen de altura física.
Deseable contar con licencia de conducir clase B vigente.
En SMU apoyamos y promovemos la Ley N°21.015 de Inclusión Laboral. Además nos encontramos certificados en la Norma Chilena NCh: 3262, de Gestión de igualdad de género y conciliación de la vida laboral, familiar y personal. Por esta razón todas nuestras oportunidades laborales están abiertas a personas con discapacidad , y sin ningún tipo de distinción ni discriminación por género. En SMU, nos esforzamos por gestionar un ambiente inclusivo y equitativo para todas las personas.",1,"Enseñanza media completa, ideal técnico nivel medio con especializaciones o cursos de capacitación afines.
Al menos 2 años de experiencia en cargos similares, en labores de gasfitería, albañilería y obras civiles menores, entre otros.
Microsoft Office básico.
Salud compatible con el cargo, se requiere examen de altura física.
Deseable contar con licencia de conducir clase B vigente."
Jefe de Sala Retail-Quilicura,Otra Área,"Quilicura, Metropolitana de Santiago",Quilicura,Metropolitana de Santiago,2026-06-04,6078164,smu,2026-07-17,2026-08-04,0.4342,Asistente,Jornada Completa,SMU,Media,Chile,1 años,2026-03-08,https://smu.trabajando.cl/trabajo-empleo/jefe-de-sala-retail-quilicura/trabajo/6078164,Empresa de retail supermercaderista...,"Empresa de retail supermercaderista requiere contratatar ""Jefe/a de Sala para desempeñarse en nuestra sucursal ubicada en la comuna de Quilicura
Dentro de sus funciones se encuentra el velar por la correcta operación del local, supervisando las secciones y orden de la sala de ventas. Entregar instrucciones a colaboradores en sala, autorizar procedimientos y documentación, controlar pedidos de las secciones realizando un doble control, administrar el local velando que se cumplan los procedimientos establecidos por la compañía.
Requisitos:
*Enseñanza media completa
*Experiencia comprobable en supermercados, Retail, gastos, adhesión a procesos, brecha, manejo de personal, entre otros.
Sueldo acorde a mercado
Apoyamos y promovemos la Ley 21.015 de Inclusión Laboral, por esta razón todas nuestras oportunidades laborales están abiertas a personas con discapacidad.",1,"*Enseñanza media completa
*Experiencia comprobable en supermercados, Retail, gastos, adhesión a procesos, brecha, manejo de personal, entre otros."
Jefe de Sala Retail-Puchuncaví,Otra Área,"Puchuncaví, Valparaíso",Puchuncaví,Valparaíso,2026-06-04,6078125,smu,2026-07-17,2026-08-04,0.4381,Auxiliar,Jornada Completa,SMU,Media,Chile,1 años,2026-03-08,https://smu.trabajando.cl/trabajo-empleo/jefe-de-sala-retail-puchuncavi/trabajo/6078125,Empresa de retail supermercaderista...,"Empresa de retail supermercaderista requiere contratatar ""Jefe/a de Sala para desempeñarse en nuestra sucursal ubicada en la comuna de Puchuncaví.
Dentro de sus funciones se encuentra el velar por la correcta operación del local, supervisando las secciones y orden de la sala de ventas. Entregar instrucciones a colaboradores en sala, autorizar procedimientos y documentación, controlar pedidos de las secciones realizando un doble control, administrar el local velando que se cumplan los procedimientos establecidos por la compañía.
Requisitos:
*Enseñanza media completa
*Experiencia comprobable en supermercados, Retail, gastos, adhesión a procesos, brecha, manejo de personal, entre otros.
Sueldo acorde a mercado
Buscamos personas con conocimiento comprobable en supermercados, Retail, gastos, adhesión a procesos, brecha, manejo de personal, entre otros.
Apoyamos y promovemos la Ley 21.015 de Inclusión Laboral, por esta razón todas nuestras oportunidades laborales están abiertas a personas con discapacidad.",1,"*Enseñanza media completa
*Experiencia comprobable en supermercados, Retail, gastos, adhesión a procesos, brecha, manejo de personal, entre otros."
Ingeniero(a) Demand Planning,Otra Área,"Las Condes, Metropolitana de Santiago",Las Condes,Metropolitana de Santiago,2026-06-04,6078004,smu,2026-07-17,2026-08-04,0.4372,Analista,Jornada Completa,SMU,Universitaria,Chile,1 años,2026-03-08,https://smu.trabajando.cl/trabajo-empleo/ingeniero-a-demand-planning/trabajo/6078004,¿Quieres formar parte de la red de...,"¿Quieres formar parte de la red de Supermercados más grande de Chile? 😀
En SMU queremos que te integres a nuestro equipo de trabajo. Te invitamos a conocernos y unirte a nosotros. Ofrecemos un grato ambiente laboral, donde podrás desarrollarte y crecer de forma permanente, y además un espacio de cercanía y colaboración que distingue a nuestra Compañía. En esta oportunidad estamos en búsqueda de un/a nuevo/a Ingeniero/a Demand Planning, quien será responsable de la creación y la mantención del forecast de demanda para las familias de producto bajo su responsabilidad.
Su labor será clave para soportar el proceso S & OP, minimizar quiebres de stock, optimizar inventarios y contribuir al cumplimiento de los objetivos financieros y operativos de la compañía.
Entre sus funciones estarán:
Análisis y correcciones de los inputs de las familias de productos bajo su responsabilidad, con el objetivo de mejorar la precisión del forecast.
Liderar reuniones para lograr acuerdos sobre el forecast, buscando un consenso con resto de las áreas: comercial, ventas, promociones, abastecimiento.
Realizar seguimiento de la precisión del forecast y desviaciones, proponiendo mejoras al proceso y ajustes sistémicos.
Mantener relaciones de trabajo con el área comercial, ventas, abastecimiento, operaciones logísticas y proveedores.
Desarrollar estrategias colaborativas con proveedores con el fin de asegurar el cumplimiento de la planificación de demanda.
Preparar dashboards en Power BI o herramientas equivalentes.
Disponibilizar y trabajar en conjunto data para áreas operativas de la compañía que requiera proyecciones de demanda.
Requisitos:
Título en Ingeniería en Estadística / Matemática o Ingeniería Civil Industrial.
Al menos 1 año de experiencia en cargos afines en S&OP, en funciones tales como el análisis y/o generación de modelos de forecast y de planificación.
Manejo de Excel a nivel intermedio-avanzado.
Manejo de Power BI o Tableau.
Conocimiento en procesos de abastecimiento.
Capacidad de análisis y de coordinar actividades multi-áreas.
Disponibilidad para trabajar en modalidad full presencial en Las Condes, RM.
Esperamos tu postulación!!!
En SMU trabajamos por gestionar un ambiente inclusivo y equitativo para todas las personas. Apoyamos y promovemos la Ley N°21.015 de Inclusión Laboral y estamos certificados en la Norma Chilena NCh: 3262, de Gestión de igualdad de género y conciliación de la vida laboral, familiar y personal, por lo que todas nuestras oportunidades laborales están abiertas a la participación universal de personas, indistintamente de su género o condición de discapacidad.",1,"Título en Ingeniería en Estadística / Matemática o Ingeniería Civil Industrial.
Al menos 1 año de experiencia en cargos afines en S&OP, en funciones tales como el análisis y/o generación de modelos de forecast y de planificación.
Manejo de Excel a nivel intermedio-avanzado.
Manejo de Power BI o Tableau.
Conocimiento en procesos de abastecimiento.
Capacidad de análisis y de coordinar actividades multi-áreas.
Disponibilidad para trabajar en modalidad full presencial en Las Condes, RM."
Jefe de Tienda Retail- Aysén,Otra Área,"Aysén, Aysén",Aysén,Aysén,2026-06-04,6077944,smu,2026-07-17,2026-08-04,0.3845,Asistente,Jornada Completa,SMU,Media,Chile,1 años,2026-03-08,https://smu.trabajando.cl/trabajo-empleo/jefe-de-tienda-retail-aysen/trabajo/6077944,Empresa de retail supermercaderista...,"Empresa de retail supermercaderista requiere contratatar ""Jefe/a de Tienda"" para desempeñarse en nuestra sucursal ubicada en la comuna de Aysén, Región de Aysén.
Dentro de sus funciones se encuentra el velar por la correcta operación del local, supervisando las secciones y orden de la sala de ventas. Entregar instrucciones a colaboradores en sala, autorizar procedimientos y documentación, controlar pedidos de las secciones realizando un doble control, administrar el local velando que se cumplan los procedimientos establecidos por la compañía.
Buscamos personas con conocimiento comprobable en Supermercados, Retail, gastos, adhesión a procesos, brecha, manejo de personal, entre otros.
Apoyamos y promovemos la Ley 21.015 de Inclusión Laboral, por esta razón todas nuestras oportunidades laborales están abiertas a personas con discapacidad.",1,"*Enseñanza media completa
*Buscamos personas con conocimiento comprobable en Supermercados, Retail, gastos, adhesión a procesos, brecha, manejo de personal, entre otros."
Jefe de Sala Retail- Colina,Otra Área,"Colina, Metropolitana de Santiago",Colina,Metropolitana de Santiago,2026-06-04,6077924,smu,2026-07-17,2026-08-04,0.4231,Asesor,Jornada Completa,SMU,Media,Chile,1 años,2026-03-08,https://smu.trabajando.cl/trabajo-empleo/jefe-de-sala-retail-colina/trabajo/6077924,Empresa de retail supermercaderista...,"Empresa de retail supermercaderista requiere contratatar ""Jefe/a de Sala para desempeñarse en nuestra sucursal ubicada en la comuna de Colina.
Dentro de sus funciones se encuentra el velar por la correcta operación del local, supervisando las secciones y orden de la sala de ventas. Entregar instrucciones a colaboradores en sala, autorizar procedimientos y documentación, controlar pedidos de las secciones realizando un doble control, administrar el local velando que se cumplan los procedimientos establecidos por la compañía.
Requisitos:
*Enseñanza media completa
*Buscamos personas con conocimiento comprobable en supermercados, Retail, gastos, adhesión a procesos, brecha, manejo de personal, entre otros.
Sueldo acorde a mercado
Apoyamos y promovemos la Ley 21.015 de Inclusión Laboral, por esta razón todas nuestras oportunidades laborales están abiertas a personas con discapacidad.",1,"*Enseñanza media completa
*Buscamos personas con conocimiento comprobable en supermercados, Retail, gastos, adhesión a procesos, brecha, manejo de personal, entre otros."
Jefe de Sala/ Supermercado Batuco,Otra Área,"Lampa, Metropolitana de Santiago",Lampa,Metropolitana de Santiago,2026-06-03,6077797,smu,2026-07-17,2026-08-03,0.3848,Asesor,Jornada Completa,SMU,Media,Chile,1 años,2026-02-08,https://smu.trabajando.cl/trabajo-empleo/jefe-de-sala-supermercado-batuco/trabajo/6077797,Importante Supermercado requiere contratar...,"Importante Supermercado requiere contratar Jefe/a Sala de Ventas para desempeñarse en su sucursal ubicada en la comuna de Batuco.
Su principal función será coordinar y supervisar el funcionamiento, estado, estándar, compra, aprovisionamiento y stock de la sala, mediante la organización y administración del personal a su cargo, aportando en la eficiencia operativa del local, así mantener el cumplimiento de las normas y metas establecidas por la organización
Requisitos:
*IMPORTANTE contar con experiencia en cargos similar en Supermercado o área retail
*Enseñanza media completa
Apoyamos y promovemos la Ley 21.015 de Inclusión Laboral, por esta razón todas nuestras oportunidades laborales están abiertos a personas con discapacidad.",1,"Requisitos:
*Contar con experiencia en cargos similar en Supermercado.
*Enseñanza media completa"
Comprador/a Abastecimiento,Otra Área,"Las Condes, Metropolitana de Santiago",Las Condes,Metropolitana de Santiago,2026-06-02,6077290,smu,2026-07-17,2026-08-02,0.3747,Analista,Jornada Completa,SMU,Universitaria,Chile,1 años,2026-01-08,https://smu.trabajando.cl/trabajo-empleo/comprador-a-abastecimiento/trabajo/6077290,Quieres formar parte de la red de Supermercados...,"Quieres formar parte de la red de Supermercados más grande de Chile? 😀🛒
En SMU S.A, queremos que te integres a nuestro equipo de trabajo. Te invitamos a conocernos y unirte a nosotros. Ofrecemos un grato ambiente laboral, donde podrás desarrollarte y crecer de forma permanente, y además un espacio de cercanía y colaboración que distingue a nuestra Compañía. En esta oportunidad estamos en búsqueda de nuestro/a próximo/a Comprador/a Abastecimiento para desempeñarse en la Región Metropolitana.
Su desafío será gestionar el funcionamiento de toda la cadena de abastecimiento, integrando desde el proveedor hasta las tiendas, contribuyendo a la disponibilidad de productos en los locales y centros de distribución, calidad del inventario y costos de operación.
Dentro de las principales responsabilidades del cargo están:
Coordinar con las distintas áreas involucradas de la compañía y locales el abastecimiento en forma y tiempo a Centros de Distribución y tiendas, contribuyendo al cumplimiento de los KPIs asignados al área. Analizar y gestionar el cumplimiento de los KPIs, InStock , Días de Inventario y Fill Rate , entre otros, de manera que no existan quiebres de mercadería en el punto de venta y CD´s, además que los proveedores cumplan con los niveles de abastecimiento de mercadería solicitados.
Gestionar y coordinar con proveedores, tanto centralizados como directos, el abastecimiento y reposición de mercaderías en tiendas, cumpliendo los procedimientos establecidos por la compañía.
Generar y construir estrategias y eficiencias con proveedores y área comercial, de tal manera de crear sinergias a lo largo de la cadena de abastecimiento.
Analizar comportamientos de ventas por categoría/zona, ya sea anual, trimestral, mensual y semanal, con el fin de detectar tendencias y oportunidades. A su vez, analizar, gestionar, planificar, ejecutar las actividades promocionales definidas por el área comercial.
Analizar las proyecciones de demanda, planificar y establecer los niveles de existencia que contribuyan a la atención adecuada de los requerimientos de los clientes de la cadena.
Establecer medidas que contribuyan a que los inventarios se mantengan dentro de los parámetros definidos por la compañía y lograr la adecuada rotación de éstos.
Requisitos:
Título de Ingeniería Civil Industrial, Comercial, o Carrera Afín.
Manejo de Excel (Nivel Intermedio)
Conocimientos en AWR y ASR. (No excluyente)
Experiencia de al menos un año en funciones similares al cargo.
Experiencia y conocimientos en SAP MM (No excluyente)
En SMU apoyamos y promovemos la Ley N°21.015 de Inclusión Laboral. Además nos encontramos certificados en la Norma Chilena NCh: 3262, de Gestión de igualdad de género y conciliación de la vida laboral, familiar y personal. Por esta razón todas nuestras oportunidades laborales están abiertas a personas con discapacidad , y sin ningún tipo de distinción ni discriminación por género. En SMU, nos esforzamos por gestionar un ambiente inclusivo y equitativo para todas las personas.",1,"Requisitos:
Título de Ingeniería Civil Industrial, Comercial, o Carrera Afín.
Manejo de Excel (Nivel Intermedio)
Conocimientos en AWR y ASR. (No excluyente)
Experiencia de al menos un año en funciones similares al cargo.
Experiencia y conocimientos en SAP MM (No excluyente)"
Administrador-Gerente de Tienda Retail -La Unión,Otra Área,"La Unión, Los Ríos",La Unión,Los Ríos,2026-06-02,6076815,smu,2026-07-17,2026-08-02,0.4686,Administrador,Jornada Completa,SMU,Técnico profesional superior,Chile,1 años,2026-01-08,https://smu.trabajando.cl/trabajo-empleo/administrador-gerente-de-tienda-retail-la-union/trabajo/6076815,Cadena de Retail supermercadista requiere...,"Cadena de Retail supermercadista requiere contratar 'Administrador/a' para una de nuestras sucursales ubicadas en la comuna de La Unión.
Su principal objetivo será planificar, coordinar y controlar el proceso de entrega del servicio a nuestros clientes para cumplir con las metas de ingresos, gastos y resultados de la tienda de su responsabilidad, asegurando la ejecución de los estándares operacionales, de seguridad, calidad y gestión del equipo definidos por el supermercado.
Importante: -Experiencia como Administrador, Sub-Administrador, Gerente de tienda, etc. en cadenas de Retail supermercadista. -Residencia en la zona.
Ofrecemos: -Estabilidad laboral. -Beneficios asociados. -Bonos complementarios. -Seguro de salud.
Requisitos:
Título Técnico de Nivel Superior o Universitario en áreas de Administración, Logística o afines.
Experiencia de al menos 2 años liderando equipos de trabajo en empresas de retail, supermercados, logistica (construcción), consumo masivo, entre otras.
Promovemos la Ley 21.015 de Inclusión Laboral, por esta razón todas nuestras oportunidades laborales están abiertos a personas con discapacidad.",1,"*Título Técnico de Nivel Superior o Universitario en áreas de Administración, Logística o afines.
*Experiencia de al menos 2 años liderando equipos de trabajo en empresas de retail, supermercados, logistica (construcción), consumo masivo, entre otras."
Administrador-Gerente de Tienda Retail -Curicó,Otra Área,"Curicó, Maule",Curicó,Maule,2026-06-02,6076801,smu,2026-07-17,2026-08-02,0.4947,Administrador,Jornada Completa,SMU,Técnico profesional superior,Chile,1 años,2026-01-08,https://smu.trabajando.cl/trabajo-empleo/administrador-gerente-de-tienda-retail-curico/trabajo/6076801,Cadena de Retail supermercadista requiere...,"Cadena de Retail supermercadista requiere contratar 'Administrador/a' para una de nuestras sucursales ubicadas en la comuna de Curicó
Su principal objetivo será planificar, coordinar y controlar el proceso de entrega del servicio a nuestros clientes para cumplir con las metas de ingresos, gastos y resultados de la tienda de su responsabilidad, asegurando la ejecución de los estándares operacionales, de seguridad, calidad y gestión del equipo definidos por el supermercado.
Importante: -Experiencia como Administrador, Sub-Administrador, Gerente de tienda, etc. en cadenas de Retail supermercadista. -Residencia en la zona.
Ofrecemos: -Estabilidad laboral. -Beneficios asociados. -Bonos complementarios. -Seguro de salud.
Requisitos:
Título Técnico de Nivel Superior o Universitario en áreas de Administración, Logística o afines.
Experiencia de al menos 2 años liderando equipos de trabajo en empresas de retail, supermercados, logistica (construcción), consumo masivo, entre otras.
Promovemos la Ley 21.015 de Inclusión Laboral, por esta razón todas nuestras oportunidades laborales están abiertos a personas con discapacidad.",1,"*Título Técnico de Nivel Superior o Universitario en áreas de Administración, Logística o afines.
*Experiencia de al menos 2 años liderando equipos de trabajo en empresas de retail, supermercados, logistica (construcción), consumo masivo, entre otras."
Ingeniero(a) de Estudios,Otra Área,"Las Condes, Metropolitana de Santiago",Las Condes,Metropolitana de Santiago,2026-06-01,6076627,smu,2026-07-17,2026-08-01,0.3915,Analista,Jornada Completa,SMU,Universitaria,Chile,2 años,2026-07-31,https://smu.trabajando.cl/trabajo-empleo/ingeniero-a-de-estudios/trabajo/6076627,Quieres formar parte de la red de Supermercados...,"Quieres formar parte de la red de Supermercados más grande de Chile? 😀🛒
En SMU S.A, queremos que te integres a nuestro equipo de trabajo. Te invitamos a conocernos y unirte a nosotros. Ofrecemos un grato ambiente laboral, donde podrás desarrollarte y crecer de forma permanente, y además un espacio de cercanía y colaboración que distingue a nuestra Compañía. En esta oportunidad estamos en búsqueda de nuestro/a próximo/a Ingeniero(a) de Estudios para desempeñarse en la Región Metropolitana.
Su desafío será diseñar y ejecutar estudios cualitativos y cuantitativos sobre la experiencia de compra de los clientes, contribuyendo a la toma de decisiones informadas y apoyando la generación de planes de acción para mejorar la calidad del servicio entregado.
Dentro de las principales responsabilidades del cargo están:
Realizar el monitoreo del indicador NPS para los diversos formatos de la organización, identificar alertas o desviaciones, para coordinar con las áreas correspondientes para implementar mejoras.
Diseñar y ejecutar estudios a clientes, tanto internos como a nivel de mercado, para generar diagnósticos precisos en diferentes áreas de la organización
Analizar exhaustivamente la información recabada e integrar datos provenientes de diversas fuentes, internas y externas, para extraer insights significativos.
Implementar diversas metodologías de estudio, para obtener una comprensión integral, en el análisis de conocimiento del cliente.
Requisitos:
Título de Ingeniería Comercial, Psicología, Sociología u otra carrera afín.
Al menos 2 años de experiencia en estudios e investigación.
Manejo de herramientas estadísticas, análisis de datos y plataformas de Office.
2 años de experiencia en áreas de investigación de mercado y/o conocimiento y experiencia de clientes.
En SMU apoyamos y promovemos la Ley N°21.015 de Inclusión Laboral. Además nos encontramos certificados en la Norma Chilena NCh: 3262, de Gestión de igualdad de género y conciliación de la vida laboral, familiar y personal. Por esta razón todas nuestras oportunidades laborales están abiertas a personas con discapacidad , y sin ningún tipo de distinción ni discriminación por género. En SMU, nos esforzamos por gestionar un ambiente inclusivo y equitativo para todas las personas.",1,"Requisitos:
Título de Ingeniería Comercial, Psicología, Sociología u otra carrera afín.
Al menos 2 años de experiencia en estudios e investigación.
Manejo de herramientas estadísticas, análisis de datos y plataformas de Office.
2 años de experiencia en áreas de investigación de mercado y/o conocimiento y experiencia de clientes."
Ingeniero/a Devops,Otra Área,"Las Condes, Metropolitana de Santiago",Las Condes,Metropolitana de Santiago,2026-05-29,6075942,smu,2026-07-17,2026-07-29,0.3967,Desarrollador,Jornada Completa,SMU,Universitaria,Chile,3 años,2026-07-28,https://smu.trabajando.cl/trabajo-empleo/ingeniero-a-devops/trabajo/6075942,¿Quieres formar parte de la red de...,"¿Quieres formar parte de la red de Supermercados más grande de Chile? 😃
¡En SMU queremos que te integres a nuestro equipo de trabajo!
Te invitamos a conocernos y unirte a nosotros. Ofrecemos un grato ambiente laboral, donde podrás desarrollarte y crecer de forma permanente, y además un espacio de cercanía y colaboración que distingue a nuestra Compañía.
En esta oportunidad, estamos en búsqueda de un(a) Ingeniero/a Devops, quien tendrá la misión de coordinar y realizar la evolución de la estrategia DevOps y la automatización de la infraestructura tecnológica de la empresa de retail para lograr la excelencia operativa, la resiliencia y el despliegue continuo de valor alineado con los estándares del negocio.
Dentro de sus funciones, deberá:
Coordinar la adopción de metodologías DevOps y la colaboración entre áreas técnicas y de negocio para aportar agilidad en los procesos de entrega y una cultura de integración continua interdepartamental.
Evaluar y diseñar herramientas avanzadas de automatización, observabilidad e infraestructura como código para mantener arquitecturas de sistemas estables, escalables y alineadas con la estrategia de la compañía.
Verificar e inspeccionar el rendimiento de los pipelines CI/CD y su integración con herramientas de seguridad y calidad para lograr despliegues rápidos y estandarizados que reduzcan las incidencias en producción.
Analizar y elaborar lineamientos y buenas prácticas de seguridad en entornos Cloud y DevSecOps en conjunto con ciberseguridad para velar por el cumplimiento de normativas vigentes y mitigar los riesgos operacionales.
Supervisar la gobernanza de los entornos cloud y la sostenibilidad de los recursos tecnológicos para alcanzar la eficiencia de costos (FinOps) y la continuidad operativa requerida por el negocio retail.
Condiciones y Beneficios
Modalidad full presencial
Jornada 40 hrs. semanales
Salida anticipada los días viernes
Medidas de conciliación vida laboral/personal, tales como horas administrativas, bolsa de días de teletrabajo
Aguinaldos y bonos
Seguro de salud general y dental
Requisitos:
Título Universitario en Ingeniería Informática, Computación o afines.
Certificación en GCP associate cloud engineer
Dominio en cloud computing, infraestructura como código, orquestación de contenedores (Docker, Kubernetes), herramientas CI/CD (GitLab CI, Jenkins, ArgoCD), seguridad en DevOps (DevSecOps), observabilidad y scripting.
Mínimo 3 años de experiencia en ingeniería DevOps o roles similares, en implementación de pipelines CI/CD, automatización de infraestructura, gestión de entornos cloud y colaboración transversal con desarrollo, QA y operaciones.
Disponibilidad para trabajar en modalidad full presencial en las Condes, RM.
Deseables
Certificación como Professional Cloud Architect (GCP)
Dominio en otras nubes como AWS o Azure
Certificación DevOps Engineer Professional
Experiencia en el rol en empresas de alto volumen y complejidad
En SMU S.A. apoyamos y promovemos la Ley N°21.015 de Inclusión Laboral. Además nos encontramos certificados en la Norma Chilena NCh: 3262, de Gestión de igualdad de género y conciliación de la vida laboral, familiar y personal. Por esta razón, todas nuestras oportunidades laborales están abiertas a personas con discapacidad, sin ningún tipo de distinción ni discriminación por género. En SMU, nos esforzamos por gestionar un ambiente inclusivo y equitativo para todas las personas.",1,"Título Universitario en Ingeniería Informática, Computación o afines.
Certificación en GCP associate cloud engineer
Dominio en cloud computing, infraestructura como código, orquestación de contenedores (Docker, Kubernetes), herramientas CI/CD (GitLab CI, Jenkins, ArgoCD), seguridad en DevOps (DevSecOps), observabilidad y scripting.
Mínimo 3 años de experiencia en ingeniería DevOps o roles similares, en implementación de pipelines CI/CD, automatización de infraestructura, gestión de entornos cloud y colaboración transversal con desarrollo, QA y operaciones.
Disponibilidad para trabajar en modalidad full presencial en las Condes, RM.
Deseables
Certificación como Professional Cloud Architect (GCP)
Dominio en otras nubes como AWS o Azure
Certificación DevOps Engineer Professional
Experiencia en el rol en empresas de alto volumen y complejidad"
Subgerente(a) de Riesgo Operacional y Fraude,Otra Área,"Las Condes, Metropolitana de Santiago",Las Condes,Metropolitana de Santiago,2026-05-29,6075916,smu,2026-07-17,2026-07-29,0.3248,Subgerente de Área,Jornada Completa,SMU,Universitaria,Chile,5 años,2026-07-28,https://smu.trabajando.cl/trabajo-empleo/subgerente-a-de-riesgo-operacional-y-fraude/trabajo/6075916,¿Quieres formar parte de la red de...,"¿Quieres formar parte de la red de Supermercados más grande de Chile? 😃
¡En SMU queremos que te integres a nuestro equipo de trabajo!
Te invitamos a conocernos y unirte a nosotros. Ofrecemos un grato ambiente laboral, donde podrás desarrollarte y crecer de forma permanente, y además un espacio de cercanía y colaboración que distingue a nuestra Compañía.
En esta oportunidad, estamos en búsqueda de un(a) Subgerente(a) de Riesgo Operacional y Fraude que será parte de la Gerencia de Riesgos de nuestra unidad de negocios de retail financiero, rol que tendrá la importante misión de conducir la estrategia integral de riesgo, fraude y seguridad de la información con el fin de asegurar la continuidad operacional y la mitigación de fraudes en un ecosistema financiero dinámico, previniendo a la Organización de pérdidas y contribuyendo al cumplimiento de sus objetivos dentro del apetito de riesgo definido.
Dentro de sus funciones, deberá:
Definir y liderar la estrategia integral de gestión de fraude, incluyendo la identificación y evaluación de riesgos en todos los procesos de la organización, la definición de mecanismos de autenticación y sus combinaciones según el nivel de riesgo, así como el diseño, implementación y supervisión de controles preventivos, detectivos, monitoreo transaccional y alertas orientadas a prevenir y mitigar el fraude interno y externo.
Controlar el funcionamiento y efectividad de los controles y mecanismos de autenticación implementados en procesos de admisión de clientes, procesos transaccionales, canales digitales y procesos de back office, identificando oportunamente vulnerabilidades, brechas de control y coordinando planes de acción correctivos para su mitigación.
Gestionar los avisos de fraude y reclamos por desconocimiento de compras, aperturas u otras operaciones reportadas por clientes, liderando las investigaciones correspondientes, identificando nuevas tipologías o patrones de fraude, implementando medidas correctivas, manteniendo actualizada la base de pérdidas operacionales y de fraude, y asegurando la generación de reportes regulatorios asociados.
Gestionar el proceso de Prevención de Lavado de Activos y Financiamiento del Terrorismo (PLAFT), en coordinación con el(la) Oficial de Cumplimiento, apoyando la ejecución de controles, revisión de alertas, análisis de antecedentes, gestión de casos y elaboración de reportes regulatorios requeridos por la normativa aplicable.
Liderar las instancias de gobierno asociadas a riesgo operacional, fraude y seguridad de la información, incluyendo la conducción del comité correspondiente y participación en comités ejecutivos y de riesgo, reportando a la administración el estado de los riesgos, incidentes relevantes, avances de planes de acción y proponiendo mejoras a políticas, controles y buenas prácticas.
Revisar indicadores clave de riesgo (KRIs), niveles de servicio (SLAs), disponibilidad de servicios (uptime) y otros indicadores operacionales asociados a servicios internos y externos, identificando desviaciones y coordinando oportunamente con las áreas responsables las acciones necesarias para su mitigación.
Liderar, coordinar y desarrollar al equipo bajo su responsabilidad, asegurando una gestión integral y efectiva del riesgo de fraude, los riesgos operacionales y de seguridad de la información, velando por el cumplimiento de objetivos del área, normativa aplicable, políticas internas, procedimientos y estándares de control, y promoviendo una cultura de gestión de riesgos, cumplimiento y mejora continua.
Requisitos:
Título Profesional en Ingeniería Civil Industrial, Ingeniería Comercial o Ingeniería de Sistemas
Experiencia de al menos 5 años en cargos de jefatura de procesos y/o equipos en áreas de gestión de fraude y/o prevención de fraude y/o gestión de riesgo operacional en el rubro financiero o de retail financiero.
Manejo medio o avanzado de SQL
Conocimientos de sector financiero, en particular, tarjetas de crédito y medios de pago. Conocimiento de la normativa CMF, Ley de Fraude, normativa PLAFT / UAF
Disponibilidad para trabajar en modalidad full presencial en Las Condes, RM.
Postula aquí, ¡te estamos esperando!
En SMU S.A. apoyamos y promovemos la Ley N°21.015 de Inclusión Laboral. Además nos encontramos certificados en la Norma Chilena NCh: 3262, de Gestión de igualdad de género y conciliación de la vida laboral, familiar y personal. Por esta razón, todas nuestras oportunidades laborales están abiertas a personas con discapacidad, sin ningún tipo de distinción ni discriminación por género. En SMU, nos esforzamos por gestionar un ambiente inclusivo y equitativo para todas las personas.",1,"Título Profesional en Ingeniería Civil Industrial, Ingeniería Comercial o Ingeniería de Sistemas
Experiencia de al menos 5 años en cargos de jefatura de procesos y/o equipos en áreas de gestión de fraude y/o prevención de fraude y/o gestión de riesgo operacional en el rubro financiero o de retail financiero.
Manejo medio o avanzado de SQL
Conocimientos de sector financiero, en particular, tarjetas de crédito y medios de pago. Conocimiento de la normativa CMF, Ley de Fraude, normativa PLAFT / UAF
Disponibilidad para trabajar en modalidad full presencial en Las Condes, RM."
Analista Comercial (En Terreno),Otra Área,"Las Condes, Metropolitana de Santiago",Las Condes,Metropolitana de Santiago,2026-05-28,6075634,smu,2026-07-17,2026-07-28,0.3726,Analista,En terreno,SMU,Técnico profesional superior,Chile,2 años,2026-07-27,https://smu.trabajando.cl/trabajo-empleo/analista-comercial-en-terreno/trabajo/6075634,¿Quieres formar parte de la red de...,"¿Quieres formar parte de la red de Supermercados más grande de Chile? 😀
En SMU queremos que te integres a nuestro equipo de trabajo. Te invitamos a conocernos y unirte a nosotros. Ofrecemos un grato ambiente laboral, donde podrás desarrollarte y crecer de forma permanente, y además un espacio de cercanía y colaboración que distingue a nuestra Compañía.
En esta oportunidad estamos en búsqueda de un/a nuevo/a Analista Comercial, quien será responsable de evaluar, coordinar y comprobar la ejecución de las iniciativas comerciales, operacionales y de abastecimiento de nuestros productos de marcas propias en las tiendas, conectando la estrategia comercial con la operación, para velar por su disponibilidad y visibilidad.
Como Analista Comercial tendrás la oportunidad de adquirir una visión 360° tanto de la operación del negocio como de su estrategia, con la misión de fomentar el cumplimiento de lineamientos corporativos en el punto de venta y a la vez levantar oportunidades de mejora que promuevan el cumplimiento de metas comerciales, teniendo contacto frecuente con Gerentes/as y Jefes/as de Tienda.
Dentro de sus funciones estarán:
Dar soporte a tiendas y mantener vínculo permanente con jefes de área de cada formato para levantar brechas y gestionar soluciones, respondiendo a contingencias operativas que mejoren la ejecución comercial en los distintos formatos.
Realizar visitas a locales para levantar tiendas caídas, auditando el cumplimiento de procesos en tienda, incluyendo exhibiciones, promociones, implementación de planogramas, precios entre otros, para lograr identificar desvíos en terreno y activar planes de acción que mejoren disponibilidad, visibilidad, venta y experiencia del cliente.
Analizar información comercial y operacional y elaborar reportería y automatizaciones para apoyar la toma de decisiones, con el fin de aportar visibilidad oportuna y análisis numérico que facilite la gestión comercial, el seguimiento de indicadores y la activación de acciones correctivas.
Gestionar actividades de soporte como recalls, sobrestocks, productos en riesgo normativo y otras contingencias operacionales del negocio para aportar a la minimización de la merma, riesgos operacionales y pérdidas de venta, definiendo e implementando acciones correctivas con las áreas responsables.
Coordinar con Operaciones, Supply, Comercial y otras áreas internas el seguimiento de indicadores críticos de ejecución y abastecimiento, de modo de aportar a la alineación de la estrategia comercial con las áreas de soporte, facilitando la toma de decisiones y el cumplimiento de los objetivos de Marcas Propias.
Monitorear indicadores de ejecución y abastecimiento, levantando alertas sobre quiebres, faltantes, sobrestocks y desvíos relevantes para la operación, para lograr anticipar riesgos y facilitar acciones preventivas que protejan la disponibilidad y la venta.
Condiciones y beneficios
Trabajo en terreno por los distintos locales de nuestros formatos (se estima que un 80% del tiempo el Analista Comercial esté en visitas de locales, y un 20% en oficina central). Se considera la rendición de gastos en combustible en caso de que la persona tenga movilización propia.
Jornada 40 hrs. semanales
Contrato a plazo fijo, luego indefinido
Posibilidades de desarrollo en la Compañía
Beneficios: seguros de salud y dental, beneficios CCAF, medidas de conciliación laboral/personal, descuentos en compras, aguinaldos, entre otros
Requisitos
Formación profesional o técnica en Ingeniería Comercial, Ingeniería Civil, Administración, Logística o carrera afín.
Experiencia de 2 años en áreas comerciales, operaciones, abastecimiento o ejecución en retail, como trade marketing, con conocimiento de indicadores comerciales y operacionales, idealmente en empresas de consumo masivo, retail, Marcas Propias.
Disponibilidad para trabajo en terreno en la Región Metropolitana y fuera de ella.
Manejo intermedio de Excel y PowerPoint.
Deseable contar con licencia de conducir clase B vigente y movilización propia
Deseable manejo SAP
Esperamos tu postulación!!!
En SMU trabajamos por gestionar un ambiente inclusivo y equitativo para todas las personas. Apoyamos y promovemos la Ley N°21.015 de Inclusión Laboral y estamos certificados en la Norma Chilena NCh:3262, de Gestión de igualdad de género y conciliación de la vida laboral, familiar y personal, por lo que todas nuestras oportunidades laborales están abiertas a la participación universal de personas, indistintamente de su género o condición de discapacidad.",1,"Formación superior y título en Administración, Logística o carreras afines.
Experiencia de 2 años en áreas comerciales, operaciones, abastecimiento o ejecución en retail, como trade marketing, con conocimiento de indicadores comerciales y operacionales, idealmente en empresas de consumo masivo, retail, Marcas Propias.
Disponibilidad para trabajo en terreno.
Manejo intermedio de Excel y PowerPoint.
Deseable contar con licencia de conducir clase B vigente y movilización propia
Deseable manejo SAP"
Subgerente(a) de Operaciones Logísticas,Otra Área,"Pudahuel, Metropolitana de Santiago",Pudahuel,Metropolitana de Santiago,2026-05-28,6075154,smu,2026-07-17,2026-07-28,0.3942,Subgerente de Área,Jornada Completa,SMU Logística,Universitaria,Chile,8 años,2026-07-27,https://smu.trabajando.cl/trabajo-empleo/subgerente-a-de-operaciones-logisticas/trabajo/6075154,"¿Te apasionan los grandes desafíos,...","¿Te apasionan los grandes desafíos, la mejora continua y el liderazgo de equipos bajo estándares de alto desempeño?
En SMU División Logística estamos en búsqueda de un(a) Subgerente(a) de Operaciones Logísticas para liderar nuestro Centro de Distribución de consumo masivo ubicado en la Zona Norte de Santiago.
¿Cuál será tu principal desafío?
Serás el principal responsable de garantizar la eficiencia, continuidad y optimización de toda la cadena operativa dentro del Centro de Distribución, liderando la estrategia logística y potenciando el desarrollo de un equipo de gran escala.
Principales Responsabilidades:
Liderar, gestionar y motivar a un equipo operativo de más de 200 personas.
Administrar y optimizar los recursos del Centro de Distribución para asegurar el cumplimiento de los KPIs de productividad, calidad, brecha, nivel de servicio y seguridad, entre otros.
Liderar proyectos estructurales y procesos de mejora continua en las operaciones.
Implementar y promover la cultura de metodologías como Lean, 5S u otras afines para la optimización de procesos.
Asegurar el correcto abastecimiento y distribución en el rubro de consumo masivo.
🎓 Requisitos del Perfil:
Título de Ingeniería Civil Industrial o carrera universitaria afín.
Experiencia comprobable de al menos 5 años liderando equipos de trabajo grandes (superiores a 200 personas).
Experiencia en la industria: Experiencia previa en operaciones logísticas, idealmente en centros de distribución de consumo masivo, retail o similar.
Experiencia en manejos de sistemas WMS (Warehouse Management System) y/o EWM SAP (Extended Warehouse Management)
Conocimientos técnicos: Sólido dominio y experiencia práctica en metodologías de mejora continua (Lean, 5S, Six Sigma, etc.) y gestión de proyectos.
Si buscas un entorno dinámico, con un fuerte enfoque en metodologías ágiles y con proyecciones reales de desarrollo profesional, ¡esta oportunidad es para ti!
¿Qué ofrecemos?
Ubicación: Centro de Distribución en la Zona Norte de Santiago.
Desarrollo profesional: Excelente proyección y oportunidades de crecimiento futuro dentro de la compañía.
Ser parte de una empresa líder, dinámica y orientada a la excelencia operacional.",1,"Título de Ingeniería Civil Industrial o carrera universitaria afín.
Experiencia comprobable de al menos 5 años liderando equipos de trabajo grandes (superiores a 200 personas) en área de operaciones logísticas, idealmente en centros de distribución de consumo masivo, retail o similar.
Experiencia en manejos de sistemas WMS (Warehouse Management System) y/o EWM SAP (Extended Warehouse Management)
Conocimientos técnicos: Sólido dominio y experiencia práctica en metodologías de mejora continua (Lean, 5S, Six Sigma, etc.) y gestión de proyectos."
Operadores(as) Sala Ventas -Full time 40 hrs y Part Time 30 hrs Las Condes,Otra Área,"Las Condes, Metropolitana de Santiago",Las Condes,Metropolitana de Santiago,2026-05-27,6074896,smu,2026-07-17,2026-07-27,0.3364,Auxiliar,Jornada Completa,SMU,Media,Chile,,2026-07-26,https://smu.trabajando.cl/trabajo-empleo/operadores-as-sala-ventas-full-time-40-hrs-y-part-time-30-hrs-las-condes/trabajo/6074896,Mayorista ALVI requiere contratar Operarios/as...,"Mayorista ALVI requiere contratar Operarios/as Sala de Ventas, para trabajar en nuestro local ubicado en la comuna de Las Condes.
Funciones:
Ejecutar las operaciones básicas del local, apoyar en las tareas correspondientes a caja, sala y bodega del local asignado, velando por cumplir con los diferentes protocolos, normativas y procedimientos definidos por la compañía, aportando en el flujo operacional en beneficio del cliente y del negocio, según los lineamientos del formato ALVI.
¡No se requiere experiencia, sólo tus ganas de sumarte a nuestro equipo!
Jornada disponible:
Part Time 30 Hrs: Lunes a domingo 6x1 y 5x2 (turnos rotativos), 2 domingos libres al mes
Full-Time: Lunes a Domingo 6x1 - 5x2 (turnos rotativos) 2 domingos libres al mes.
(Horarios de acuerdo al cierre y apertura del local)
En ALVI, estamos comprometidos con la implementación de un Sistema de Gestión de Igualdad de Género y Conciliación, alineado con los estándares de la NCh:3262 vigente. Además, cumplimos con lo establecido en la Ley N°21.015, que promueve la igualdad de oportunidades en el ámbito laboral.",7,"-Enseñanza media completa
-Ideal experiencia como Operario en Supermercados o Retail (Requisito no Excluyente)"
Administrador-Gerente de Tienda Retail -Batuco,Otra Área,"Lampa, Metropolitana de Santiago",Lampa,Metropolitana de Santiago,2026-05-25,6073521,smu,2026-07-17,2026-07-25,0.4682,Administrador,Jornada Completa,SMU,Técnico profesional superior,Chile,2 años,2026-07-24,https://smu.trabajando.cl/trabajo-empleo/administrador-gerente-de-tienda-retail-batuco/trabajo/6073521,Cadena de Retail supermercadista requiere...,"Cadena de Retail supermercadista requiere contratar 'Administrador/a' para una de nuestras sucursales ubicadas en la comuna de Batuco
Su principal objetivo será planificar, coordinar y controlar el proceso de entrega del servicio a nuestros clientes para cumplir con las metas de ingresos, gastos y resultados de la tienda de su responsabilidad, asegurando la ejecución de los estándares operacionales, de seguridad, calidad y gestión del equipo definidos por el supermercado.
Importante: -Experiencia como Administrador, Sub-Administrador, Gerente de tienda, etc. en cadenas de Retail supermercadista. -Residencia en la zona.
Ofrecemos: -Estabilidad laboral. -Beneficios asociados. -Bonos complementarios. -Seguro de salud.
Requisitos:
Título Técnico de Nivel Superior o Universitario en áreas de Administración, Logística o afines.
Experiencia de al menos 2 años liderando equipos de trabajo en empresas de retail, supermercados, logistica (construcción), consumo masivo, entre otras.
Promovemos la Ley 21.015 de Inclusión Laboral, por esta razón todas nuestras oportunidades laborales están abiertos a personas con discapacidad.",1,"Título Técnico de Nivel Superior o Universitario en áreas de Administración, Logística o afines.
Experiencia de al menos 2 años liderando equipos de trabajo en empresas de retail, supermercados, logistica (construcción), consumo masivo, entre otras."
Coordinador(a) de Proyectos de Ingeniería,Otra Área,"Santiago, Metropolitana de Santiago",Santiago,Metropolitana de Santiago,2026-05-22,6073115,smu,2026-07-17,2026-07-22,0.352,Coordinador,En terreno,SMU,Técnico profesional superior,Chile,3 años,2026-07-21,https://smu.trabajando.cl/trabajo-empleo/coordinador-a-de-proyectos-de-ingenieria/trabajo/6073115,¿Quieres formar parte de la red de...,"¿Quieres formar parte de la red de Supermercados más grande de Chile? 😀🛒
En SMU S.A, queremos que te integres a nuestro equipo de trabajo. Te invitamos a conocernos y unirte a nosotros. Ofrecemos un grato ambiente laboral, donde podrás desarrollarte y crecer de forma permanente, y además un espacio de cercanía y colaboración que distingue a nuestra Compañía. En esta oportunidad estamos en búsqueda de nuestro/a próximo/a Coordinador(a) de Proyectos de Ingeniería para desempeñarse en la Región Metropolitana.
Su desafío será planificar, coordinar y revisar el desarrollo de proyectos de ingeniería velando por el cumplimiento de plazos, calidad y parámetros de diseño de las diferentes especialidades, con el fin de cumplir con los requerimientos operacionales, plan de expansión, apertura de locales y lineamiento de la compañía para sus diferentes formatos.
Dentro de las principales responsabilidades del cargo están:
- Brindar soporte técnico a las áreas de arquitectura, operaciones, mantenimiento, construcción y remodelaciones.
- Evaluar técnicamente proyectos nuevos, remodelaciones y regularizaciones, asegurando el cumplimiento de estándares, normativa vigente y criterios de diseño.
- Coordinar el desarrollo de proyectos de especialidades, tales como electricidad, eficiencia energética, refrigeración, climatización, sanitario, seguridad, PCI, entre otros.
- Gestionar y coordinar asesores externos, proveedores, desarrolladores y equipos internos durante las distintas etapas del proyecto.
- Programar, controlar y dar seguimiento al avance de los proyectos, participando en reuniones de coordinación y revisión.
- Revisar, liberar y dar soporte técnico en sets de licitación y construcción, resolviendo consultas durante las etapas de licitación y obra.
- Realizar visitas a locales en construcción para verificar el cumplimiento de especificaciones técnicas y criterios definidos.
- Gestionar observaciones, recepciones de obra y evaluación de desempeño de la ITO de especialidades.
- Controlar solicitudes de órdenes de compra, estados de pago y documentación asociada a proveedores y proyectos.
Requisitos:
- Título de Ingeniería Civil, en Ejecución o Técnico nivel superior en Electricidad y Refrigeración.
- 3 años de experiencia en cargos similares.
- Experiencia como coordinador(a) de especialidades.
- Experiencia en Retail.
- Movilización propia y licencia de conducir clase B (deseable).
- Manejo de Microsoft Excel nivel avanzado.
- Manejo de SAP nivel intermedio.
- Manejo de Autocad (deseable).
En SMU apoyamos y promovemos la Ley N°21.015 de Inclusión Laboral. Además nos encontramos certificados en la Norma Chilena NCh: 3262, de Gestión de igualdad de género y conciliación de la vida laboral, familiar y personal. Por esta razón todas nuestras oportunidades laborales están abiertas a personas con discapacidad , y sin ningún tipo de distinción ni discriminación por género. En SMU, nos esforzamos por gestionar un ambiente inclusivo y equitativo para todas las personas.",1,"- Título de Ingeniería Civil, en Ejecución o Técnico nivel superior en Electricidad y Refrigeración.
- 3 años de experiencia en cargos similares.
- Experiencia como coordinador(a) de especialidades.
- Experiencia en Retail.
- Movilización propia y licencia de conducir clase B (deseable).
- Manejo de Microsoft Excel nivel avanzado.
- Manejo de SAP nivel intermedio.
- Manejo de Autocad (deseable)."
Supervisor(a) Control Cajas - RM,Otra Área,"Santiago, Metropolitana de Santiago",Santiago,Metropolitana de Santiago,2026-05-19,6071747,smu,2026-07-17,2026-07-19,0.368,Supervisor,Jornada Completa,SMU,Técnico profesional superior,Chile,4 años,2026-07-18,https://smu.trabajando.cl/trabajo-empleo/supervisor-a-control-cajas-rm/trabajo/6071747,¿Quieres formar parte de la red de...,"¿Quieres formar parte de la red de Supermercados más grande de Chile? 🛒😁
En SMU queremos que te integres a nuestro equipo de trabajo. Te invitamos a conocernos y unirte a nosotros. Ofrecemos un grato ambiente laboral, donde podrás desarrollarte y crecer de forma permanente, y además un espacio de cercanía y colaboración que distingue a nuestra Compañía. En esta oportunidad estamos en búsqueda de un/a Supervisor/a Control Caja, quien será responsable de evaluar y controlar los locales de la zona y formato asignados, para velar por el cumplimiento de las normas y procedimientos establecidos por la compañía.
Dentro de sus funciones, deberá:
Supervisar las normas, procedimientos y KPI's diseñados por el área de Seguridad en cajas.
Elaborar rutas de visitas en los locales asignados mensualmente, con el propósito de verificar la adhesión a procesos a los controles y procedimientos impartidos por la Compañía.
Ratificar como ministro de fe, ante siniestros, la envergadura de la situación, para entregar el máximo de información posible a quienes se estime conveniente y emitir el informe respectivo a su jefatura.
Realizar la investigación interna ante eventos de pérdida de valores en el área de cajas en los locales, recabar evidencias de la investigación y emitir el informe respectivo a su jefatura.
Realizar el cierre y apertura de caja chica ante cambios o necesidad de suplir esta función del/la Administrador/a del Local.
Requisitos:
Título Técnico en Auditoría, en Administración de Empresas, Contabilidad o similar 🎓
+4 años en cajas retail o 2 en auditoría interna, con experiencia en investigaciones internas🕵
Disponibilidad para trabajar en terreno, visitando locales y dando soporte a las tiendas adscritas a la zona asignada
Disponibilidad para viajar a regiones ocasionalmente
Excel intermedio y habilidades de redacción💻
Deseable: Licencia de conducir clase B vigente 🚗
Esperamos tu postulación!!!
En SMU trabajamos por gestionar un ambiente inclusivo y equitativo para todas las personas. Apoyamos y promovemos la Ley N°21.015 de Inclusión Laboral y estamos certificados en la Norma Chilena NCh:3262, de Gestión de igualdad de género y conciliación de la vida laboral, familiar y personal, por lo que todas nuestras oportunidades laborales están abiertas a la participación universal de personas, indistintamente de su género o condición de discapacidad.",1,"Título Técnico en Auditoría, en Administración de Empresas, Contabilidad o similar 🎓
+4 años en cajas retail o 2 en auditoría interna🕵
Disponibilidad para trabajar en terreno, visitando locales y dando soporte a las tiendas adscritas a la zona asignada
Disponibilidad para viajar a regiones ocasionalmente
Excel intermedio y habilidades de redacción💻
Deseable: Licencia de conducir clase B vigente 🚗"
